{
  "turnId" : "8.3",
  "player" : "Ghost",
  "chats" : [ {
    "timestamp" : "5-Mar 17:57",
    "message" : "START OF UNLOCK PHASE.",
    "source" : "Ghost"
  }, {
    "timestamp" : "5-Mar 18:12",
    "message" : "Ghost unlocks.",
    "command" : "unlock Ghost"
  }, {
    "timestamp" : "5-Mar 18:13",
    "message" : "START OF MASTER PHASE.",
    "source" : "Ghost"
  }, {
    "timestamp" : "5-Mar 18:13",
    "message" : "Ghost removes 1 blood from <span class='card-name' data-card-id='100019'>Acquired Ventrue Assets</span> #5, now 0",
    "command" : "counter 18 -1"
  }, {
    "timestamp" : "5-Mar 18:13",
    "message" : "Ghost burns <span class='card-name' data-card-id='100019'>Acquired Ventrue Assets</span> #5 from ready region",
    "command" : "move 18 Ghost ashheap bottom"
  }, {
    "timestamp" : "5-Mar 18:13",
    "message" : "Ghost's pool was 10, now is 11.",
    "command" : "pool Ghost 11"
  }, {
    "timestamp" : "5-Mar 18:13",
    "message" : "Ghost plays <span class='card-name' data-card-id='100019'>Acquired Ventrue Assets</span> to ready region",
    "command" : "move 17 Ghost ready region bottom"
  }, {
    "timestamp" : "5-Mar 18:13",
    "message" : "Ghost draws from library",
    "command" : "draw library hand"
  }, {
    "timestamp" : "5-Mar 18:13",
    "message" : "Ghost adds 5 blood to <span class='card-name' data-card-id='100019'>Acquired Ventrue Assets</span> #13, now 5",
    "command" : "counter 17 5"
  }, {
    "timestamp" : "5-Mar 18:13",
    "message" : "Suddens?",
    "source" : "Ghost"
  }, {
    "timestamp" : "5-Mar 20:39",
    "message" : "no",
    "source" : "Kal-El"
  }, {
    "timestamp" : "5-Mar 22:12",
    "message" : "Nsw",
    "source" : "Ankha"
  }, {
    "timestamp" : "6-Mar 12:28",
    "message" : "START OF MINION PHASE.",
    "source" : "Ghost"
  }, {
    "timestamp" : "6-Mar 12:28",
    "message" : "Ghost locks <span class='card-name' data-card-id='201209'>Rudolfo Giovanni</span>",
    "command" : "tap 5"
  }, {
    "timestamp" : "6-Mar 12:28",
    "message" : "Hunt",
    "source" : "Ghost"
  }, {
    "timestamp" : "9-Mar 09:28",
    "message" : "Nb stealth",
    "source" : "Ankha"
  }, {
    "timestamp" : "10-Mar 16:06",
    "message" : "Nb",
    "source" : "Kal-El"
  }, {
    "timestamp" : "10-Mar 16:26",
    "message" : "Ghost adds 1 blood to <span class='card-name' data-card-id='201209'>Rudolfo Giovanni</span>, now 1",
    "command" : "counter 5 1"
  }, {
    "timestamp" : "10-Mar 16:27",
    "message" : "Ghost locks <span class='card-name' data-card-id='100475'>Cry Wolf</span>",
    "command" : "tap 66"
  }, {
    "timestamp" : "10-Mar 16:27",
    "message" : "Enter combat with Montano",
    "source" : "Ghost"
  }, {
    "timestamp" : "10-Mar 17:55",
    "message" : "nb",
    "source" : "Ankha"
  }, {
    "timestamp" : "10-Mar 18:04",
    "message" : "I intend to smack for 2, press, smack for 2",
    "source" : "Ghost"
  }, {
    "timestamp" : "12-Mar 09:31",
    "message" : "that looks strong",
    "source" : "Ankha"
  }, {
    "timestamp" : "12-Mar 09:31",
    "message" : "Ankha removes 4 blood from <span class='card-name' data-card-id='201006'>Montano</span>, now 2",
    "command" : "counter 201 -4"
  }, {
    "timestamp" : "12-Mar 09:31",
    "message" : "h1",
    "source" : "Ankha"
  }, {
    "timestamp" : "12-Mar 09:31",
    "message" : "twice",
    "source" : "Ankha"
  }, {
    "timestamp" : "12-Mar 09:33",
    "message" : "Ghost removes 1 blood from <span class='card-name' data-card-id='100475'>Cry Wolf</span>, now 2",
    "command" : "counter 66 -1"
  }, {
    "timestamp" : "12-Mar 09:33",
    "message" : "Ghost removes 1 blood from <span class='card-name' data-card-id='100475'>Cry Wolf</span>, now 1",
    "command" : "counter 66 -1"
  }, {
    "timestamp" : "12-Mar 09:34",
    "message" : "Ghost locks <span class='card-name' data-card-id='100633'>Embrace, The</span> #7",
    "command" : "tap 44"
  }, {
    "timestamp" : "12-Mar 09:34",
    "message" : "Get a Khazar wraith from ashheap",
    "source" : "Ghost"
  }, {
    "timestamp" : "12-Mar 09:35",
    "message" : "Block?",
    "source" : "Ghost"
  }, {
    "timestamp" : "12-Mar 13:52",
    "message" : "Nb stealth",
    "source" : "Ankha"
  }, {
    "timestamp" : "12-Mar 18:53",
    "message" : "Nb",
    "source" : "Kal-El"
  }, {
    "timestamp" : "12-Mar 18:58",
    "message" : "Ghost moves <span class='card-name' data-card-id='100475'>Cry Wolf</span> to Ghost's ready region",
    "command" : "move 67 Ghost ready region bottom"
  }, {
    "timestamp" : "12-Mar 18:58",
    "message" : "<span class='card-name' data-card-id='100475'>Cry Wolf</span> now \"Khazar Wraith, 0 strength, 1 bleed and +1 stealth\""
  }, {
    "timestamp" : "12-Mar 18:58",
    "message" : "Ghost adds 1 blood to <span class='card-name' data-card-id='100475'>Cry Wolf</span>, now 1",
    "command" : "counter 67 1"
  }, {
    "timestamp" : "12-Mar 18:58",
    "message" : "Ghost locks <span class='card-name' data-card-id='201101'>Paul DiCarlo, The Alpha</span>",
    "command" : "tap 6"
  }, {
    "timestamp" : "12-Mar 18:58",
    "message" : "Same action, blocks Kal-El?",
    "source" : "Ghost"
  }, {
    "timestamp" : "12-Mar 19:00",
    "message" : "Nb",
    "source" : "Kal-El"
  }, {
    "timestamp" : "12-Mar 19:10",
    "message" : "Ghost moves <span class='card-name' data-card-id='100579'>Draeven Softfoot</span> to Ghost's ready region",
    "command" : "move 59 Ghost ready region bottom"
  }, {
    "timestamp" : "12-Mar 19:10",
    "message" : "<span class='card-name' data-card-id='100579'>Draeven Softfoot</span> now \"Khazar Wraith, 0 strength, 1 bleed and +1 stealth\""
  }, {
    "timestamp" : "12-Mar 19:10",
    "message" : "Ghost locks <span class='card-name' data-card-id='200834'>Lia Milliner</span>",
    "command" : "tap 2"
  }, {
    "timestamp" : "12-Mar 19:10",
    "message" : "Ghost plays <span class='card-name' data-card-id='100298'>Carlton Van Wyk</span> to ready region",
    "command" : "move 73 Ghost ready region bottom"
  }, {
    "timestamp" : "12-Mar 19:10",
    "message" : "Ghost draws from library",
    "command" : "draw library hand"
  }, {
    "timestamp" : "12-Mar 19:11",
    "message" : "Blocks, Kal-El?",
    "source" : "Ghost"
  }, {
    "timestamp" : "13-Mar 05:31",
    "message" : "Nb",
    "source" : "Kal-El"
  }, {
    "timestamp" : "13-Mar 14:10",
    "message" : "Ghost's pool was 11, now is 10.",
    "command" : "pool Ghost 10"
  }, {
    "timestamp" : "13-Mar 14:10",
    "message" : "Ghost adds 1 blood to <span class='card-name' data-card-id='100298'>Carlton Van Wyk</span>, now 1",
    "command" : "counter 73 1"
  }, {
    "timestamp" : "13-Mar 14:10",
    "message" : "Ghost's pool was 10, now is 9.",
    "command" : "pool Ghost 9"
  }, {
    "timestamp" : "13-Mar 14:10",
    "message" : "Ghost adds 1 blood to <span class='card-name' data-card-id='100298'>Carlton Van Wyk</span>, now 2",
    "command" : "counter 73 1"
  }, {
    "timestamp" : "13-Mar 14:10",
    "message" : "START OF DISCARD PHASE.",
    "source" : "Ghost"
  }, {
    "timestamp" : "13-Mar 14:10",
    "message" : "Ghost plays <span class='card-name' data-card-id='102079'>Unmasking, The</span> to ready region",
    "command" : "move 76 Ghost ready region bottom"
  } ]
}