{
  "turnId" : "9.3",
  "player" : "Ghost",
  "chats" : [ {
    "timestamp" : "29-Mar 21:18",
    "message" : "START OF UNLOCK PHASE.",
    "source" : "Ghost"
  }, {
    "timestamp" : "30-Mar 23:59",
    "message" : "Ghost unlocks.",
    "command" : "unlock Ghost"
  }, {
    "timestamp" : "31-Mar 00:02",
    "message" : "START OF MINION PHASE.",
    "source" : "Ghost"
  }, {
    "timestamp" : "31-Mar 00:02",
    "message" : "Ghost locks <span class='card-name' data-card-id='201101'>Paul DiCarlo, The Alpha</span>",
    "command" : "tap 6"
  }, {
    "timestamp" : "31-Mar 00:02",
    "message" : "Ghost plays <span class='card-name' data-card-id='101895'>Sudario Refraction</span>",
    "command" : "move 32 Ghost ashheap bottom"
  }, {
    "timestamp" : "31-Mar 00:02",
    "message" : "Ghost draws from library",
    "command" : "draw library hand"
  }, {
    "timestamp" : "31-Mar 00:02",
    "message" : "Block?",
    "source" : "Ghost"
  }, {
    "timestamp" : "31-Mar 08:57",
    "message" : "Nb stealth",
    "source" : "Ankha"
  }, {
    "timestamp" : "31-Mar 08:57",
    "message" : "You have to announce the cards you want to retrieve",
    "source" : "Ankha"
  }, {
    "timestamp" : "31-Mar 10:48",
    "message" : "Nb",
    "source" : "Kal-El"
  }, {
    "timestamp" : "31-Mar 11:32",
    "message" : "Ghost, as part of the Sudario declaration and before people would decide to block or not, you need to tell the 3 cards in your ash heap that you intend to recover with the Sudario ;)",
    "source" : "acbishop"
  }, {
    "timestamp" : "31-Mar 13:34",
    "message" : "Hmm, let&#39;s see",
    "source" : "Ghost"
  }, {
    "timestamp" : "31-Mar 13:35",
    "message" : "How about Deflection, Deflection... and Deflection",
    "source" : "Ghost"
  }, {
    "timestamp" : "31-Mar 13:35",
    "message" : "Ghost moves <span class='card-name' data-card-id='100518'>Deflection</span> #8 to Ghost's library",
    "command" : "move 79 Ghost library bottom"
  }, {
    "timestamp" : "31-Mar 13:35",
    "message" : "Ghost moves <span class='card-name' data-card-id='100518'>Deflection</span> #9 to Ghost's library",
    "command" : "move 83 Ghost library bottom"
  }, {
    "timestamp" : "31-Mar 13:36",
    "message" : "Ghost moves <span class='card-name' data-card-id='100518'>Deflection</span> #3 to Ghost's library",
    "command" : "move 81 Ghost library bottom"
  }, {
    "timestamp" : "31-Mar 13:36",
    "message" : "Ghost discards <span class='card-name' data-card-id='100475'>Cry Wolf</span> (picked randomly)",
    "command" : "move 70 Ghost ashheap top"
  }, {
    "timestamp" : "31-Mar 13:36",
    "message" : "Ghost discards <span class='card-name' data-card-id='100249'>Breath of Thanatos</span> (picked randomly)",
    "command" : "move 88 Ghost ashheap top"
  }, {
    "timestamp" : "31-Mar 13:36",
    "message" : "Ghost discards <span class='card-name' data-card-id='102113'>Vessel</span> (picked randomly)",
    "command" : "move 14 Ghost ashheap top"
  }, {
    "timestamp" : "31-Mar 13:37",
    "message" : "Ghost draws from library",
    "command" : "draw library hand"
  }, {
    "timestamp" : "31-Mar 13:37",
    "message" : "Ghost moves hand #4 to Ghost's library",
    "command" : "move 64 Ghost library bottom"
  }, {
    "timestamp" : "31-Mar 13:37",
    "message" : "Draw command did not draw Deflection... guess they went to the bottom",
    "source" : "Ghost"
  }, {
    "timestamp" : "31-Mar 13:38",
    "message" : "Looks at 27 cards of library.",
    "source" : "Ghost"
  }, {
    "timestamp" : "31-Mar 13:38",
    "message" : "Ghost moves <span class='card-name' data-card-id='101321'>On the Qui Vive</span> #24 to Ghost's hand",
    "command" : "move 86 Ghost hand bottom"
  }, {
    "timestamp" : "31-Mar 13:38",
    "message" : "Ghost moves <span class='card-name' data-card-id='101401'>Piper</span> #24 to Ghost's hand",
    "command" : "move 23 Ghost hand bottom"
  }, {
    "timestamp" : "31-Mar 13:38",
    "message" : "Ghost moves <span class='card-name' data-card-id='102079'>Unmasking, The</span> #24 to Ghost's hand",
    "command" : "move 75 Ghost hand bottom"
  }, {
    "timestamp" : "31-Mar 13:38",
    "message" : "what the",
    "source" : "Ghost"
  }, {
    "timestamp" : "31-Mar 13:39",
    "message" : "I am not sure what is happening here",
    "source" : "Ghost"
  }, {
    "timestamp" : "31-Mar 13:39",
    "message" : "Oh shoot, drew from ash",
    "source" : "Ghost"
  }, {
    "timestamp" : "31-Mar 13:39",
    "message" : "sorry guys, give me a sec",
    "source" : "Ghost"
  }, {
    "timestamp" : "31-Mar 13:39",
    "message" : "Ghost moves <span class='card-name' data-card-id='101321'>On the Qui Vive</span> #4 to Ghost's ashheap",
    "command" : "move 86 Ghost ashheap bottom"
  }, {
    "timestamp" : "31-Mar 13:39",
    "message" : "Ghost moves <span class='card-name' data-card-id='101401'>Piper</span> #4 to Ghost's ashheap",
    "command" : "move 23 Ghost ashheap bottom"
  }, {
    "timestamp" : "31-Mar 13:39",
    "message" : "Ghost moves <span class='card-name' data-card-id='102079'>Unmasking, The</span> #4 to Ghost's ashheap",
    "command" : "move 75 Ghost ashheap bottom"
  }, {
    "timestamp" : "31-Mar 13:40",
    "message" : "Ghost moves library #24 to Ghost's hand",
    "command" : "move 79 Ghost hand bottom"
  }, {
    "timestamp" : "31-Mar 13:40",
    "message" : "Ghost moves library #24 to Ghost's hand",
    "command" : "move 83 Ghost hand bottom"
  }, {
    "timestamp" : "31-Mar 13:40",
    "message" : "Ghost moves library #24 to Ghost's hand",
    "command" : "move 81 Ghost hand bottom"
  }, {
    "timestamp" : "31-Mar 13:40",
    "message" : "Shuffle Ghost's library",
    "command" : "shuffle Ghost library 0"
  }, {
    "timestamp" : "31-Mar 13:40",
    "message" : "Sorry about that",
    "source" : "Ghost"
  }, {
    "timestamp" : "31-Mar 13:40",
    "message" : "All good now",
    "source" : "Ghost"
  }, {
    "timestamp" : "31-Mar 13:41",
    "message" : "Also forgot to use AVA... crap",
    "source" : "Ghost"
  }, {
    "timestamp" : "31-Mar 13:41",
    "message" : "Not focused at all",
    "source" : "Ghost"
  }, {
    "timestamp" : "31-Mar 13:42",
    "message" : "START OF DISCARD PHASE.",
    "source" : "Ghost"
  }, {
    "timestamp" : "31-Mar 13:42",
    "message" : "Ghost discards <span class='card-name' data-card-id='101046'>Khazar's Diary (Endless Night)</span>",
    "command" : "move 37 Ghost ashheap top"
  }, {
    "timestamp" : "31-Mar 13:42",
    "message" : "Ghost draws from library",
    "command" : "draw library hand"
  } ]
}