{
  "turnId" : "3.4",
  "player" : "chriss",
  "chats" : [ {
    "timestamp" : "4-Jan 10:50",
    "message" : "START OF UNLOCK PHASE.",
    "source" : "chriss"
  }, {
    "timestamp" : "4-Jan 10:50",
    "message" : "use burn option",
    "source" : "acbishop"
  }, {
    "timestamp" : "4-Jan 10:50",
    "message" : "acbishop discards <span class='card-name' data-card-id='102076'>Unleash Hell's Fury</span>",
    "command" : "move 418 acbishop ashheap top"
  }, {
    "timestamp" : "4-Jan 10:50",
    "message" : "acbishop draws from library",
    "command" : "draw library hand"
  }, {
    "timestamp" : "4-Jan 12:24",
    "message" : "Ankha's pool was 14, now is 13.",
    "command" : "pool Ankha 13"
  }, {
    "timestamp" : "4-Jan 12:24",
    "message" : "Pool lost",
    "source" : "Ankha"
  }, {
    "timestamp" : "5-Jan 04:55",
    "message" : "chriss unlocks.",
    "command" : "unlock chriss"
  }, {
    "timestamp" : "5-Jan 04:55",
    "message" : "chriss locks <span class='card-name' data-card-id='200394'>Dylan</span>",
    "command" : "tap 93"
  }, {
    "timestamp" : "5-Jan 04:55",
    "message" : "Bleed",
    "source" : "chriss"
  }, {
    "timestamp" : "5-Jan 20:32",
    "message" : "No block",
    "source" : "Ghost"
  }, {
    "timestamp" : "6-Jan 02:49",
    "message" : "1 big one",
    "source" : "chriss"
  }, {
    "timestamp" : "6-Jan 02:50",
    "message" : "sorry",
    "source" : "chriss"
  }, {
    "timestamp" : "6-Jan 02:50",
    "message" : "Dylan&#39;s got &#43;1 bleed, so for 2",
    "source" : "chriss"
  }, {
    "timestamp" : "6-Jan 11:49",
    "message" : "Ghost plays <span class='card-name' data-card-id='100518'>Deflection</span> at <span class='icon DOM'></span>",
    "command" : "move 83 Ghost ashheap bottom"
  }, {
    "timestamp" : "6-Jan 11:49",
    "message" : "Ghost draws from library",
    "command" : "draw library hand"
  }, {
    "timestamp" : "6-Jan 11:49",
    "message" : "Ghost removes 1 blood from <span class='card-name' data-card-id='200525'>Gloria Giovanni</span>, now 3",
    "command" : "counter 7 -1"
  }, {
    "timestamp" : "6-Jan 11:49",
    "message" : "Send it to Kal-El",
    "source" : "Ghost"
  }, {
    "timestamp" : "6-Jan 12:04",
    "message" : "kal cannot block, so edge for Chriss",
    "source" : "acbishop"
  }, {
    "timestamp" : "6-Jan 12:04",
    "message" : "chriss grabs edge from no one.",
    "command" : "edge chriss"
  }, {
    "timestamp" : "6-Jan 13:42",
    "message" : "Kal-El's pool was 21, now is 19.",
    "command" : "pool Kal-El 19"
  }, {
    "timestamp" : "7-Jan 01:58",
    "message" : "Sorry Kal",
    "source" : "chriss"
  }, {
    "timestamp" : "7-Jan 01:59",
    "message" : "chriss's pool was 17, now is 16.",
    "command" : "pool chriss 16"
  }, {
    "timestamp" : "7-Jan 01:59",
    "message" : "chriss adds 1 blood to inactive region #2, now 2",
    "command" : "counter 98 1"
  }, {
    "timestamp" : "7-Jan 01:59",
    "message" : "chriss's pool was 16, now is 15.",
    "command" : "pool chriss 15"
  }, {
    "timestamp" : "7-Jan 01:59",
    "message" : "chriss adds 1 blood to inactive region #2, now 3",
    "command" : "counter 98 1"
  }, {
    "timestamp" : "7-Jan 01:59",
    "message" : "chriss's pool was 15, now is 14.",
    "command" : "pool chriss 14"
  }, {
    "timestamp" : "7-Jan 01:59",
    "message" : "chriss adds 1 blood to inactive region #2, now 4",
    "command" : "counter 98 1"
  }, {
    "timestamp" : "7-Jan 01:59",
    "message" : "chriss's pool was 14, now is 13.",
    "command" : "pool chriss 13"
  }, {
    "timestamp" : "7-Jan 01:59",
    "message" : "chriss adds 1 blood to inactive region #2, now 5",
    "command" : "counter 98 1"
  }, {
    "timestamp" : "7-Jan 01:59",
    "message" : "chriss plays <span class='card-name' data-card-id='200798'>Kyoko Shinsegawa</span> to ready region",
    "command" : "move 98 chriss ready region bottom"
  }, {
    "timestamp" : "7-Jan 01:59",
    "message" : "Capacity of <span class='card-name' data-card-id='200798'>Kyoko Shinsegawa</span> now 5",
    "command" : "capacity 98 5"
  }, {
    "timestamp" : "7-Jan 01:59",
    "message" : "chriss discards <span class='card-name' data-card-id='101942'>Target Vitals</span>",
    "command" : "move 159 chriss ashheap top"
  }, {
    "timestamp" : "7-Jan 01:59",
    "message" : "chriss draws from library",
    "command" : "draw library hand"
  } ]
}