{
  "turnId" : "1.3",
  "player" : "acbishop",
  "chats" : [ {
    "timestamp" : "31-Dec 14:52",
    "message" : "START OF UNLOCK PHASE.",
    "source" : "acbishop"
  }, {
    "timestamp" : "31-Dec 14:54",
    "message" : "START OF MASTER PHASE.",
    "source" : "acbishop"
  }, {
    "timestamp" : "31-Dec 14:55",
    "message" : "Zillah&#39;s valley on uncontrolled 3",
    "source" : "acbishop"
  }, {
    "timestamp" : "31-Dec 14:55",
    "message" : "acbishop plays <span class='card-name' data-card-id='102207'>Zillah's Valley</span>",
    "command" : "move 412 acbishop ashheap bottom"
  }, {
    "timestamp" : "31-Dec 14:55",
    "message" : "acbishop draws from library",
    "command" : "draw library hand"
  }, {
    "timestamp" : "31-Dec 14:55",
    "message" : "SW?",
    "source" : "acbishop"
  }, {
    "timestamp" : "31-Dec 15:01",
    "message" : "No sudden/wash",
    "source" : "Ghost"
  }, {
    "timestamp" : "31-Dec 15:05",
    "message" : "I&#39;ll put a note in Global notes, easy to rollback if needed",
    "source" : "acbishop"
  }, {
    "timestamp" : "31-Dec 15:05",
    "message" : "acbishop's pool was 30, now is 25.",
    "command" : "pool acbishop 25"
  }, {
    "timestamp" : "31-Dec 15:05",
    "message" : "acbishop adds 1 blood to inactive region #3, now 1",
    "command" : "counter 380 1"
  }, {
    "timestamp" : "31-Dec 15:05",
    "message" : "acbishop adds 1 blood to inactive region #3, now 2",
    "command" : "counter 380 1"
  }, {
    "timestamp" : "31-Dec 15:05",
    "message" : "acbishop adds 1 blood to inactive region #3, now 3",
    "command" : "counter 380 1"
  }, {
    "timestamp" : "31-Dec 15:05",
    "message" : "acbishop adds 1 blood to inactive region #3, now 4",
    "command" : "counter 380 1"
  }, {
    "timestamp" : "31-Dec 15:05",
    "message" : "START OF INFLUENCE PHASE.",
    "source" : "acbishop"
  }, {
    "timestamp" : "31-Dec 15:05",
    "message" : "acbishop's pool was 25, now is 24.",
    "command" : "pool acbishop 24"
  }, {
    "timestamp" : "31-Dec 15:05",
    "message" : "acbishop adds 1 blood to inactive region #3, now 5",
    "command" : "counter 380 1"
  }, {
    "timestamp" : "31-Dec 15:05",
    "message" : "acbishop's pool was 24, now is 23.",
    "command" : "pool acbishop 23"
  }, {
    "timestamp" : "31-Dec 15:05",
    "message" : "acbishop adds 1 blood to inactive region #3, now 6",
    "command" : "counter 380 1"
  }, {
    "timestamp" : "31-Dec 15:05",
    "message" : "acbishop's pool was 23, now is 22.",
    "command" : "pool acbishop 22"
  }, {
    "timestamp" : "31-Dec 15:05",
    "message" : "acbishop adds 1 blood to inactive region #3, now 7",
    "command" : "counter 380 1"
  }, {
    "timestamp" : "31-Dec 15:05",
    "message" : "START OF DISCARD PHASE.",
    "source" : "acbishop"
  }, {
    "timestamp" : "31-Dec 15:05",
    "message" : "acbishop discards <span class='card-name' data-card-id='100059'>Anarchist Uprising</span>",
    "command" : "move 444 acbishop ashheap top"
  }, {
    "timestamp" : "31-Dec 15:05",
    "message" : "acbishop draws from library",
    "command" : "draw library hand"
  } ]
}