{
  "turnId" : "2.4",
  "player" : "chriss",
  "chats" : [ {
    "timestamp" : "1-Jan 21:05",
    "message" : "START OF UNLOCK PHASE.",
    "source" : "chriss"
  }, {
    "timestamp" : "2-Jan 02:00",
    "message" : "chriss unlocks.",
    "command" : "unlock chriss"
  }, {
    "timestamp" : "2-Jan 02:01",
    "message" : "START OF MASTER PHASE.",
    "source" : "chriss"
  }, {
    "timestamp" : "2-Jan 02:01",
    "message" : "START OF MINION PHASE.",
    "source" : "chriss"
  }, {
    "timestamp" : "2-Jan 02:01",
    "message" : "START OF INFLUENCE PHASE.",
    "source" : "chriss"
  }, {
    "timestamp" : "2-Jan 02:01",
    "message" : "chriss's pool was 26, now is 25.",
    "command" : "pool chriss 25"
  }, {
    "timestamp" : "2-Jan 02:01",
    "message" : "chriss adds 1 blood to inactive region #1, now 5",
    "command" : "counter 93 1"
  }, {
    "timestamp" : "2-Jan 02:01",
    "message" : "chriss's pool was 25, now is 24.",
    "command" : "pool chriss 24"
  }, {
    "timestamp" : "2-Jan 02:01",
    "message" : "chriss adds 1 blood to inactive region #1, now 6",
    "command" : "counter 93 1"
  }, {
    "timestamp" : "2-Jan 02:01",
    "message" : "chriss's pool was 24, now is 23.",
    "command" : "pool chriss 23"
  }, {
    "timestamp" : "2-Jan 02:01",
    "message" : "chriss adds 1 blood to inactive region #4, now 1",
    "command" : "counter 99 1"
  }, {
    "timestamp" : "2-Jan 02:01",
    "message" : "chriss's pool was 23, now is 22.",
    "command" : "pool chriss 22"
  }, {
    "timestamp" : "2-Jan 02:01",
    "message" : "chriss adds 1 blood to inactive region #3, now 1",
    "command" : "counter 98 1"
  }, {
    "timestamp" : "2-Jan 02:01",
    "message" : "chriss plays <span class='card-name' data-card-id='200394'>Dylan</span> to ready region",
    "command" : "move 93 chriss ready region bottom"
  }, {
    "timestamp" : "2-Jan 02:01",
    "message" : "Capacity of <span class='card-name' data-card-id='200394'>Dylan</span> now 6",
    "command" : "capacity 93 6"
  }, {
    "timestamp" : "2-Jan 02:01",
    "message" : "chriss plays <span class='card-name' data-card-id='200076'>Anarch Convert</span> to ready region",
    "command" : "move 99 chriss ready region bottom"
  }, {
    "timestamp" : "2-Jan 02:01",
    "message" : "Capacity of <span class='card-name' data-card-id='200076'>Anarch Convert</span> now 1",
    "command" : "capacity 99 1"
  }, {
    "timestamp" : "2-Jan 02:02",
    "message" : "chriss moves <span class='card-name' data-card-id='200076'>Anarch Convert</span> to chriss's rfg",
    "command" : "move 99 chriss rfg bottom"
  }, {
    "timestamp" : "2-Jan 02:02",
    "message" : "<span class='card-name' data-card-id='200394'>Dylan</span> now \"ANARCH\""
  }, {
    "timestamp" : "2-Jan 02:02",
    "message" : "chriss draws from crypt",
    "command" : "draw crypt inactive region"
  }, {
    "timestamp" : "2-Jan 02:02",
    "message" : "chriss discards <span class='card-name' data-card-id='100798'>Galaric's Legacy</span>",
    "command" : "move 116 chriss ashheap top"
  }, {
    "timestamp" : "2-Jan 02:02",
    "message" : "chriss draws from library",
    "command" : "draw library hand"
  } ]
}