{
  "turnId" : "10.1",
  "player" : "Kal-El",
  "chats" : [ {
    "timestamp" : "31-Mar 13:42",
    "message" : "START OF UNLOCK PHASE.",
    "source" : "Kal-El"
  }, {
    "timestamp" : "31-Mar 16:36",
    "message" : "Kal-El unlocks.",
    "command" : "unlock Kal-El"
  }, {
    "timestamp" : "31-Mar 16:36",
    "message" : "Kal-El locks <span class='card-name' data-card-id='100634'>Emerald Legionnaire</span> #4",
    "command" : "tap 348"
  }, {
    "timestamp" : "31-Mar 16:36",
    "message" : "Bleed",
    "source" : "Kal-El"
  }, {
    "timestamp" : "31-Mar 16:36",
    "message" : "Block?",
    "source" : "Kal-El"
  }, {
    "timestamp" : "31-Mar 17:10",
    "message" : "nb",
    "source" : "Ankha"
  }, {
    "timestamp" : "31-Mar 17:10",
    "message" : "Ankha's pool was 6, now is 5.",
    "command" : "pool Ankha 5"
  }, {
    "timestamp" : "31-Mar 17:38",
    "message" : "Kal-El locks <span class='card-name' data-card-id='100634'>Emerald Legionnaire</span> #5",
    "command" : "tap 351"
  }, {
    "timestamp" : "31-Mar 17:38",
    "message" : "Bleed",
    "source" : "Kal-El"
  }, {
    "timestamp" : "31-Mar 17:38",
    "message" : "Block?",
    "source" : "Kal-El"
  }, {
    "timestamp" : "31-Mar 17:38",
    "message" : "Kal-El grabs edge from Ankha.",
    "command" : "edge Kal-El"
  }, {
    "timestamp" : "1-Apr 08:27",
    "message" : "Nb",
    "source" : "Ankha"
  }, {
    "timestamp" : "1-Apr 08:27",
    "message" : "Ankha's pool was 5, now is 4.",
    "command" : "pool Ankha 4"
  }, {
    "timestamp" : "1-Apr 19:00",
    "message" : "Kal-El locks <span class='card-name' data-card-id='100634'>Emerald Legionnaire</span> #6",
    "command" : "tap 347"
  }, {
    "timestamp" : "1-Apr 19:00",
    "message" : "Bleed",
    "source" : "Kal-El"
  }, {
    "timestamp" : "1-Apr 19:00",
    "message" : "Block?",
    "source" : "Kal-El"
  }, {
    "timestamp" : "2-Apr 18:24",
    "message" : "nb",
    "source" : "Ankha"
  }, {
    "timestamp" : "2-Apr 18:24",
    "message" : "Ankha's pool was 4, now is 3.",
    "command" : "pool Ankha -1"
  }, {
    "timestamp" : "4-Apr 04:35",
    "message" : "Kal-El locks <span class='card-name' data-card-id='200405'>Egothha</span>",
    "command" : "tap 290"
  }, {
    "timestamp" : "4-Apr 04:36",
    "message" : "Kal-El plays <span class='card-name' data-card-id='100634'>Emerald Legionnaire</span> to ready region",
    "command" : "play 349 Kal-El ready region"
  }, {
    "timestamp" : "4-Apr 04:36",
    "message" : "Kal-El draws from library",
    "command" : "draw library hand"
  }, {
    "timestamp" : "4-Apr 04:36",
    "message" : "Block?",
    "source" : "Kal-El"
  }, {
    "timestamp" : "5-Apr 21:37",
    "message" : "Nb",
    "source" : "Ankha"
  }, {
    "timestamp" : "6-Apr 09:25",
    "message" : "1",
    "source" : "Kal-El"
  }, {
    "timestamp" : "6-Apr 09:25",
    "message" : "error",
    "source" : "Kal-El"
  }, {
    "timestamp" : "6-Apr 09:25",
    "message" : "Kal-El's pool was 15, now is 14.",
    "command" : "pool Kal-El -1"
  }, {
    "timestamp" : "6-Apr 09:26",
    "message" : "Kal-El adds 1 blood to <span class='card-name' data-card-id='100634'>Emerald Legionnaire</span> #7, now 1",
    "command" : "counter 349 1"
  }, {
    "timestamp" : "6-Apr 09:26",
    "message" : "Kal-El adds 1 blood to <span class='card-name' data-card-id='100634'>Emerald Legionnaire</span> #7, now 2",
    "command" : "counter 349 1"
  }, {
    "timestamp" : "6-Apr 09:26",
    "message" : "Kal-El locks <span class='card-name' data-card-id='200434'>Erlik</span>",
    "command" : "tap 284"
  }, {
    "timestamp" : "6-Apr 09:26",
    "message" : "Bleed",
    "source" : "Kal-El"
  }, {
    "timestamp" : "6-Apr 09:27",
    "message" : "Block?",
    "source" : "Kal-El"
  }, {
    "timestamp" : "6-Apr 10:22",
    "message" : "Ingrid ttb",
    "source" : "Ankha"
  }, {
    "timestamp" : "6-Apr 10:26",
    "message" : "Blocked",
    "source" : "Kal-El"
  }, {
    "timestamp" : "6-Apr 10:26",
    "message" : "No pre, no maneuver",
    "source" : "Kal-El"
  }, {
    "timestamp" : "6-Apr 16:09",
    "message" : "Ankha locks <span class='card-name' data-card-id='200635'>Ingrid Russo</span>",
    "command" : "tap 198"
  }, {
    "timestamp" : "6-Apr 16:09",
    "message" : "np nm",
    "source" : "Ankha"
  }, {
    "timestamp" : "7-Apr 04:43",
    "message" : "Kal-El plays <span class='card-name' data-card-id='100249'>Breath of Thanatos</span> at <span class='icon NEC'></span>",
    "command" : "play 373 Kal-El ashheap"
  }, {
    "timestamp" : "7-Apr 04:43",
    "message" : "Kal-El draws from library",
    "command" : "draw library hand"
  }, {
    "timestamp" : "7-Apr 04:43",
    "message" : "Kal-El removes 1 blood from <span class='card-name' data-card-id='200434'>Erlik</span>, now 9",
    "command" : "counter 284 -1"
  }, {
    "timestamp" : "7-Apr 04:43",
    "message" : "H1aggraved&#43;2V.Spirit",
    "source" : "Kal-El"
  }, {
    "timestamp" : "7-Apr 13:14",
    "message" : "No block",
    "source" : "Ghost"
  }, {
    "timestamp" : "7-Apr 18:04",
    "message" : "Ankha removes 1 blood from <span class='card-name' data-card-id='200635'>Ingrid Russo</span>, now 1",
    "command" : "counter 198 -1"
  }, {
    "timestamp" : "7-Apr 18:04",
    "message" : "Ankha removes 1 blood from <span class='card-name' data-card-id='200635'>Ingrid Russo</span>, now 0",
    "command" : "counter 198 -1"
  }, {
    "timestamp" : "7-Apr 18:04",
    "message" : "Ankha moves <span class='card-name' data-card-id='200635'>Ingrid Russo</span> to Ankha's torpor",
    "command" : "move 198 Ankha torpor bottom"
  }, {
    "timestamp" : "7-Apr 18:04",
    "message" : "h1",
    "source" : "Ankha"
  }, {
    "timestamp" : "7-Apr 18:05",
    "message" : "do not hesitate to ping me",
    "source" : "Ankha"
  }, {
    "timestamp" : "7-Apr 18:31",
    "message" : "Ghost draws from library",
    "command" : "draw library hand"
  }, {
    "timestamp" : "7-Apr 18:31",
    "message" : "Forgot to replace Unmasking",
    "source" : "Ghost"
  }, {
    "timestamp" : "8-Apr 19:52",
    "message" : "//",
    "source" : "Ghost"
  }, {
    "timestamp" : "9-Apr 04:34",
    "message" : "Kal-El plays <span class='card-name' data-card-id='101649'>Rolling with the Punches</span> at <span class='icon for'></span>",
    "command" : "play 341 Kal-El ashheap"
  }, {
    "timestamp" : "9-Apr 04:34",
    "message" : "Kal-El draws from library",
    "command" : "draw library hand"
  }, {
    "timestamp" : "9-Apr 04:34",
    "message" : "Kal-El discards <span class='card-name' data-card-id='102107'>Vengeful Spirit</span>",
    "command" : "discard 317 Kal-El ashheap"
  }, {
    "timestamp" : "9-Apr 04:34",
    "message" : "Kal-El draws from library",
    "command" : "draw library hand"
  } ]
}