{
  "turnId" : "7.1",
  "player" : "Kal-El",
  "chats" : [ {
    "timestamp" : "5-Feb 11:34",
    "message" : "START OF UNLOCK PHASE.",
    "source" : "Kal-El"
  }, {
    "timestamp" : "5-Feb 11:58",
    "message" : "Kal-El unlocks.",
    "command" : "unlock Kal-El"
  }, {
    "timestamp" : "5-Feb 11:58",
    "message" : "villein for 2 on erlik",
    "source" : "Kal-El"
  }, {
    "timestamp" : "5-Feb 11:58",
    "message" : "sw?",
    "source" : "Kal-El"
  }, {
    "timestamp" : "5-Feb 11:58",
    "message" : "Kal-El plays <span class='card-name' data-card-id='102121'>Villein</span> on <span class='card-name' data-card-id='200434'>Erlik</span>",
    "command" : "puton 298 284"
  }, {
    "timestamp" : "5-Feb 11:58",
    "message" : "Kal-El draws from library",
    "command" : "draw library hand"
  }, {
    "timestamp" : "5-Feb 14:26",
    "message" : "No sudden/wash",
    "source" : "Ghost"
  }, {
    "timestamp" : "5-Feb 14:27",
    "message" : "Please lose 1 for Anarch Revolt",
    "source" : "Ghost"
  }, {
    "timestamp" : "5-Feb 16:28",
    "message" : "Kal-El's pool was 17, now is 16.",
    "command" : "pool Kal-El 16"
  }, {
    "timestamp" : "5-Feb 16:28",
    "message" : "For AR",
    "source" : "Kal-El"
  }, {
    "timestamp" : "5-Feb 16:29",
    "message" : "Kal-El's pool was 16, now is 17.",
    "command" : "pool Kal-El 17"
  }, {
    "timestamp" : "5-Feb 16:29",
    "message" : "Kal-El removes 1 blood from <span class='card-name' data-card-id='200434'>Erlik</span>, now 8",
    "command" : "counter 284 -1"
  }, {
    "timestamp" : "5-Feb 16:29",
    "message" : "Kal-El's pool was 17, now is 18.",
    "command" : "pool Kal-El 18"
  }, {
    "timestamp" : "5-Feb 16:29",
    "message" : "Kal-El removes 1 blood from <span class='card-name' data-card-id='200434'>Erlik</span>, now 7",
    "command" : "counter 284 -1"
  }, {
    "timestamp" : "5-Feb 16:30",
    "message" : "Kal-El plays <span class='card-name' data-card-id='101384'>Pentex(TM) Subversion</span> on <span class='card-name' data-card-id='201312'>Stanislava</span>",
    "command" : "puton 305 195"
  }, {
    "timestamp" : "5-Feb 16:30",
    "message" : "Kal-El draws from library",
    "command" : "draw library hand"
  }, {
    "timestamp" : "5-Feb 16:30",
    "message" : "Kal-El's pool was 18, now is 16.",
    "command" : "pool Kal-El 16"
  }, {
    "timestamp" : "5-Feb 16:30",
    "message" : "Kal-El locks <span class='card-name' data-card-id='200405'>Egothha</span>",
    "command" : "tap 290"
  }, {
    "timestamp" : "5-Feb 16:30",
    "message" : "Hunt",
    "source" : "Kal-El"
  }, {
    "timestamp" : "5-Feb 16:30",
    "message" : "Block?",
    "source" : "Kal-El"
  }, {
    "timestamp" : "5-Feb 16:35",
    "message" : "No block",
    "source" : "Ghost"
  }, {
    "timestamp" : "5-Feb 21:47",
    "message" : "<span class='card-name' data-card-id='101384'>Pentex(TM) Subversion</span> now \"Kal-El's\""
  }, {
    "timestamp" : "5-Feb 21:47",
    "message" : "nb stealth",
    "source" : "Ankha"
  }, {
    "timestamp" : "5-Feb 21:49",
    "message" : "Kal-El adds 1 blood to <span class='card-name' data-card-id='200405'>Egothha</span>, now 1",
    "command" : "counter 290 1"
  }, {
    "timestamp" : "5-Feb 21:49",
    "message" : "Kal-El locks <span class='card-name' data-card-id='200434'>Erlik</span>",
    "command" : "tap 284"
  }, {
    "timestamp" : "5-Feb 21:49",
    "message" : "Kal-El plays <span class='card-name' data-card-id='102107'>Vengeful Spirit</span> on <span class='card-name' data-card-id='200434'>Erlik</span>",
    "command" : "puton 315 284"
  }, {
    "timestamp" : "5-Feb 21:49",
    "message" : "Kal-El draws from library",
    "command" : "draw library hand"
  }, {
    "timestamp" : "5-Feb 21:50",
    "message" : "Block?",
    "source" : "Kal-El"
  }, {
    "timestamp" : "6-Feb 12:43",
    "message" : "No block",
    "source" : "Ghost"
  }, {
    "timestamp" : "6-Feb 13:01",
    "message" : "why am I pinged?",
    "source" : "Ankha"
  }, {
    "timestamp" : "6-Feb 13:02",
    "message" : "I assume so you have a chance to block Vengeful Spirit",
    "source" : "Ghost"
  }, {
    "timestamp" : "6-Feb 13:03",
    "message" : "21:47 Ankha nb stealth",
    "source" : "Ankha"
  }, {
    "timestamp" : "6-Feb 13:09",
    "message" : "Right, please carry on Kal-El",
    "source" : "Ghost"
  }, {
    "timestamp" : "6-Feb 21:39",
    "message" : "No pay for Perfectionist",
    "source" : "Kal-El"
  }, {
    "timestamp" : "6-Feb 21:39",
    "message" : "Kal-El adds 1 blood to <span class='card-name' data-card-id='102107'>Vengeful Spirit</span>, now 1",
    "command" : "counter 315 1"
  }, {
    "timestamp" : "6-Feb 21:39",
    "message" : "Kal-El adds 1 blood to <span class='card-name' data-card-id='102107'>Vengeful Spirit</span>, now 2",
    "command" : "counter 315 1"
  }, {
    "timestamp" : "6-Feb 21:39",
    "message" : "Kal-El plays <span class='card-name' data-card-id='100788'>Freak Drive</span> at <span class='icon for'></span>",
    "command" : "move 322 Kal-El ashheap bottom"
  }, {
    "timestamp" : "6-Feb 21:39",
    "message" : "Kal-El draws from library",
    "command" : "draw library hand"
  }, {
    "timestamp" : "6-Feb 21:39",
    "message" : "Kal-El removes 1 blood from <span class='card-name' data-card-id='200434'>Erlik</span>, now 6",
    "command" : "counter 284 -1"
  }, {
    "timestamp" : "6-Feb 21:39",
    "message" : "Kal-El unlocks <span class='card-name' data-card-id='200434'>Erlik</span>",
    "command" : "tap 284"
  }, {
    "timestamp" : "6-Feb 21:39",
    "message" : "Kal-El locks <span class='card-name' data-card-id='100634'>Emerald Legionnaire</span> #6",
    "command" : "tap 347"
  }, {
    "timestamp" : "6-Feb 21:39",
    "message" : "Bleed",
    "source" : "Kal-El"
  }, {
    "timestamp" : "6-Feb 21:40",
    "message" : "Block?",
    "source" : "Kal-El"
  }, {
    "timestamp" : "7-Feb 07:11",
    "message" : "nb",
    "source" : "Ankha"
  }, {
    "timestamp" : "7-Feb 07:11",
    "message" : "Ankha's pool was 13, now is 12.",
    "command" : "pool Ankha 12"
  }, {
    "timestamp" : "7-Feb 07:11",
    "message" : "will not block the EL",
    "source" : "Ankha"
  }, {
    "timestamp" : "7-Feb 07:11",
    "message" : "Kal-El grabs edge from Ankha.",
    "command" : "edge Kal-El"
  }, {
    "timestamp" : "7-Feb 15:12",
    "message" : "Kal-El locks <span class='card-name' data-card-id='100634'>Emerald Legionnaire</span> #4",
    "command" : "tap 348"
  }, {
    "timestamp" : "7-Feb 15:12",
    "message" : "Bleed",
    "source" : "Kal-El"
  }, {
    "timestamp" : "7-Feb 15:13",
    "message" : "Kal-El locks <span class='card-name' data-card-id='100634'>Emerald Legionnaire</span> #5",
    "command" : "tap 351"
  }, {
    "timestamp" : "7-Feb 15:13",
    "message" : "Bleed",
    "source" : "Kal-El"
  }, {
    "timestamp" : "7-Feb 15:13",
    "message" : "1&#43;1",
    "source" : "Kal-El"
  }, {
    "timestamp" : "7-Feb 21:44",
    "message" : "Ankha's pool was 12, now is 10.",
    "command" : "pool Ankha 10"
  } ]
}