{
  "turnId" : "1.1",
  "player" : "Kal-El",
  "chats" : [ {
    "timestamp" : "31-Dec 09:05",
    "message" : "START OF UNLOCK PHASE.",
    "source" : "Kal-El"
  }, {
    "timestamp" : "31-Dec 10:25",
    "message" : ".",
    "source" : "Ankha"
  }, {
    "timestamp" : "31-Dec 12:14",
    "message" : "Kal-El's pool was 30, now is 29.",
    "command" : "pool Kal-El 29"
  }, {
    "timestamp" : "31-Dec 12:14",
    "message" : "Kal-El adds 1 blood to inactive region #2, now 1",
    "command" : "counter 284 1"
  }, {
    "timestamp" : "31-Dec 12:15",
    "message" : ".",
    "source" : "Kal-El"
  } ]
}