{
  "turnId" : "4.3",
  "player" : "acbishop",
  "chats" : [ {
    "timestamp" : "10-Jan 08:29",
    "message" : "START OF UNLOCK PHASE.",
    "source" : "acbishop"
  }, {
    "timestamp" : "10-Jan 09:07",
    "message" : "acbishop unlocks.",
    "command" : "unlock acbishop"
  }, {
    "timestamp" : "10-Jan 09:12",
    "message" : "it is smeeling a lot like... Baltimore purge there Ankha",
    "source" : "acbishop"
  }, {
    "timestamp" : "10-Jan 09:13",
    "message" : "START OF MASTER PHASE.",
    "source" : "acbishop"
  }, {
    "timestamp" : "10-Jan 09:13",
    "message" : "acbishop plays <span class='card-name' data-card-id='101207'>Metro Underground</span> to ready region",
    "command" : "move 387 acbishop ready region bottom"
  }, {
    "timestamp" : "10-Jan 09:13",
    "message" : "acbishop draws from library",
    "command" : "draw library hand"
  }, {
    "timestamp" : "10-Jan 09:13",
    "message" : "START OF MINION PHASE.",
    "source" : "acbishop"
  }, {
    "timestamp" : "10-Jan 09:13",
    "message" : "acbishop locks <span class='card-name' data-card-id='200135'>Arika</span>",
    "command" : "tap 380"
  }, {
    "timestamp" : "10-Jan 09:13",
    "message" : "Bleed",
    "source" : "acbishop"
  }, {
    "timestamp" : "10-Jan 09:14",
    "message" : "b3 s0",
    "source" : "acbishop"
  }, {
    "timestamp" : "10-Jan 16:45",
    "message" : "Kyogo to attempt to block",
    "source" : "chriss"
  }, {
    "timestamp" : "10-Jan 17:00",
    "message" : "acbishop plays <span class='card-name' data-card-id='101125'>Lost in Crowds</span> at <span class='icon OBF'></span>",
    "command" : "move 425 acbishop ashheap bottom"
  }, {
    "timestamp" : "10-Jan 17:00",
    "message" : "acbishop draws from library",
    "command" : "draw library hand"
  }, {
    "timestamp" : "10-Jan 22:10",
    "message" : "nb, total?",
    "source" : "chriss"
  }, {
    "timestamp" : "10-Jan 22:11",
    "message" : "3 is fine",
    "source" : "acbishop"
  }, {
    "timestamp" : "10-Jan 22:14",
    "message" : "chriss's pool was 13, now is 10.",
    "command" : "pool chriss 10"
  }, {
    "timestamp" : "10-Jan 22:15",
    "message" : "acbishop grabs edge from chriss.",
    "command" : "edge acbishop"
  }, {
    "timestamp" : "10-Jan 22:15",
    "message" : "START OF INFLUENCE PHASE.",
    "source" : "acbishop"
  }, {
    "timestamp" : "10-Jan 22:15",
    "message" : "acbishop's pool was 15, now is 14.",
    "command" : "pool acbishop 14"
  }, {
    "timestamp" : "10-Jan 22:15",
    "message" : "acbishop adds 1 blood to inactive region #1, now 5",
    "command" : "counter 378 1"
  }, {
    "timestamp" : "10-Jan 22:15",
    "message" : "acbishop's pool was 14, now is 13.",
    "command" : "pool acbishop 13"
  }, {
    "timestamp" : "10-Jan 22:15",
    "message" : "acbishop adds 1 blood to inactive region #1, now 6",
    "command" : "counter 378 1"
  }, {
    "timestamp" : "10-Jan 22:15",
    "message" : "START OF DISCARD PHASE.",
    "source" : "acbishop"
  }, {
    "timestamp" : "10-Jan 22:15",
    "message" : "acbishop's pool was 13, now is 12.",
    "command" : "pool acbishop 12"
  }, {
    "timestamp" : "10-Jan 22:15",
    "message" : "acbishop locks <span class='card-name' data-card-id='101207'>Metro Underground</span>",
    "command" : "tap 387"
  }, {
    "timestamp" : "10-Jan 22:15",
    "message" : "acbishop unlocks <span class='card-name' data-card-id='200135'>Arika</span>",
    "command" : "tap 380"
  }, {
    "timestamp" : "10-Jan 22:15",
    "message" : "acbishop discards <span class='card-name' data-card-id='100984'>Information Highway</span>",
    "command" : "move 396 acbishop ashheap top"
  }, {
    "timestamp" : "10-Jan 22:15",
    "message" : "acbishop draws from library",
    "command" : "draw library hand"
  } ]
}