{
  "turnId" : "10.2",
  "player" : "Ankha",
  "chats" : [ {
    "timestamp" : "9-Apr 04:34",
    "message" : "START OF UNLOCK PHASE.",
    "source" : "Ankha"
  }, {
    "timestamp" : "9-Apr 14:38",
    "message" : "Ankha unlocks.",
    "command" : "untap Ankha"
  }, {
    "timestamp" : "9-Apr 14:39",
    "message" : "Villein 5 on Arika, sw?",
    "source" : "Ankha"
  }, {
    "timestamp" : "9-Apr 14:39",
    "message" : "Ankha plays <span class='card-name' data-card-id='102121'>Villein</span> on <span class='card-name' data-card-id='200135'>Arika</span>",
    "command" : "move 218 197"
  }, {
    "timestamp" : "9-Apr 14:39",
    "message" : "Ankha draws from library",
    "command" : "draw library hand"
  }, {
    "timestamp" : "9-Apr 15:07",
    "message" : "No sudden/wash",
    "source" : "Ghost"
  }, {
    "timestamp" : "9-Apr 15:10",
    "message" : "no",
    "source" : "Kal-El"
  }, {
    "timestamp" : "10-Apr 10:16",
    "message" : "Ankha's pool was 3, now is 8.",
    "command" : "pool Ankha 5"
  }, {
    "timestamp" : "10-Apr 10:16",
    "message" : "Ankha removes 5 blood from <span class='card-name' data-card-id='200135'>Arika</span>, now 6",
    "command" : "counter 197 -5"
  }, {
    "timestamp" : "10-Apr 10:16",
    "message" : "Ankha plays <span class='card-name' data-card-id='102121'>Villein</span> on <span class='card-name' data-card-id='200635'>Ingrid Russo</span>",
    "command" : "move 216 198"
  }, {
    "timestamp" : "10-Apr 10:17",
    "message" : "just to cycle",
    "source" : "Ankha"
  }, {
    "timestamp" : "10-Apr 10:17",
    "message" : "Ankha draws from library",
    "command" : "draw library hand"
  }, {
    "timestamp" : "10-Apr 10:17",
    "message" : "Ankha locks <span class='card-name' data-card-id='200635'>Ingrid Russo</span>",
    "command" : "tap 198"
  }, {
    "timestamp" : "10-Apr 10:17",
    "message" : "Ankha plays <span class='card-name' data-card-id='101543'>Rapid Healing</span> at <span class='icon for'></span>",
    "command" : "play 236 Ankha ashheap"
  }, {
    "timestamp" : "10-Apr 10:17",
    "message" : "Ankha draws from library",
    "command" : "draw library hand"
  }, {
    "timestamp" : "10-Apr 10:17",
    "message" : "block?",
    "source" : "Ankha"
  }, {
    "timestamp" : "10-Apr 12:07",
    "message" : "Cry Wolf blocks",
    "source" : "Ghost"
  }, {
    "timestamp" : "10-Apr 12:07",
    "message" : "Ghost adds 1 blood to <span class='card-name' data-card-id='100475'>Cry Wolf</span>, now 1",
    "command" : "counter 72 1"
  }, {
    "timestamp" : "10-Apr 12:07",
    "message" : "#9 blocks, had no blood",
    "source" : "Ghost"
  }, {
    "timestamp" : "10-Apr 12:43",
    "message" : "ok, stays in torpor",
    "source" : "Ankha"
  }, {
    "timestamp" : "10-Apr 12:43",
    "message" : "Ankha locks <span class='card-name' data-card-id='201312'>Stanislava</span>",
    "command" : "tap 195"
  }, {
    "timestamp" : "10-Apr 12:44",
    "message" : "Ankha plays <span class='card-name' data-card-id='102270'>Camarilla's Iron Fist</span>",
    "command" : "play 274 Ankha ashheap"
  }, {
    "timestamp" : "10-Apr 12:44",
    "message" : "Ankha draws from library",
    "command" : "draw library hand"
  }, {
    "timestamp" : "10-Apr 12:44",
    "message" : "block? (allies cannot block)",
    "source" : "Ankha"
  }, {
    "timestamp" : "10-Apr 12:45",
    "message" : "Ghost burns <span class='card-name' data-card-id='100475'>Cry Wolf</span> from ready region",
    "command" : "burn 72 Ghost ashheap"
  }, {
    "timestamp" : "10-Apr 12:45",
    "message" : "wait no combat",
    "source" : "Ghost"
  }, {
    "timestamp" : "10-Apr 12:45",
    "message" : "Ghost moves <span class='card-name' data-card-id='100475'>Cry Wolf</span> to Ghost's ready region",
    "command" : "move 72 Ghost ready region bottom"
  }, {
    "timestamp" : "10-Apr 12:45",
    "message" : "Ghost adds 1 blood to <span class='card-name' data-card-id='100475'>Cry Wolf</span>, now 1",
    "command" : "counter 72 1"
  }, {
    "timestamp" : "10-Apr 12:45",
    "message" : "Ghost locks <span class='card-name' data-card-id='100475'>Cry Wolf</span>",
    "command" : "tap 72"
  }, {
    "timestamp" : "10-Apr 12:46",
    "message" : "<span class='card-name' data-card-id='100475'>Cry Wolf</span> now \"Khazar Wraith, 0 strength, 1 bleed and +1 stealth\""
  }, {
    "timestamp" : "10-Apr 12:47",
    "message" : "No block",
    "source" : "Ghost"
  }, {
    "timestamp" : "12-Apr 11:30",
    "message" : "waiting for Kal-el",
    "source" : "Ankha"
  }, {
    "timestamp" : "12-Apr 11:40",
    "message" : "Emerald Legionnaire blocks",
    "source" : "Kal-El"
  }, {
    "timestamp" : "12-Apr 11:40",
    "message" : "Tb",
    "source" : "Kal-El"
  }, {
    "timestamp" : "12-Apr 13:48",
    "message" : "allies cannot block",
    "source" : "Ghost"
  }, {
    "timestamp" : "12-Apr 17:38",
    "message" : "Right",
    "source" : "Kal-El"
  }, {
    "timestamp" : "12-Apr 17:38",
    "message" : "Kal-El plays <span class='card-name' data-card-id='100680'>Eyes of Argus</span> at <span class='icon AUS'></span>",
    "command" : "play 363 Kal-El ashheap"
  }, {
    "timestamp" : "12-Apr 17:38",
    "message" : "Kal-El draws from library",
    "command" : "draw library hand"
  }, {
    "timestamp" : "12-Apr 17:38",
    "message" : "Erlik tb",
    "source" : "Kal-El"
  }, {
    "timestamp" : "12-Apr 17:38",
    "message" : "Kal-El plays <span class='card-name' data-card-id='101949'>Telepathic Misdirection</span> at <span class='icon aus'></span>",
    "command" : "play 368 Kal-El ashheap"
  }, {
    "timestamp" : "12-Apr 17:38",
    "message" : "Kal-El draws from library",
    "command" : "draw library hand"
  }, {
    "timestamp" : "12-Apr 17:38",
    "message" : "Kal-El removes 1 blood from <span class='card-name' data-card-id='200434'>Erlik</span>, now 8",
    "command" : "counter 284 -1"
  }, {
    "timestamp" : "12-Apr 20:26",
    "message" : "Ankha plays <span class='card-name' data-card-id='100492'>Daring the Dawn</span> at <span class='icon FOR'></span>",
    "command" : "play 263 Ankha ashheap"
  }, {
    "timestamp" : "12-Apr 20:26",
    "message" : "Ankha draws from library",
    "command" : "draw library hand"
  }, {
    "timestamp" : "12-Apr 20:26",
    "message" : "cannot be blocked by vampires",
    "source" : "Ankha"
  }, {
    "timestamp" : "12-Apr 20:27",
    "message" : "unless there&#39;s a DI, terms will be: 4 on Ghost, 1 on Kal-El, and I gain the pool",
    "source" : "Ankha"
  }, {
    "timestamp" : "12-Apr 20:27",
    "message" : "with Stanislava&#39;s votes, that&#39;s 5 votes",
    "source" : "Ankha"
  }, {
    "timestamp" : "13-Apr 09:44",
    "message" : "No vote no DI",
    "source" : "Kal-El"
  }, {
    "timestamp" : "13-Apr 14:30",
    "message" : "Ghost removes 1 blood from <span class='card-name' data-card-id='100633'>Embrace, The</span> #7, now 0",
    "command" : "counter 44 -1"
  }, {
    "timestamp" : "13-Apr 14:30",
    "message" : "Ghost plays <span class='card-name' data-card-id='100519'>Delaying Tactics</span>",
    "command" : "play 77 Ghost ashheap"
  }, {
    "timestamp" : "13-Apr 14:30",
    "message" : "Ghost draws from library",
    "command" : "draw library hand"
  }, {
    "timestamp" : "13-Apr 15:33",
    "message" : "Ankha unlocks <span class='card-name' data-card-id='201312'>Stanislava</span>",
    "command" : "tap 195"
  }, {
    "timestamp" : "13-Apr 15:34",
    "message" : "getting back the vote and discard it",
    "source" : "Ankha"
  }, {
    "timestamp" : "13-Apr 15:34",
    "message" : "Ankha moves <span class='card-name' data-card-id='201312'>Stanislava</span> to Ankha's torpor",
    "command" : "move 195 Ankha torpor bottom"
  }, {
    "timestamp" : "13-Apr 15:35",
    "message" : "Ankha locks <span class='card-name' data-card-id='201312'>Stanislava</span>",
    "command" : "tap 195"
  }, {
    "timestamp" : "13-Apr 15:35",
    "message" : "Ankha plays <span class='card-name' data-card-id='101543'>Rapid Healing</span> at <span class='icon FOR'></span>",
    "command" : "play 234 Ankha ashheap"
  }, {
    "timestamp" : "13-Apr 15:35",
    "message" : "Ankha draws from library",
    "command" : "draw library hand"
  }, {
    "timestamp" : "13-Apr 15:35",
    "message" : "block? (allies cannot block)",
    "source" : "Ankha"
  }, {
    "timestamp" : "13-Apr 18:02",
    "message" : "Nb",
    "source" : "Kal-El"
  }, {
    "timestamp" : "13-Apr 20:54",
    "message" : "No block",
    "source" : "Ghost"
  } ]
}