{
  "turnId" : "5.3",
  "player" : "acbishop",
  "chats" : [ {
    "timestamp" : "20-Jan 17:24",
    "message" : "START OF UNLOCK PHASE.",
    "source" : "acbishop"
  }, {
    "timestamp" : "20-Jan 22:31",
    "message" : "acbishop unlocks.",
    "command" : "unlock acbishop"
  }, {
    "timestamp" : "20-Jan 22:31",
    "message" : "START OF MASTER PHASE.",
    "source" : "acbishop"
  }, {
    "timestamp" : "20-Jan 22:31",
    "message" : "Villein 5 arika",
    "source" : "acbishop"
  }, {
    "timestamp" : "20-Jan 22:31",
    "message" : "acbishop plays <span class='card-name' data-card-id='102121'>Villein</span> on <span class='card-name' data-card-id='200135'>Arika</span>",
    "command" : "puton 391 380"
  }, {
    "timestamp" : "20-Jan 22:31",
    "message" : "acbishop draws from library",
    "command" : "draw library hand"
  }, {
    "timestamp" : "20-Jan 22:32",
    "message" : "Sudden kal or ghost?",
    "source" : "acbishop"
  }, {
    "timestamp" : "21-Jan 01:44",
    "message" : "No sudden/wash",
    "source" : "Ghost"
  }, {
    "timestamp" : "21-Jan 05:43",
    "message" : "No",
    "source" : "Kal-El"
  }, {
    "timestamp" : "21-Jan 09:20",
    "message" : "acbishop's pool was 6, now is 7.",
    "command" : "pool acbishop 7"
  }, {
    "timestamp" : "21-Jan 09:20",
    "message" : "acbishop removes 1 blood from <span class='card-name' data-card-id='200135'>Arika</span>, now 8",
    "command" : "counter 380 -1"
  }, {
    "timestamp" : "21-Jan 09:20",
    "message" : "acbishop's pool was 7, now is 8.",
    "command" : "pool acbishop 8"
  }, {
    "timestamp" : "21-Jan 09:20",
    "message" : "acbishop removes 1 blood from <span class='card-name' data-card-id='200135'>Arika</span>, now 7",
    "command" : "counter 380 -1"
  }, {
    "timestamp" : "21-Jan 09:20",
    "message" : "acbishop's pool was 8, now is 9.",
    "command" : "pool acbishop 9"
  }, {
    "timestamp" : "21-Jan 09:20",
    "message" : "acbishop removes 1 blood from <span class='card-name' data-card-id='200135'>Arika</span>, now 6",
    "command" : "counter 380 -1"
  }, {
    "timestamp" : "21-Jan 09:20",
    "message" : "acbishop's pool was 9, now is 10.",
    "command" : "pool acbishop 10"
  }, {
    "timestamp" : "21-Jan 09:20",
    "message" : "acbishop removes 1 blood from <span class='card-name' data-card-id='200135'>Arika</span>, now 5",
    "command" : "counter 380 -1"
  }, {
    "timestamp" : "21-Jan 09:20",
    "message" : "acbishop's pool was 10, now is 11.",
    "command" : "pool acbishop 11"
  }, {
    "timestamp" : "21-Jan 09:20",
    "message" : "acbishop removes 1 blood from <span class='card-name' data-card-id='200135'>Arika</span>, now 4",
    "command" : "counter 380 -1"
  }, {
    "timestamp" : "21-Jan 09:21",
    "message" : "giant&#39;s blood Arika",
    "source" : "acbishop"
  }, {
    "timestamp" : "21-Jan 09:21",
    "message" : "acbishop plays <span class='card-name' data-card-id='100824'>Giant's Blood</span>",
    "command" : "move 394 acbishop ashheap bottom"
  }, {
    "timestamp" : "21-Jan 09:21",
    "message" : "acbishop draws from library",
    "command" : "draw library hand"
  }, {
    "timestamp" : "21-Jan 09:22",
    "message" : "Sudden Kal or Ghost?",
    "source" : "acbishop"
  }, {
    "timestamp" : "21-Jan 13:08",
    "message" : "No sudden/wash",
    "source" : "Ghost"
  }, {
    "timestamp" : "21-Jan 13:09",
    "message" : "I will use burn option",
    "source" : "Ghost"
  }, {
    "timestamp" : "21-Jan 13:09",
    "message" : "Ghost discards <span class='card-name' data-card-id='100579'>Draeven Softfoot</span>",
    "command" : "move 58 Ghost ashheap top"
  }, {
    "timestamp" : "21-Jan 13:09",
    "message" : "Ghost draws from library",
    "command" : "draw library hand"
  }, {
    "timestamp" : "21-Jan 21:21",
    "message" : "No sw now",
    "source" : "Kal-El"
  }, {
    "timestamp" : "21-Jan 21:21",
    "message" : "acbishop adds 1 blood to <span class='card-name' data-card-id='200135'>Arika</span>, now 5",
    "command" : "counter 380 1"
  }, {
    "timestamp" : "21-Jan 21:21",
    "message" : "acbishop adds 1 blood to <span class='card-name' data-card-id='200135'>Arika</span>, now 6",
    "command" : "counter 380 1"
  }, {
    "timestamp" : "21-Jan 21:21",
    "message" : "acbishop adds 1 blood to <span class='card-name' data-card-id='200135'>Arika</span>, now 7",
    "command" : "counter 380 1"
  }, {
    "timestamp" : "21-Jan 21:21",
    "message" : "acbishop adds 1 blood to <span class='card-name' data-card-id='200135'>Arika</span>, now 8",
    "command" : "counter 380 1"
  }, {
    "timestamp" : "21-Jan 21:21",
    "message" : "acbishop adds 1 blood to <span class='card-name' data-card-id='200135'>Arika</span>, now 9",
    "command" : "counter 380 1"
  }, {
    "timestamp" : "21-Jan 21:21",
    "message" : "acbishop adds 1 blood to <span class='card-name' data-card-id='200135'>Arika</span>, now 10",
    "command" : "counter 380 1"
  }, {
    "timestamp" : "21-Jan 21:21",
    "message" : "acbishop adds 1 blood to <span class='card-name' data-card-id='200135'>Arika</span>, now 11",
    "command" : "counter 380 1"
  }, {
    "timestamp" : "21-Jan 21:22",
    "message" : "START OF MINION PHASE.",
    "source" : "acbishop"
  }, {
    "timestamp" : "21-Jan 21:23",
    "message" : "acbishop locks <span class='card-name' data-card-id='200135'>Arika</span>",
    "command" : "tap 380"
  }, {
    "timestamp" : "21-Jan 21:23",
    "message" : "acbishop plays <span class='card-name' data-card-id='101417'>Political Stranglehold</span>",
    "command" : "move 443 acbishop ashheap bottom"
  }, {
    "timestamp" : "21-Jan 21:23",
    "message" : "acbishop draws from library",
    "command" : "draw library hand"
  }, {
    "timestamp" : "21-Jan 21:23",
    "message" : "block chriss?",
    "source" : "acbishop"
  }, {
    "timestamp" : "22-Jan 02:32",
    "message" : "No block",
    "source" : "chriss"
  }, {
    "timestamp" : "22-Jan 08:55",
    "message" : "block Anlkha?",
    "source" : "acbishop"
  }, {
    "timestamp" : "22-Jan 09:08",
    "message" : "Nb",
    "source" : "Ankha"
  }, {
    "timestamp" : "22-Jan 09:09",
    "message" : "I abstain during the vote",
    "source" : "Ankha"
  }, {
    "timestamp" : "22-Jan 09:19",
    "message" : "acbishop plays <span class='card-name' data-card-id='100157'>Bewitching Oration</span> at <span class='icon PRE'></span>",
    "command" : "move 432 acbishop ashheap bottom"
  }, {
    "timestamp" : "22-Jan 09:19",
    "message" : "acbishop draws from library",
    "command" : "draw library hand"
  }, {
    "timestamp" : "22-Jan 09:19",
    "message" : "9 votes in favour",
    "source" : "acbishop"
  }, {
    "timestamp" : "22-Jan 09:19",
    "message" : "I don&#39;t have VC in hand",
    "source" : "acbishop"
  }, {
    "timestamp" : "22-Jan 09:19",
    "message" : "so any Delaying tactics anyone?",
    "source" : "acbishop"
  }, {
    "timestamp" : "22-Jan 09:19",
    "message" : "pinging Chriss and Kal as they are probably the ones interested on DT this",
    "source" : "acbishop"
  }, {
    "timestamp" : "22-Jan 12:29",
    "message" : "No",
    "source" : "Ghost"
  }, {
    "timestamp" : "22-Jan 15:36",
    "message" : "No DT",
    "source" : "Kal-El"
  }, {
    "timestamp" : "22-Jan 15:36",
    "message" : "No vote",
    "source" : "Kal-El"
  }, {
    "timestamp" : "23-Jan 02:00",
    "message" : "not great, but no DT. I&#39;d love for the one where you get the cap of your largest vamp then lose 6",
    "source" : "chriss"
  }, {
    "timestamp" : "23-Jan 02:00",
    "message" : "Or the one where you lose 1 for every minion",
    "source" : "chriss"
  }, {
    "timestamp" : "23-Jan 02:03",
    "message" : "so it&#39;s clear",
    "source" : "chriss"
  }, {
    "timestamp" : "23-Jan 02:03",
    "message" : "No DT",
    "source" : "chriss"
  }, {
    "timestamp" : "23-Jan 06:17",
    "message" : "acbishop's pool was 11, now is 14.",
    "command" : "pool acbishop 14"
  }, {
    "timestamp" : "23-Jan 06:17",
    "message" : "Ankha needs to get 6 pool",
    "source" : "acbishop"
  }, {
    "timestamp" : "23-Jan 06:18",
    "message" : "START OF INFLUENCE PHASE.",
    "source" : "acbishop"
  }, {
    "timestamp" : "23-Jan 06:18",
    "message" : "Kal needs to get 2 pool",
    "source" : "acbishop"
  }, {
    "timestamp" : "23-Jan 06:18",
    "message" : "acbishop's pool was 14, now is 13.",
    "command" : "pool acbishop 13"
  }, {
    "timestamp" : "23-Jan 06:18",
    "message" : "acbishop adds 1 blood to inactive region #1, now 7",
    "command" : "counter 378 1"
  }, {
    "timestamp" : "23-Jan 06:18",
    "message" : "acbishop's pool was 13, now is 12.",
    "command" : "pool acbishop 12"
  }, {
    "timestamp" : "23-Jan 06:18",
    "message" : "acbishop adds 1 blood to inactive region #1, now 8",
    "command" : "counter 378 1"
  }, {
    "timestamp" : "23-Jan 06:18",
    "message" : "acbishop's pool was 12, now is 11.",
    "command" : "pool acbishop 11"
  }, {
    "timestamp" : "23-Jan 06:18",
    "message" : "acbishop adds 1 blood to inactive region #1, now 9",
    "command" : "counter 378 1"
  }, {
    "timestamp" : "23-Jan 06:18",
    "message" : "acbishop's pool was 11, now is 10.",
    "command" : "pool acbishop 10"
  }, {
    "timestamp" : "23-Jan 06:18",
    "message" : "acbishop adds 1 blood to inactive region #1, now 10",
    "command" : "counter 378 1"
  }, {
    "timestamp" : "23-Jan 06:18",
    "message" : "acbishop plays <span class='card-name' data-card-id='200611'>Huitzilopochtli</span> to ready region",
    "command" : "move 378 acbishop ready region bottom"
  }, {
    "timestamp" : "23-Jan 06:18",
    "message" : "Capacity of <span class='card-name' data-card-id='200611'>Huitzilopochtli</span> now 10",
    "command" : "capacity 378 10"
  }, {
    "timestamp" : "23-Jan 06:19",
    "message" : "START OF DISCARD PHASE.",
    "source" : "acbishop"
  }, {
    "timestamp" : "23-Jan 06:19",
    "message" : "acbishop discards <span class='card-name' data-card-id='102207'>Zillah's Valley</span>",
    "command" : "move 413 acbishop ashheap top"
  }, {
    "timestamp" : "23-Jan 06:19",
    "message" : "acbishop draws from library",
    "command" : "draw library hand"
  } ]
}