{
  "turnId" : "5.5",
  "player" : "Ghost",
  "chats" : [ {
    "timestamp" : "24-Jan 17:16",
    "message" : "START OF UNLOCK PHASE.",
    "source" : "Ghost"
  }, {
    "timestamp" : "24-Jan 18:10",
    "message" : "Ghost unlocks.",
    "command" : "unlock Ghost"
  }, {
    "timestamp" : "24-Jan 18:11",
    "message" : "START OF MASTER PHASE.",
    "source" : "Ghost"
  }, {
    "timestamp" : "24-Jan 18:11",
    "message" : "Ghost plays <span class='card-name' data-card-id='101019'>Jake Washington</span> to ready region",
    "command" : "move 28 Ghost ready region bottom"
  }, {
    "timestamp" : "24-Jan 18:11",
    "message" : "Ghost draws from library",
    "command" : "draw library hand"
  }, {
    "timestamp" : "24-Jan 18:11",
    "message" : "Ghost adds 1 blood to <span class='card-name' data-card-id='101019'>Jake Washington</span>, now 1",
    "command" : "counter 28 1"
  }, {
    "timestamp" : "24-Jan 18:11",
    "message" : "Suddens?",
    "source" : "Ghost"
  }, {
    "timestamp" : "24-Jan 18:11",
    "message" : "START OF MINION PHASE.",
    "source" : "Ghost"
  }, {
    "timestamp" : "24-Jan 18:12",
    "message" : "Wait, still in master",
    "source" : "Ghost"
  }, {
    "timestamp" : "24-Jan 18:12",
    "message" : "Ghost adds 1 blood to <span class='card-name' data-card-id='100019'>Acquired Ventrue Assets</span> #6, now 4",
    "command" : "counter 18 1"
  }, {
    "timestamp" : "24-Jan 18:12",
    "message" : "Ghost removes 1 blood from <span class='card-name' data-card-id='100019'>Acquired Ventrue Assets</span> #6, now 3",
    "command" : "counter 18 -1"
  }, {
    "timestamp" : "24-Jan 18:12",
    "message" : "Ghost removes 1 blood from <span class='card-name' data-card-id='100019'>Acquired Ventrue Assets</span> #6, now 2",
    "command" : "counter 18 -1"
  }, {
    "timestamp" : "24-Jan 18:12",
    "message" : "Ghost's pool was 17, now is 18.",
    "command" : "pool Ghost 18"
  }, {
    "timestamp" : "24-Jan 18:12",
    "message" : "Ghost locks <span class='card-name' data-card-id='100633'>Embrace, The</span> #7",
    "command" : "tap 43"
  }, {
    "timestamp" : "24-Jan 18:12",
    "message" : "Ghost unlocks <span class='card-name' data-card-id='100633'>Embrace, The</span> #7",
    "command" : "tap 43"
  }, {
    "timestamp" : "24-Jan 18:12",
    "message" : "Ghost locks <span class='card-name' data-card-id='201101'>Paul DiCarlo, The Alpha</span>",
    "command" : "tap 6"
  }, {
    "timestamp" : "24-Jan 18:12",
    "message" : "Ghost plays <span class='card-name' data-card-id='100633'>Embrace, The</span> to ready region",
    "command" : "move 44 Ghost ready region bottom"
  }, {
    "timestamp" : "24-Jan 18:12",
    "message" : "Ghost draws from library",
    "command" : "draw library hand"
  }, {
    "timestamp" : "24-Jan 18:12",
    "message" : "Block?",
    "source" : "Ghost"
  }, {
    "timestamp" : "24-Jan 18:18",
    "message" : "no sw",
    "source" : "Kal-El"
  }, {
    "timestamp" : "24-Jan 18:18",
    "message" : "nb",
    "source" : "Kal-El"
  }, {
    "timestamp" : "24-Jan 18:40",
    "message" : "nb",
    "source" : "chriss"
  }, {
    "timestamp" : "24-Jan 18:54",
    "message" : "Ghost removes 1 blood from <span class='card-name' data-card-id='201101'>Paul DiCarlo, The Alpha</span>, now 1",
    "command" : "counter 6 -1"
  }, {
    "timestamp" : "24-Jan 18:54",
    "message" : "Ghost removes 1 blood from <span class='card-name' data-card-id='201101'>Paul DiCarlo, The Alpha</span>, now 0",
    "command" : "counter 6 -1"
  }, {
    "timestamp" : "24-Jan 18:54",
    "message" : "Capacity of <span class='card-name' data-card-id='100633'>Embrace, The</span> #10 now 1",
    "command" : "capacity 44 1"
  }, {
    "timestamp" : "24-Jan 18:55",
    "message" : "Ghost locks <span class='card-name' data-card-id='100633'>Embrace, The</span> #10",
    "command" : "tap 44"
  }, {
    "timestamp" : "24-Jan 18:55",
    "message" : "Hunt... blocks?",
    "source" : "Ghost"
  }, {
    "timestamp" : "24-Jan 20:15",
    "message" : "Nb",
    "source" : "Kal-El"
  }, {
    "timestamp" : "24-Jan 20:17",
    "message" : "kyoko",
    "source" : "chriss"
  }, {
    "timestamp" : "24-Jan 20:17",
    "message" : "chriss plays <span class='card-name' data-card-id='100868'>Guardian Vigil</span> at <span class='icon aus'></span><span class='icon cel'></span><span class='icon for'></span>",
    "command" : "move 179 chriss ashheap bottom"
  }, {
    "timestamp" : "24-Jan 20:17",
    "message" : "chriss draws from library",
    "command" : "draw library hand"
  }, {
    "timestamp" : "24-Jan 20:38",
    "message" : "Ghost plays <span class='card-name' data-card-id='100323'>Change of Target</span>",
    "command" : "move 49 Ghost ashheap bottom"
  }, {
    "timestamp" : "24-Jan 20:38",
    "message" : "Ghost draws from library",
    "command" : "draw library hand"
  }, {
    "timestamp" : "24-Jan 20:38",
    "message" : "Ghost unlocks <span class='card-name' data-card-id='201101'>Paul DiCarlo, The Alpha</span>",
    "command" : "tap 6"
  }, {
    "timestamp" : "24-Jan 20:38",
    "message" : "Ghost locks <span class='card-name' data-card-id='201101'>Paul DiCarlo, The Alpha</span>",
    "command" : "tap 6"
  }, {
    "timestamp" : "24-Jan 20:38",
    "message" : "Ghost unlocks <span class='card-name' data-card-id='100633'>Embrace, The</span> #10",
    "command" : "tap 44"
  }, {
    "timestamp" : "24-Jan 20:39",
    "message" : "Sorry, wrong vamp",
    "source" : "Ghost"
  }, {
    "timestamp" : "24-Jan 20:39",
    "message" : "Ghost locks <span class='card-name' data-card-id='200834'>Lia Milliner</span>",
    "command" : "tap 2"
  }, {
    "timestamp" : "24-Jan 20:39",
    "message" : "Ghost plays <span class='card-name' data-card-id='100475'>Cry Wolf</span> to ready region",
    "command" : "move 67 Ghost ready region bottom"
  }, {
    "timestamp" : "24-Jan 20:39",
    "message" : "Ghost draws from library",
    "command" : "draw library hand"
  }, {
    "timestamp" : "24-Jan 20:39",
    "message" : "Block?",
    "source" : "Ghost"
  }, {
    "timestamp" : "24-Jan 20:41",
    "message" : "Lia is not an anarch",
    "source" : "Ghost"
  }, {
    "timestamp" : "24-Jan 20:41",
    "message" : "Apologies, distracted by work stuff",
    "source" : "Ghost"
  }, {
    "timestamp" : "24-Jan 20:41",
    "message" : "Ghost unlocks <span class='card-name' data-card-id='200834'>Lia Milliner</span>",
    "command" : "tap 2"
  }, {
    "timestamp" : "24-Jan 20:41",
    "message" : "Ghost locks <span class='card-name' data-card-id='201209'>Rudolfo Giovanni</span>",
    "command" : "tap 5"
  }, {
    "timestamp" : "24-Jan 20:41",
    "message" : "Rudolfo is anarch so he will do it",
    "source" : "Ghost"
  }, {
    "timestamp" : "24-Jan 21:16",
    "message" : "Nb",
    "source" : "Kal-El"
  }, {
    "timestamp" : "24-Jan 21:19",
    "message" : "embrace #10 still has to tap and hunt",
    "source" : "chriss"
  }, {
    "timestamp" : "24-Jan 21:20",
    "message" : "nb cry wolf",
    "source" : "chriss"
  }, {
    "timestamp" : "24-Jan 21:20",
    "message" : "won&#39;t block the 2nd hunt attempt",
    "source" : "chriss"
  }, {
    "timestamp" : "24-Jan 21:39",
    "message" : "The embrace cannot hunt again after change of target",
    "source" : "Ghost"
  }, {
    "timestamp" : "24-Jan 21:39",
    "message" : "Ghost adds 1 blood to <span class='card-name' data-card-id='100475'>Cry Wolf</span>, now 1",
    "command" : "counter 67 1"
  }, {
    "timestamp" : "24-Jan 21:39",
    "message" : "Ghost adds 1 blood to <span class='card-name' data-card-id='100475'>Cry Wolf</span>, now 2",
    "command" : "counter 67 1"
  }, {
    "timestamp" : "24-Jan 21:39",
    "message" : "Ghost adds 1 blood to <span class='card-name' data-card-id='100475'>Cry Wolf</span>, now 3",
    "command" : "counter 67 1"
  }, {
    "timestamp" : "24-Jan 21:41",
    "message" : "Ghost locks <span class='card-name' data-card-id='200834'>Lia Milliner</span>",
    "command" : "tap 2"
  }, {
    "timestamp" : "24-Jan 21:41",
    "message" : "Ghost plays <span class='card-name' data-card-id='101046'>Khazar's Diary (Endless Night)</span>",
    "command" : "move 34 Ghost ashheap bottom"
  }, {
    "timestamp" : "24-Jan 21:41",
    "message" : "Ghost draws from library",
    "command" : "draw library hand"
  }, {
    "timestamp" : "24-Jan 21:41",
    "message" : "lag?",
    "source" : "Ghost"
  }, {
    "timestamp" : "24-Jan 21:41",
    "message" : "Hmm, had some lag there",
    "source" : "Ghost"
  }, {
    "timestamp" : "24-Jan 21:41",
    "message" : "Blocks?",
    "source" : "Ghost"
  }, {
    "timestamp" : "25-Jan 03:20",
    "message" : "nb",
    "source" : "chriss"
  }, {
    "timestamp" : "25-Jan 03:48",
    "message" : "Ghost adds 1 blood to <span class='card-name' data-card-id='101046'>Khazar's Diary (Endless Night)</span> #2, now 5",
    "command" : "counter 41 1"
  }, {
    "timestamp" : "25-Jan 03:48",
    "message" : "Ghost locks <span class='card-name' data-card-id='100633'>Embrace, The</span> #7",
    "command" : "tap 43"
  }, {
    "timestamp" : "25-Jan 03:48",
    "message" : "Ghost plays <span class='card-name' data-card-id='101046'>Khazar's Diary (Endless Night)</span>",
    "command" : "move 40 Ghost ashheap bottom"
  }, {
    "timestamp" : "25-Jan 03:48",
    "message" : "Ghost draws from library",
    "command" : "draw library hand"
  }, {
    "timestamp" : "25-Jan 03:48",
    "message" : "Block?",
    "source" : "Ghost"
  }, {
    "timestamp" : "25-Jan 04:14",
    "message" : "nb",
    "source" : "chriss"
  }, {
    "timestamp" : "25-Jan 05:44",
    "message" : "Nb",
    "source" : "Kal-El"
  }, {
    "timestamp" : "25-Jan 12:46",
    "message" : "Ghost adds 1 blood to <span class='card-name' data-card-id='101046'>Khazar's Diary (Endless Night)</span> #2, now 6",
    "command" : "counter 41 1"
  }, {
    "timestamp" : "25-Jan 12:47",
    "message" : "START OF INFLUENCE PHASE.",
    "source" : "Ghost"
  }, {
    "timestamp" : "25-Jan 12:47",
    "message" : "Ghost's pool was 18, now is 17.",
    "command" : "pool Ghost 17"
  }, {
    "timestamp" : "25-Jan 12:47",
    "message" : "Ghost draws from crypt",
    "command" : "draw crypt inactive region"
  }, {
    "timestamp" : "25-Jan 12:48",
    "message" : "START OF DISCARD PHASE.",
    "source" : "Ghost"
  }, {
    "timestamp" : "25-Jan 12:48",
    "message" : "Ghost discards <span class='card-name' data-card-id='101112'>Liquidation</span>",
    "command" : "move 26 Ghost ashheap top"
  }, {
    "timestamp" : "25-Jan 12:48",
    "message" : "Ghost draws from library",
    "command" : "draw library hand"
  } ]
}