{
  "turnId" : "3.2",
  "player" : "Ankha",
  "chats" : [ {
    "timestamp" : "2-Jan 18:18",
    "message" : "START OF UNLOCK PHASE.",
    "source" : "Ankha"
  }, {
    "timestamp" : "2-Jan 22:11",
    "message" : "START OF INFLUENCE PHASE.",
    "source" : "Ankha"
  }, {
    "timestamp" : "2-Jan 22:11",
    "message" : "Ankha's pool was 20, now is 16.",
    "command" : "pool Ankha 16"
  }, {
    "timestamp" : "2-Jan 22:11",
    "message" : "Ankha adds 4 blood to inactive region #3, now 11",
    "command" : "counter 195 4"
  }, {
    "timestamp" : "2-Jan 22:11",
    "message" : "Ankha's pool was 16, now is 14.",
    "command" : "pool Ankha 14"
  }, {
    "timestamp" : "2-Jan 22:11",
    "message" : "Ankha adds 2 blood to inactive region #2, now 5",
    "command" : "counter 201 2"
  }, {
    "timestamp" : "2-Jan 22:11",
    "message" : "Ankha plays <span class='card-name' data-card-id='201312'>Stanislava</span> to ready region",
    "command" : "move 195 Ankha ready region bottom"
  }, {
    "timestamp" : "2-Jan 22:11",
    "message" : "Capacity of <span class='card-name' data-card-id='201312'>Stanislava</span> now 11",
    "command" : "capacity 195 11"
  }, {
    "timestamp" : "2-Jan 22:11",
    "message" : "<span class='card-name' data-card-id='201312'>Stanislava</span> now has 4 votes"
  }, {
    "timestamp" : "2-Jan 22:12",
    "message" : "Ankha discards <span class='card-name' data-card-id='101309'>Obedience</span>",
    "command" : "move 282 Ankha ashheap top"
  }, {
    "timestamp" : "2-Jan 22:12",
    "message" : "Ankha draws from library",
    "command" : "draw library hand"
  } ]
}