{
  "turnId" : "5.1",
  "player" : "Kal-El",
  "chats" : [ {
    "timestamp" : "17-Jan 02:33",
    "message" : "START OF UNLOCK PHASE.",
    "source" : "Kal-El"
  }, {
    "timestamp" : "17-Jan 16:42",
    "message" : "Villein on egotha for 4",
    "source" : "Kal-El"
  }, {
    "timestamp" : "17-Jan 16:42",
    "message" : "Kal-El plays <span class='card-name' data-card-id='102121'>Villein</span> on <span class='card-name' data-card-id='200405'>Egothha</span>",
    "command" : "puton 299 290"
  }, {
    "timestamp" : "17-Jan 16:42",
    "message" : "Kal-El draws from library",
    "command" : "draw library hand"
  }, {
    "timestamp" : "17-Jan 16:43",
    "message" : "Sw ghost?",
    "source" : "Kal-El"
  }, {
    "timestamp" : "17-Jan 17:38",
    "message" : "No sudden/wash",
    "source" : "Ghost"
  }, {
    "timestamp" : "17-Jan 22:20",
    "message" : "Kal-El's pool was 15, now is 16.",
    "command" : "pool Kal-El 16"
  }, {
    "timestamp" : "17-Jan 22:20",
    "message" : "Kal-El removes 1 blood from <span class='card-name' data-card-id='200405'>Egothha</span>, now 6",
    "command" : "counter 290 -1"
  }, {
    "timestamp" : "17-Jan 22:20",
    "message" : "Kal-El's pool was 16, now is 17.",
    "command" : "pool Kal-El 17"
  }, {
    "timestamp" : "17-Jan 22:20",
    "message" : "Kal-El removes 1 blood from <span class='card-name' data-card-id='200405'>Egothha</span>, now 5",
    "command" : "counter 290 -1"
  }, {
    "timestamp" : "17-Jan 22:20",
    "message" : "Kal-El's pool was 17, now is 18.",
    "command" : "pool Kal-El 18"
  }, {
    "timestamp" : "17-Jan 22:20",
    "message" : "Kal-El removes 1 blood from <span class='card-name' data-card-id='200405'>Egothha</span>, now 4",
    "command" : "counter 290 -1"
  }, {
    "timestamp" : "17-Jan 22:21",
    "message" : "Kal-El's pool was 18, now is 19.",
    "command" : "pool Kal-El 19"
  }, {
    "timestamp" : "17-Jan 22:21",
    "message" : "Kal-El removes 1 blood from <span class='card-name' data-card-id='200405'>Egothha</span>, now 3",
    "command" : "counter 290 -1"
  }, {
    "timestamp" : "17-Jan 22:21",
    "message" : "Kal-El plays <span class='card-name' data-card-id='101536'>Rack, The</span> to ready region",
    "command" : "move 296 Kal-El ready region bottom"
  }, {
    "timestamp" : "17-Jan 22:21",
    "message" : "Kal-El draws from library",
    "command" : "draw library hand"
  }, {
    "timestamp" : "17-Jan 22:21",
    "message" : "Kal-El locks <span class='card-name' data-card-id='200405'>Egothha</span>",
    "command" : "tap 290"
  }, {
    "timestamp" : "17-Jan 22:21",
    "message" : "Kal-El plays <span class='card-name' data-card-id='100634'>Emerald Legionnaire</span> to ready region",
    "command" : "move 348 Kal-El ready region bottom"
  }, {
    "timestamp" : "17-Jan 22:21",
    "message" : "Kal-El draws from library",
    "command" : "draw library hand"
  }, {
    "timestamp" : "17-Jan 22:21",
    "message" : "Block?",
    "source" : "Kal-El"
  }, {
    "timestamp" : "17-Jan 22:24",
    "message" : "No block",
    "source" : "Ghost"
  }, {
    "timestamp" : "18-Jan 08:49",
    "message" : "Nb stealth",
    "source" : "Ankha"
  }, {
    "timestamp" : "18-Jan 10:50",
    "message" : "Kal-El's pool was 19, now is 18.",
    "command" : "pool Kal-El 18"
  }, {
    "timestamp" : "18-Jan 10:50",
    "message" : "Kal-El adds 1 blood to <span class='card-name' data-card-id='100634'>Emerald Legionnaire</span> #4, now 1",
    "command" : "counter 348 1"
  }, {
    "timestamp" : "18-Jan 10:50",
    "message" : "Kal-El adds 1 blood to <span class='card-name' data-card-id='100634'>Emerald Legionnaire</span> #4, now 2",
    "command" : "counter 348 1"
  }, {
    "timestamp" : "18-Jan 10:50",
    "message" : "Kal-El locks <span class='card-name' data-card-id='200434'>Erlik</span>",
    "command" : "tap 284"
  }, {
    "timestamp" : "18-Jan 10:50",
    "message" : "Kal-El plays <span class='card-name' data-card-id='100634'>Emerald Legionnaire</span> to ready region",
    "command" : "move 351 Kal-El ready region bottom"
  }, {
    "timestamp" : "18-Jan 10:50",
    "message" : "Kal-El draws from library",
    "command" : "draw library hand"
  }, {
    "timestamp" : "18-Jan 10:50",
    "message" : "Block?",
    "source" : "Kal-El"
  }, {
    "timestamp" : "18-Jan 12:23",
    "message" : "I said Nb stealth",
    "source" : "Ankha"
  }, {
    "timestamp" : "18-Jan 13:05",
    "message" : "No block",
    "source" : "Ghost"
  }, {
    "timestamp" : "18-Jan 18:45",
    "message" : "Kal-El's pool was 18, now is 17.",
    "command" : "pool Kal-El 17"
  }, {
    "timestamp" : "18-Jan 18:45",
    "message" : "Kal-El adds 1 blood to <span class='card-name' data-card-id='100634'>Emerald Legionnaire</span> #5, now 1",
    "command" : "counter 351 1"
  }, {
    "timestamp" : "18-Jan 18:45",
    "message" : "Kal-El adds 1 blood to <span class='card-name' data-card-id='100634'>Emerald Legionnaire</span> #5, now 2",
    "command" : "counter 351 1"
  }, {
    "timestamp" : "18-Jan 18:46",
    "message" : "Kal-El draws from library",
    "command" : "draw library hand"
  }, {
    "timestamp" : "18-Jan 18:46",
    "message" : "Erika &#43;1 handsize",
    "source" : "Kal-El"
  }, {
    "timestamp" : "18-Jan 18:47",
    "message" : "Kal-El discards <span class='card-name' data-card-id='101843'>Spectral Divination</span>",
    "command" : "move 320 Kal-El ashheap top"
  }, {
    "timestamp" : "18-Jan 18:47",
    "message" : "Kal-El draws from library",
    "command" : "draw library hand"
  } ]
}