{
  "turnId" : "7.3",
  "player" : "chriss",
  "chats" : [ {
    "timestamp" : "10-Feb 21:18",
    "message" : "START OF UNLOCK PHASE.",
    "source" : "chriss"
  }, {
    "timestamp" : "11-Feb 00:16",
    "message" : "chriss unlocks.",
    "command" : "unlock chriss"
  }, {
    "timestamp" : "11-Feb 00:17",
    "message" : "START OF MASTER PHASE.",
    "source" : "chriss"
  }, {
    "timestamp" : "11-Feb 00:17",
    "message" : "chriss plays <span class='card-name' data-card-id='101704'>Seattle Committee</span> to ready region",
    "command" : "move 115 chriss ready region bottom"
  }, {
    "timestamp" : "11-Feb 00:17",
    "message" : "chriss draws from library",
    "command" : "draw library hand"
  }, {
    "timestamp" : "11-Feb 00:17",
    "message" : "START OF MINION PHASE.",
    "source" : "chriss"
  }, {
    "timestamp" : "11-Feb 00:17",
    "message" : "chriss locks <span class='card-name' data-card-id='200798'>Kyoko Shinsegawa</span>",
    "command" : "tap 98"
  }, {
    "timestamp" : "11-Feb 00:17",
    "message" : "Hunt",
    "source" : "chriss"
  }, {
    "timestamp" : "11-Feb 00:29",
    "message" : "No block",
    "source" : "Ghost"
  }, {
    "timestamp" : "11-Feb 01:33",
    "message" : "I feel like it&#39;s unlikely Ankha will block. I&#39;ll keep moving though, and stop when it matters",
    "source" : "chriss"
  }, {
    "timestamp" : "11-Feb 01:33",
    "message" : "chriss adds 1 blood to <span class='card-name' data-card-id='200798'>Kyoko Shinsegawa</span>, now 1",
    "command" : "counter 98 1"
  }, {
    "timestamp" : "11-Feb 01:34",
    "message" : "START OF DISCARD PHASE.",
    "source" : "chriss"
  }, {
    "timestamp" : "11-Feb 01:34",
    "message" : "Ok, I&#39;m at my Discard phase, but don&#39;t want to discard in case we get in a fight",
    "source" : "chriss"
  }, {
    "timestamp" : "11-Feb 08:47",
    "message" : "nb stealth",
    "source" : "Ankha"
  }, {
    "timestamp" : "11-Feb 08:47",
    "message" : "Kyoko cannot hunt normally, you have to hunt on someone",
    "source" : "Ankha"
  }, {
    "timestamp" : "12-Feb 04:51",
    "message" : "Oh right rtfc",
    "source" : "chriss"
  }, {
    "timestamp" : "12-Feb 04:51",
    "message" : "Hmmm",
    "source" : "chriss"
  }, {
    "timestamp" : "12-Feb 04:52",
    "message" : "Kyoko will hunt from Paul DiCarlo at &#43;1s",
    "source" : "chriss"
  }, {
    "timestamp" : "12-Feb 04:52",
    "message" : "chriss removes 1 blood from <span class='card-name' data-card-id='200798'>Kyoko Shinsegawa</span>, now 0",
    "command" : "counter 98 -1"
  }, {
    "timestamp" : "12-Feb 13:19",
    "message" : "Ghost removes 1 blood from <span class='card-name' data-card-id='201101'>Paul DiCarlo, The Alpha</span>, now 0",
    "command" : "counter 6 -1"
  }, {
    "timestamp" : "12-Feb 13:19",
    "message" : "No block",
    "source" : "Ghost"
  }, {
    "timestamp" : "13-Feb 06:21",
    "message" : "chriss adds 1 blood to <span class='card-name' data-card-id='200798'>Kyoko Shinsegawa</span>, now 1",
    "command" : "counter 98 1"
  }, {
    "timestamp" : "13-Feb 06:21",
    "message" : "chriss locks <span class='card-name' data-card-id='200394'>Dylan</span>",
    "command" : "tap 93"
  }, {
    "timestamp" : "13-Feb 06:21",
    "message" : "chriss plays <span class='card-name' data-card-id='100952'>Illegalism</span> at <span class='icon cel'></span>",
    "command" : "move 123 chriss ashheap bottom"
  }, {
    "timestamp" : "13-Feb 06:21",
    "message" : "chriss draws from library",
    "command" : "draw library hand"
  }, {
    "timestamp" : "13-Feb 06:21",
    "message" : "2b 1s",
    "source" : "chriss"
  }, {
    "timestamp" : "13-Feb 08:53",
    "message" : "No block",
    "source" : "Ghost"
  }, {
    "timestamp" : "13-Feb 22:04",
    "message" : "2",
    "source" : "chriss"
  }, {
    "timestamp" : "13-Feb 22:20",
    "message" : "Ghost's pool was 17, now is 15.",
    "command" : "pool Ghost 15"
  }, {
    "timestamp" : "13-Feb 22:26",
    "message" : "chriss grabs edge from Ankha.",
    "command" : "edge chriss"
  }, {
    "timestamp" : "13-Feb 22:26",
    "message" : "chriss unlocks <span class='card-name' data-card-id='200394'>Dylan</span>",
    "command" : "tap 93"
  }, {
    "timestamp" : "13-Feb 22:27",
    "message" : "now actually discarding",
    "source" : "chriss"
  }, {
    "timestamp" : "13-Feb 22:27",
    "message" : "chriss discards <span class='card-name' data-card-id='100052'>Anarch Free Press, The</span>",
    "command" : "move 108 chriss ashheap top"
  }, {
    "timestamp" : "13-Feb 22:27",
    "message" : "chriss draws from library",
    "command" : "draw library hand"
  } ]
}