{
  "turnId" : "6.4",
  "player" : "Ghost",
  "chats" : [ {
    "timestamp" : "31-Jan 15:59",
    "message" : "START OF UNLOCK PHASE.",
    "source" : "Ghost"
  }, {
    "timestamp" : "31-Jan 19:39",
    "message" : "Ghost unlocks.",
    "command" : "unlock Ghost"
  }, {
    "timestamp" : "31-Jan 19:40",
    "message" : "START OF MASTER PHASE.",
    "source" : "Ghost"
  }, {
    "timestamp" : "31-Jan 19:40",
    "message" : "Ghost removes 1 blood from <span class='card-name' data-card-id='100019'>Acquired Ventrue Assets</span> #6, now 1",
    "command" : "counter 18 -1"
  }, {
    "timestamp" : "31-Jan 19:40",
    "message" : "Ghost's pool was 17, now is 18.",
    "command" : "pool Ghost 18"
  }, {
    "timestamp" : "31-Jan 19:40",
    "message" : "Ghost plays <span class='card-name' data-card-id='100548'>Dis Pater</span> to ready region",
    "command" : "move 19 Ghost ready region bottom"
  }, {
    "timestamp" : "31-Jan 19:40",
    "message" : "Ghost draws from library",
    "command" : "draw library hand"
  }, {
    "timestamp" : "31-Jan 19:40",
    "message" : "START OF MINION PHASE.",
    "source" : "Ghost"
  }, {
    "timestamp" : "31-Jan 19:41",
    "message" : "Ghost locks <span class='card-name' data-card-id='100633'>Embrace, The</span> #10",
    "command" : "tap 44"
  }, {
    "timestamp" : "31-Jan 19:41",
    "message" : "Hunt, blocks?",
    "source" : "Ghost"
  }, {
    "timestamp" : "31-Jan 19:41",
    "message" : "All Giovanni now have NEC",
    "source" : "Ghost"
  }, {
    "timestamp" : "31-Jan 20:54",
    "message" : "Dylan attempts",
    "source" : "chriss"
  }, {
    "timestamp" : "31-Jan 20:55",
    "message" : "chriss plays <span class='card-name' data-card-id='100868'>Guardian Vigil</span> at <span class='icon aus'></span><span class='icon cel'></span><span class='icon for'></span>",
    "command" : "move 183 chriss ashheap bottom"
  }, {
    "timestamp" : "31-Jan 20:55",
    "message" : "chriss draws from library",
    "command" : "draw library hand"
  }, {
    "timestamp" : "31-Jan 22:13",
    "message" : "Ghost plays <span class='card-name' data-card-id='100323'>Change of Target</span>",
    "command" : "move 50 Ghost ashheap bottom"
  }, {
    "timestamp" : "31-Jan 22:13",
    "message" : "Ghost draws from library",
    "command" : "draw library hand"
  }, {
    "timestamp" : "31-Jan 22:13",
    "message" : "Ghost locks <span class='card-name' data-card-id='201101'>Paul DiCarlo, The Alpha</span>",
    "command" : "tap 6"
  }, {
    "timestamp" : "31-Jan 22:13",
    "message" : "Hunt",
    "source" : "Ghost"
  }, {
    "timestamp" : "1-Feb 00:48",
    "message" : "nb hunt",
    "source" : "chriss"
  }, {
    "timestamp" : "1-Feb 08:53",
    "message" : "Nb",
    "source" : "Kal-El"
  }, {
    "timestamp" : "1-Feb 12:56",
    "message" : "Ghost adds 1 blood to <span class='card-name' data-card-id='201101'>Paul DiCarlo, The Alpha</span>, now 1",
    "command" : "counter 6 1"
  }, {
    "timestamp" : "1-Feb 12:56",
    "message" : "Ghost locks <span class='card-name' data-card-id='201209'>Rudolfo Giovanni</span>",
    "command" : "tap 5"
  }, {
    "timestamp" : "1-Feb 12:56",
    "message" : "Ghost plays <span class='card-name' data-card-id='100475'>Cry Wolf</span> to ready region",
    "command" : "move 72 Ghost ready region bottom"
  }, {
    "timestamp" : "1-Feb 12:56",
    "message" : "Ghost draws from library",
    "command" : "draw library hand"
  }, {
    "timestamp" : "1-Feb 13:45",
    "message" : "Egothha blocks",
    "source" : "Kal-El"
  }, {
    "timestamp" : "1-Feb 13:45",
    "message" : "Kal-El plays <span class='card-name' data-card-id='100644'>Enhanced Senses</span> at <span class='icon AUS'></span>",
    "command" : "move 356 Kal-El ashheap bottom"
  }, {
    "timestamp" : "1-Feb 13:45",
    "message" : "Kal-El draws from library",
    "command" : "draw library hand"
  }, {
    "timestamp" : "1-Feb 14:27",
    "message" : "Ghost plays <span class='card-name' data-card-id='100279'>Call of the Hungry Dead</span> at <span class='icon NEC'></span>",
    "command" : "move 52 Ghost ashheap bottom"
  }, {
    "timestamp" : "1-Feb 14:27",
    "message" : "Ghost draws from library",
    "command" : "draw library hand"
  }, {
    "timestamp" : "1-Feb 14:27",
    "message" : "Ghost removes 1 blood from <span class='card-name' data-card-id='201209'>Rudolfo Giovanni</span>, now 0",
    "command" : "counter 5 -1"
  }, {
    "timestamp" : "1-Feb 16:47",
    "message" : "Nb",
    "source" : "Kal-El"
  }, {
    "timestamp" : "2-Feb 00:07",
    "message" : "chriss plays <span class='card-name' data-card-id='100868'>Guardian Vigil</span> at <span class='icon aus'></span><span class='icon cel'></span><span class='icon for'></span>",
    "command" : "move 185 chriss ashheap bottom"
  }, {
    "timestamp" : "2-Feb 00:07",
    "message" : "chriss draws from library",
    "command" : "draw library hand"
  }, {
    "timestamp" : "2-Feb 00:07",
    "message" : "Dylan to attempt",
    "source" : "chriss"
  }, {
    "timestamp" : "2-Feb 00:08",
    "message" : "&#43;1i, doesn&#39;t lock, gets a maneuver",
    "source" : "chriss"
  }, {
    "timestamp" : "2-Feb 20:41",
    "message" : "Ghost moves <span class='card-name' data-card-id='201209'>Rudolfo Giovanni</span> to Ghost's torpor",
    "command" : "move 5 Ghost torpor bottom"
  }, {
    "timestamp" : "2-Feb 20:42",
    "message" : "Ghost locks <span class='card-name' data-card-id='200525'>Gloria Giovanni</span>",
    "command" : "tap 7"
  }, {
    "timestamp" : "2-Feb 20:42",
    "message" : "rescue",
    "source" : "Ghost"
  }, {
    "timestamp" : "2-Feb 21:31",
    "message" : "Nb",
    "source" : "Kal-El"
  }, {
    "timestamp" : "3-Feb 04:59",
    "message" : "nb",
    "source" : "chriss"
  }, {
    "timestamp" : "3-Feb 11:20",
    "message" : "Ghost removes 1 blood from <span class='card-name' data-card-id='200525'>Gloria Giovanni</span>, now 2",
    "command" : "counter 7 -1"
  }, {
    "timestamp" : "3-Feb 11:20",
    "message" : "Ghost removes 1 blood from <span class='card-name' data-card-id='200525'>Gloria Giovanni</span>, now 1",
    "command" : "counter 7 -1"
  }, {
    "timestamp" : "3-Feb 11:21",
    "message" : "Ghost moves <span class='card-name' data-card-id='201209'>Rudolfo Giovanni</span> to Ghost's ready region",
    "command" : "move 5 Ghost ready region bottom"
  }, {
    "timestamp" : "3-Feb 11:21",
    "message" : "Ghost locks <span class='card-name' data-card-id='200834'>Lia Milliner</span>",
    "command" : "tap 2"
  }, {
    "timestamp" : "3-Feb 11:22",
    "message" : "Go get a Khazar wraith, blocks?",
    "source" : "Ghost"
  }, {
    "timestamp" : "3-Feb 20:42",
    "message" : "nb",
    "source" : "chriss"
  }, {
    "timestamp" : "3-Feb 21:13",
    "message" : "Egothha blocks",
    "source" : "Kal-El"
  }, {
    "timestamp" : "3-Feb 21:14",
    "message" : "Kal-El plays <span class='card-name' data-card-id='101843'>Spectral Divination</span> at <span class='icon NEC'></span>",
    "command" : "move 319 Kal-El ashheap bottom"
  }, {
    "timestamp" : "3-Feb 21:14",
    "message" : "Kal-El draws from library",
    "command" : "draw library hand"
  }, {
    "timestamp" : "3-Feb 21:14",
    "message" : "Kal-El removes 1 blood from <span class='card-name' data-card-id='200405'>Egothha</span>, now 2",
    "command" : "counter 290 -1"
  }, {
    "timestamp" : "3-Feb 22:04",
    "message" : "Ghost plays <span class='card-name' data-card-id='100279'>Call of the Hungry Dead</span> at <span class='icon NEC'></span>",
    "command" : "move 56 Ghost ashheap bottom"
  }, {
    "timestamp" : "3-Feb 22:04",
    "message" : "Ghost draws from library",
    "command" : "draw library hand"
  }, {
    "timestamp" : "3-Feb 22:04",
    "message" : "Ghost removes 1 blood from <span class='card-name' data-card-id='200834'>Lia Milliner</span>, now 0",
    "command" : "counter 2 -1"
  }, {
    "timestamp" : "4-Feb 19:04",
    "message" : "Inferior?",
    "source" : "Kal-El"
  }, {
    "timestamp" : "4-Feb 19:16",
    "message" : "No, at NEC... all Giovanni have NEC now, as per Khazar&#39;s Diary",
    "source" : "Ghost"
  }, {
    "timestamp" : "4-Feb 19:16",
    "message" : "Nb",
    "source" : "Kal-El"
  }, {
    "timestamp" : "4-Feb 19:17",
    "message" : "I did not move Cry Wolf to ash... will just use that card for the wraith",
    "source" : "Ghost"
  }, {
    "timestamp" : "4-Feb 19:20",
    "message" : "<span class='card-name' data-card-id='100475'>Cry Wolf</span> now \"Khazar Wraith, 0 strength, 1 bleed and +1 stealth\""
  }, {
    "timestamp" : "4-Feb 19:20",
    "message" : "Ghost locks <span class='card-name' data-card-id='100633'>Embrace, The</span> #6",
    "command" : "tap 43"
  }, {
    "timestamp" : "4-Feb 19:20",
    "message" : "Will attempt to get another wraith",
    "source" : "Ghost"
  }, {
    "timestamp" : "4-Feb 19:32",
    "message" : "Kal-El locks <span class='card-name' data-card-id='200405'>Egothha</span>",
    "command" : "tap 290"
  }, {
    "timestamp" : "4-Feb 19:32",
    "message" : "Kal-El removes 1 blood from <span class='card-name' data-card-id='200405'>Egothha</span>, now 1",
    "command" : "counter 290 -1"
  }, {
    "timestamp" : "4-Feb 19:32",
    "message" : "Kal-El plays <span class='card-name' data-card-id='101949'>Telepathic Misdirection</span> at <span class='icon aus'></span>",
    "command" : "move 367 Kal-El ashheap bottom"
  }, {
    "timestamp" : "4-Feb 19:32",
    "message" : "Kal-El draws from library",
    "command" : "draw library hand"
  }, {
    "timestamp" : "4-Feb 19:32",
    "message" : "Tb",
    "source" : "Kal-El"
  }, {
    "timestamp" : "4-Feb 20:00",
    "message" : "No pre, no maneuver",
    "source" : "Ghost"
  }, {
    "timestamp" : "4-Feb 21:30",
    "message" : "No pre, no maneuver",
    "source" : "Kal-El"
  }, {
    "timestamp" : "4-Feb 23:02",
    "message" : "Hands for 1",
    "source" : "Ghost"
  }, {
    "timestamp" : "5-Feb 05:39",
    "message" : "Kal-El removes 1 blood from <span class='card-name' data-card-id='200405'>Egothha</span>, now 0",
    "command" : "counter 290 -1"
  }, {
    "timestamp" : "5-Feb 05:39",
    "message" : "Kal-El plays <span class='card-name' data-card-id='100249'>Breath of Thanatos</span> at <span class='icon NEC'></span>",
    "command" : "move 372 Kal-El ashheap bottom"
  }, {
    "timestamp" : "5-Feb 05:39",
    "message" : "Kal-El draws from library",
    "command" : "draw library hand"
  }, {
    "timestamp" : "5-Feb 05:39",
    "message" : "Kal-El plays <span class='card-name' data-card-id='101649'>Rolling with the Punches</span> at <span class='icon for'></span>",
    "command" : "move 337 Kal-El ashheap bottom"
  }, {
    "timestamp" : "5-Feb 05:39",
    "message" : "Kal-El draws from library",
    "command" : "draw library hand"
  }, {
    "timestamp" : "5-Feb 11:31",
    "message" : "Ghost moves <span class='card-name' data-card-id='100633'>Embrace, The</span> #6 to Ghost's torpor",
    "command" : "move 43 Ghost torpor bottom"
  }, {
    "timestamp" : "5-Feb 11:31",
    "message" : "START OF INFLUENCE PHASE.",
    "source" : "Ghost"
  }, {
    "timestamp" : "5-Feb 11:32",
    "message" : "Ghost's pool was 18, now is 17.",
    "command" : "pool Ghost 17"
  }, {
    "timestamp" : "5-Feb 11:32",
    "message" : "Ghost adds 1 blood to inactive region #1, now 1",
    "command" : "counter 12 1"
  }, {
    "timestamp" : "5-Feb 11:32",
    "message" : "Ghost plays <span class='card-name' data-card-id='200076'>Anarch Convert</span> to ready region",
    "command" : "move 12 Ghost ready region bottom"
  }, {
    "timestamp" : "5-Feb 11:32",
    "message" : "Capacity of <span class='card-name' data-card-id='200076'>Anarch Convert</span> now 1",
    "command" : "capacity 12 1"
  }, {
    "timestamp" : "5-Feb 11:32",
    "message" : "Ghost moves <span class='card-name' data-card-id='200076'>Anarch Convert</span> to Ghost's rfg",
    "command" : "move 12 Ghost rfg bottom"
  }, {
    "timestamp" : "5-Feb 11:33",
    "message" : "<span class='card-name' data-card-id='200525'>Gloria Giovanni</span> now \"Anarch\""
  }, {
    "timestamp" : "5-Feb 11:33",
    "message" : "Ghost draws from crypt",
    "command" : "draw crypt inactive region"
  }, {
    "timestamp" : "5-Feb 11:33",
    "message" : "START OF DISCARD PHASE.",
    "source" : "Ghost"
  }, {
    "timestamp" : "5-Feb 11:34",
    "message" : "Ghost discards <span class='card-name' data-card-id='101321'>On the Qui Vive</span>",
    "command" : "move 86 Ghost ashheap top"
  }, {
    "timestamp" : "5-Feb 11:34",
    "message" : "Ghost draws from library",
    "command" : "draw library hand"
  } ]
}