{
  "turnId" : "4.2",
  "player" : "Ankha",
  "chats" : [ {
    "timestamp" : "7-Jan 19:13",
    "message" : "START OF UNLOCK PHASE.",
    "source" : "Ankha"
  }, {
    "timestamp" : "8-Jan 14:38",
    "message" : "START OF MINION PHASE.",
    "source" : "Ankha"
  }, {
    "timestamp" : "8-Jan 14:38",
    "message" : "Ankha locks <span class='card-name' data-card-id='201312'>Stanislava</span>",
    "command" : "tap 195"
  }, {
    "timestamp" : "8-Jan 14:38",
    "message" : "Ankha plays <span class='card-name' data-card-id='100845'>Govern the Unaligned</span> at <span class='icon DOM'></span>",
    "command" : "move 241 Ankha ashheap bottom"
  }, {
    "timestamp" : "8-Jan 14:38",
    "message" : "Ankha draws from library",
    "command" : "draw library hand"
  }, {
    "timestamp" : "8-Jan 14:38",
    "message" : "On #1, block?",
    "source" : "Ankha"
  }, {
    "timestamp" : "8-Jan 14:49",
    "message" : "nb",
    "source" : "acbishop"
  }, {
    "timestamp" : "8-Jan 17:02",
    "message" : "nb",
    "source" : "Kal-El"
  }, {
    "timestamp" : "8-Jan 17:07",
    "message" : "Ankha removes 1 blood from <span class='card-name' data-card-id='201312'>Stanislava</span>, now 10",
    "command" : "counter 195 -1"
  }, {
    "timestamp" : "8-Jan 17:07",
    "message" : "Ankha removes 1 blood from <span class='card-name' data-card-id='201312'>Stanislava</span>, now 9",
    "command" : "counter 195 -1"
  }, {
    "timestamp" : "8-Jan 17:07",
    "message" : "Ankha adds 1 blood to inactive region #1, now 1",
    "command" : "counter 198 1"
  }, {
    "timestamp" : "8-Jan 17:07",
    "message" : "Ankha adds 1 blood to inactive region #1, now 2",
    "command" : "counter 198 1"
  }, {
    "timestamp" : "8-Jan 17:07",
    "message" : "Ankha adds 1 blood to inactive region #1, now 3",
    "command" : "counter 198 1"
  }, {
    "timestamp" : "8-Jan 17:07",
    "message" : "Ankha plays <span class='card-name' data-card-id='100788'>Freak Drive</span> at <span class='icon for'></span>",
    "command" : "move 257 Ankha ashheap bottom"
  }, {
    "timestamp" : "8-Jan 17:07",
    "message" : "Ankha draws from library",
    "command" : "draw library hand"
  }, {
    "timestamp" : "8-Jan 17:08",
    "message" : "Ankha unlocks <span class='card-name' data-card-id='201312'>Stanislava</span>",
    "command" : "tap 195"
  }, {
    "timestamp" : "8-Jan 17:08",
    "message" : "Ankha locks <span class='card-name' data-card-id='201312'>Stanislava</span>",
    "command" : "tap 195"
  }, {
    "timestamp" : "8-Jan 17:09",
    "message" : "Bleed for 3",
    "source" : "Ankha"
  }, {
    "timestamp" : "8-Jan 18:03",
    "message" : "nb, 3 or more?",
    "source" : "acbishop"
  }, {
    "timestamp" : "8-Jan 20:35",
    "message" : "just 3",
    "source" : "Ankha"
  }, {
    "timestamp" : "8-Jan 22:04",
    "message" : "acbishop removes 1 blood from <span class='card-name' data-card-id='200135'>Arika</span>, now 9",
    "command" : "counter 380 -1"
  }, {
    "timestamp" : "8-Jan 22:04",
    "message" : "acbishop plays <span class='card-name' data-card-id='100518'>Deflection</span> at <span class='icon DOM'></span>",
    "command" : "move 447 acbishop ashheap bottom"
  }, {
    "timestamp" : "8-Jan 22:04",
    "message" : "acbishop draws from library",
    "command" : "draw library hand"
  }, {
    "timestamp" : "8-Jan 22:04",
    "message" : "just 3 for Chriss",
    "source" : "acbishop"
  }, {
    "timestamp" : "8-Jan 22:06",
    "message" : "I don&#39;t mind if you block, there&#39;s no stealth",
    "source" : "Ankha"
  }, {
    "timestamp" : "9-Jan 04:19",
    "message" : "kyoko to block, I am going to cycle some cards, but ultimately just do h1",
    "source" : "chriss"
  }, {
    "timestamp" : "9-Jan 08:49",
    "message" : "hs here too",
    "source" : "Ankha"
  }, {
    "timestamp" : "9-Jan 08:49",
    "message" : "I let you play your cards",
    "source" : "Ankha"
  }, {
    "timestamp" : "10-Jan 02:16",
    "message" : "chriss plays <span class='card-name' data-card-id='102169'>Weighted Walking Stick</span>",
    "command" : "move 170 chriss ashheap bottom"
  }, {
    "timestamp" : "10-Jan 02:16",
    "message" : "chriss draws from library",
    "command" : "draw library hand"
  }, {
    "timestamp" : "10-Jan 02:16",
    "message" : "chriss puts <span class='card-name' data-card-id='102169'>Weighted Walking Stick</span> #6 on <span class='card-name' data-card-id='200798'>Kyoko Shinsegawa</span>",
    "command" : "puton 170 98"
  }, {
    "timestamp" : "10-Jan 02:16",
    "message" : "h1, I will prevent",
    "source" : "chriss"
  }, {
    "timestamp" : "10-Jan 02:16",
    "message" : "chriss plays <span class='card-name' data-card-id='101649'>Rolling with the Punches</span> at <span class='icon for'></span>",
    "command" : "move 140 chriss ashheap bottom"
  }, {
    "timestamp" : "10-Jan 02:16",
    "message" : "chriss draws from library",
    "command" : "draw library hand"
  }, {
    "timestamp" : "10-Jan 02:17",
    "message" : "no press",
    "source" : "chriss"
  }, {
    "timestamp" : "10-Jan 02:17",
    "message" : "chriss adds 1 blood to <span class='card-name' data-card-id='102169'>Weighted Walking Stick</span>, now 1",
    "command" : "counter 170 1"
  }, {
    "timestamp" : "10-Jan 02:17",
    "message" : "chriss adds 1 blood to <span class='card-name' data-card-id='102169'>Weighted Walking Stick</span>, now 2",
    "command" : "counter 170 1"
  }, {
    "timestamp" : "10-Jan 02:17",
    "message" : "chriss adds 1 blood to <span class='card-name' data-card-id='102169'>Weighted Walking Stick</span>, now 3",
    "command" : "counter 170 1"
  }, {
    "timestamp" : "10-Jan 02:17",
    "message" : "chriss adds 1 blood to <span class='card-name' data-card-id='102169'>Weighted Walking Stick</span>, now 4",
    "command" : "counter 170 1"
  }, {
    "timestamp" : "10-Jan 02:17",
    "message" : "chriss adds 1 blood to <span class='card-name' data-card-id='102169'>Weighted Walking Stick</span>, now 5",
    "command" : "counter 170 1"
  }, {
    "timestamp" : "10-Jan 08:28",
    "message" : "START OF INFLUENCE PHASE.",
    "source" : "Ankha"
  }, {
    "timestamp" : "10-Jan 08:28",
    "message" : "Ankha's pool was 13, now is 7.",
    "command" : "pool Ankha 7"
  }, {
    "timestamp" : "10-Jan 08:28",
    "message" : "Ankha adds 6 blood to inactive region #2, now 11",
    "command" : "counter 201 6"
  }, {
    "timestamp" : "10-Jan 08:28",
    "message" : "Ankha plays <span class='card-name' data-card-id='201006'>Montano</span> to ready region",
    "command" : "move 201 Ankha ready region bottom"
  }, {
    "timestamp" : "10-Jan 08:28",
    "message" : "Capacity of <span class='card-name' data-card-id='201006'>Montano</span> now 11",
    "command" : "capacity 201 11"
  }, {
    "timestamp" : "10-Jan 08:28",
    "message" : "<span class='card-name' data-card-id='201006'>Montano</span> now has 2 votes"
  }, {
    "timestamp" : "10-Jan 08:29",
    "message" : "Ankha discards <span class='card-name' data-card-id='101890'>Subdued by the Blood</span>",
    "command" : "move 206 Ankha ashheap top"
  }, {
    "timestamp" : "10-Jan 08:29",
    "message" : "Ankha draws from library",
    "command" : "draw library hand"
  } ]
}