{
  "turnId" : "5.2",
  "player" : "Ankha",
  "chats" : [ {
    "timestamp" : "18-Jan 18:47",
    "message" : "START OF UNLOCK PHASE.",
    "source" : "Ankha"
  }, {
    "timestamp" : "18-Jan 21:43",
    "message" : "Ankha unlocks.",
    "command" : "unlock Ankha"
  }, {
    "timestamp" : "18-Jan 21:43",
    "message" : "START OF MINION PHASE.",
    "source" : "Ankha"
  }, {
    "timestamp" : "18-Jan 21:44",
    "message" : "Ankha locks <span class='card-name' data-card-id='100984'>Information Highway</span>",
    "command" : "tap 223"
  }, {
    "timestamp" : "18-Jan 21:44",
    "message" : "Ankha unlocks.",
    "command" : "unlock Ankha"
  }, {
    "timestamp" : "18-Jan 21:44",
    "message" : "Ankha locks <span class='card-name' data-card-id='201312'>Stanislava</span>",
    "command" : "tap 195"
  }, {
    "timestamp" : "18-Jan 21:44",
    "message" : "Ankha plays <span class='card-name' data-card-id='102270'>Camarilla's Iron Fist</span>",
    "command" : "move 275 Ankha ashheap bottom"
  }, {
    "timestamp" : "18-Jan 21:44",
    "message" : "Ankha draws from library",
    "command" : "draw library hand"
  }, {
    "timestamp" : "18-Jan 21:44",
    "message" : "block?",
    "source" : "Ankha"
  }, {
    "timestamp" : "19-Jan 07:51",
    "message" : "Nb",
    "source" : "Kal-El"
  }, {
    "timestamp" : "19-Jan 07:51",
    "message" : "No vote no DT",
    "source" : "Kal-El"
  }, {
    "timestamp" : "19-Jan 08:03",
    "message" : "Nb",
    "source" : "acbishop"
  }, {
    "timestamp" : "19-Jan 08:03",
    "message" : "4 against",
    "source" : "acbishop"
  }, {
    "timestamp" : "19-Jan 14:54",
    "message" : "Terms are 4 prey 1 predator, and I gain 1 pool",
    "source" : "Ankha"
  }, {
    "timestamp" : "19-Jan 14:54",
    "message" : "Ankha removes 1 blood from <span class='card-name' data-card-id='201312'>Stanislava</span>, now 8",
    "command" : "counter 195 -1"
  }, {
    "timestamp" : "19-Jan 14:55",
    "message" : "7 votes in favor, it’s passing by 3",
    "source" : "Ankha"
  }, {
    "timestamp" : "19-Jan 14:55",
    "message" : "Any dt or hidden votes?",
    "source" : "Ankha"
  }, {
    "timestamp" : "19-Jan 15:07",
    "message" : "acbishop's pool was 12, now is 8.",
    "command" : "pool acbishop 8"
  }, {
    "timestamp" : "19-Jan 15:22",
    "message" : "no dt",
    "source" : "chriss"
  }, {
    "timestamp" : "19-Jan 17:37",
    "message" : "Kal-El's pool was 17, now is 16.",
    "command" : "pool Kal-El 16"
  }, {
    "timestamp" : "19-Jan 21:18",
    "message" : "Ankha's pool was 7, now is 8.",
    "command" : "pool Ankha 8"
  }, {
    "timestamp" : "19-Jan 21:20",
    "message" : "Ankha locks <span class='card-name' data-card-id='201006'>Montano</span>",
    "command" : "tap 201"
  }, {
    "timestamp" : "19-Jan 21:20",
    "message" : "bleed for 2",
    "source" : "Ankha"
  }, {
    "timestamp" : "19-Jan 22:03",
    "message" : "No votes or interference",
    "source" : "Ghost"
  }, {
    "timestamp" : "19-Jan 23:49",
    "message" : "arika tb",
    "source" : "acbishop"
  }, {
    "timestamp" : "20-Jan 07:49",
    "message" : "Ankha removes 1 blood from <span class='card-name' data-card-id='201006'>Montano</span>, now 10",
    "command" : "counter 201 -1"
  }, {
    "timestamp" : "20-Jan 07:49",
    "message" : "&#43;1 stealth",
    "source" : "Ankha"
  }, {
    "timestamp" : "20-Jan 07:49",
    "message" : "will stay 2",
    "source" : "Ankha"
  }, {
    "timestamp" : "20-Jan 09:01",
    "message" : "no block, 2 or more?",
    "source" : "acbishop"
  }, {
    "timestamp" : "20-Jan 11:07",
    "message" : "&#34;Will stay 2&#34; is what it means",
    "source" : "Ankha"
  }, {
    "timestamp" : "20-Jan 11:21",
    "message" : "acbishop's pool was 8, now is 6.",
    "command" : "pool acbishop 6"
  }, {
    "timestamp" : "20-Jan 15:47",
    "message" : "edge moves",
    "source" : "chriss"
  }, {
    "timestamp" : "20-Jan 17:23",
    "message" : "Ankha grabs edge from acbishop.",
    "command" : "edge Ankha"
  }, {
    "timestamp" : "20-Jan 17:24",
    "message" : "START OF INFLUENCE PHASE.",
    "source" : "Ankha"
  }, {
    "timestamp" : "20-Jan 17:24",
    "message" : "Ankha's pool was 8, now is 7.",
    "command" : "pool Ankha 7"
  }, {
    "timestamp" : "20-Jan 17:24",
    "message" : "Ankha adds 1 blood to inactive region #1, now 4",
    "command" : "counter 198 1"
  }, {
    "timestamp" : "20-Jan 17:24",
    "message" : "Ankha plays <span class='card-name' data-card-id='200635'>Ingrid Russo</span> to ready region",
    "command" : "move 198 Ankha ready region bottom"
  }, {
    "timestamp" : "20-Jan 17:24",
    "message" : "Capacity of <span class='card-name' data-card-id='200635'>Ingrid Russo</span> now 4",
    "command" : "capacity 198 4"
  }, {
    "timestamp" : "20-Jan 17:24",
    "message" : "START OF DISCARD PHASE.",
    "source" : "Ankha"
  }, {
    "timestamp" : "20-Jan 17:24",
    "message" : "Ankha discards <span class='card-name' data-card-id='102207'>Zillah's Valley</span>",
    "command" : "move 229 Ankha ashheap top"
  }, {
    "timestamp" : "20-Jan 17:24",
    "message" : "Ankha draws from library",
    "command" : "draw library hand"
  } ]
}