{
  "turnId" : "1.4",
  "player" : "chriss",
  "chats" : [ {
    "timestamp" : "31-Dec 15:06",
    "message" : "START OF UNLOCK PHASE.",
    "source" : "chriss"
  }, {
    "timestamp" : "31-Dec 15:06",
    "message" : "Zillah&#39;s valley on my uncontrolled 3 available to Sudden/Wash",
    "source" : "acbishop"
  }, {
    "timestamp" : "31-Dec 16:22",
    "message" : "No sw now",
    "source" : "Kal-El"
  }, {
    "timestamp" : "31-Dec 23:32",
    "message" : "Didn&#39;t read a card, my crypt is now a bit f&#39;ed. Oh well",
    "source" : "chriss"
  }, {
    "timestamp" : "31-Dec 23:33",
    "message" : "chriss's pool was 30, now is 29.",
    "command" : "pool chriss 29"
  }, {
    "timestamp" : "31-Dec 23:33",
    "message" : "chriss adds 1 blood to inactive region #1, now 1",
    "command" : "counter 93 1"
  }, {
    "timestamp" : "31-Dec 23:33",
    "message" : "chriss's pool was 29, now is 28.",
    "command" : "pool chriss 28"
  }, {
    "timestamp" : "31-Dec 23:33",
    "message" : "chriss adds 1 blood to inactive region #1, now 2",
    "command" : "counter 93 1"
  }, {
    "timestamp" : "31-Dec 23:33",
    "message" : "chriss's pool was 28, now is 27.",
    "command" : "pool chriss 27"
  }, {
    "timestamp" : "31-Dec 23:33",
    "message" : "chriss adds 1 blood to inactive region #1, now 3",
    "command" : "counter 93 1"
  }, {
    "timestamp" : "31-Dec 23:33",
    "message" : "chriss's pool was 27, now is 26.",
    "command" : "pool chriss 26"
  }, {
    "timestamp" : "31-Dec 23:33",
    "message" : "chriss adds 1 blood to inactive region #1, now 4",
    "command" : "counter 93 1"
  } ]
}