{
  "turnId" : "9.2",
  "player" : "Ankha",
  "chats" : [ {
    "timestamp" : "24-Mar 10:16",
    "message" : "START OF UNLOCK PHASE.",
    "source" : "Ankha"
  }, {
    "timestamp" : "24-Mar 12:36",
    "message" : "Removing the global note about Anarch Revolt",
    "source" : "Ankha"
  }, {
    "timestamp" : "24-Mar 12:36",
    "message" : "Ankha unlocks.",
    "command" : "unlock Ankha"
  }, {
    "timestamp" : "24-Mar 12:38",
    "message" : "Villein 3 Stanislava, sw?",
    "source" : "Ankha"
  }, {
    "timestamp" : "24-Mar 12:38",
    "message" : "Ankha plays <span class='card-name' data-card-id='102121'>Villein</span> on <span class='card-name' data-card-id='201312'>Stanislava</span>",
    "command" : "puton 217 195"
  }, {
    "timestamp" : "24-Mar 12:38",
    "message" : "Ankha draws from library",
    "command" : "draw library hand"
  }, {
    "timestamp" : "24-Mar 12:56",
    "message" : "No sudden/wash",
    "source" : "Ghost"
  }, {
    "timestamp" : "27-Mar 13:21",
    "message" : "waiting for Kal-el",
    "source" : "Ankha"
  }, {
    "timestamp" : "27-Mar 18:01",
    "message" : "No",
    "source" : "Kal-El"
  }, {
    "timestamp" : "28-Mar 07:39",
    "message" : "Ankha's pool was 9, now is 12.",
    "command" : "pool Ankha 12"
  }, {
    "timestamp" : "28-Mar 07:39",
    "message" : "Ankha removes 3 blood from <span class='card-name' data-card-id='201312'>Stanislava</span>, now 2",
    "command" : "counter 195 -3"
  }, {
    "timestamp" : "28-Mar 07:39",
    "message" : "START OF MINION PHASE.",
    "source" : "Ankha"
  }, {
    "timestamp" : "28-Mar 07:39",
    "message" : "Ankha locks <span class='card-name' data-card-id='201312'>Stanislava</span>",
    "command" : "tap 195"
  }, {
    "timestamp" : "28-Mar 07:39",
    "message" : "Bleed",
    "source" : "Ankha"
  }, {
    "timestamp" : "28-Mar 07:39",
    "message" : "Ankha plays <span class='card-name' data-card-id='100845'>Govern the Unaligned</span> at <span class='icon dom'></span>",
    "command" : "move 239 Ankha ashheap bottom"
  }, {
    "timestamp" : "28-Mar 07:39",
    "message" : "Ankha draws from library",
    "command" : "draw library hand"
  }, {
    "timestamp" : "28-Mar 07:39",
    "message" : "5, cannot be blocked by allies",
    "source" : "Ankha"
  }, {
    "timestamp" : "28-Mar 09:34",
    "message" : "Ghost plays <span class='card-name' data-card-id='101321'>On the Qui Vive</span>",
    "command" : "move 85 Ghost ashheap bottom"
  }, {
    "timestamp" : "28-Mar 09:34",
    "message" : "Ghost draws from library",
    "command" : "draw library hand"
  }, {
    "timestamp" : "28-Mar 09:34",
    "message" : "Lia Milliner blocks",
    "source" : "Ghost"
  }, {
    "timestamp" : "28-Mar 15:27",
    "message" : "Ankha removes 1 blood from <span class='card-name' data-card-id='201006'>Montano</span>, now 1",
    "command" : "counter 201 -1"
  }, {
    "timestamp" : "28-Mar 15:27",
    "message" : "&#43;1 stealth",
    "source" : "Ankha"
  }, {
    "timestamp" : "28-Mar 16:30",
    "message" : "Ghost's pool was 9, now is 4.",
    "command" : "pool Ghost 4"
  }, {
    "timestamp" : "29-Mar 21:17",
    "message" : "Ankha grabs edge from Kal-El.",
    "command" : "edge Ankha"
  }, {
    "timestamp" : "29-Mar 21:17",
    "message" : "Ankha removes 1 blood from <span class='card-name' data-card-id='201312'>Stanislava</span>, now 1",
    "command" : "counter 195 -1"
  }, {
    "timestamp" : "29-Mar 21:18",
    "message" : "START OF INFLUENCE PHASE.",
    "source" : "Ankha"
  }, {
    "timestamp" : "29-Mar 21:18",
    "message" : "Ankha's pool was 12, now is 6.",
    "command" : "pool Ankha 6"
  }, {
    "timestamp" : "29-Mar 21:18",
    "message" : "Ankha adds 6 blood to inactive region #1, now 11",
    "command" : "counter 197 6"
  }, {
    "timestamp" : "29-Mar 21:18",
    "message" : "Ankha influences out <span class='card-name' data-card-id='200135'>Arika</span>, capacity: 11, votes: 4",
    "command" : "influence 197 Ankha ready region"
  }, {
    "timestamp" : "29-Mar 21:18",
    "message" : "START OF DISCARD PHASE.",
    "source" : "Ankha"
  }, {
    "timestamp" : "29-Mar 21:18",
    "message" : "Ankha discards <span class='card-name' data-card-id='100984'>Information Highway</span>",
    "command" : "move 224 Ankha ashheap top"
  }, {
    "timestamp" : "29-Mar 21:18",
    "message" : "Ankha draws from library",
    "command" : "draw library hand"
  } ]
}