{
  "turnId" : "2.2",
  "player" : "Ankha",
  "chats" : [ {
    "timestamp" : "1-Jan 18:42",
    "message" : "START OF UNLOCK PHASE.",
    "source" : "Ankha"
  }, {
    "timestamp" : "1-Jan 20:26",
    "message" : "START OF INFLUENCE PHASE.",
    "source" : "Ankha"
  }, {
    "timestamp" : "1-Jan 20:27",
    "message" : "Ankha's pool was 26, now is 23.",
    "command" : "pool Ankha 23"
  }, {
    "timestamp" : "1-Jan 20:27",
    "message" : "Ankha adds 3 blood to inactive region #3, now 7",
    "command" : "counter 195 3"
  }, {
    "timestamp" : "1-Jan 20:27",
    "message" : "Ankha's pool was 23, now is 20.",
    "command" : "pool Ankha 20"
  }, {
    "timestamp" : "1-Jan 20:27",
    "message" : "Ankha adds 3 blood to inactive region #2, now 3",
    "command" : "counter 201 3"
  }, {
    "timestamp" : "1-Jan 20:27",
    "message" : "Ankha discards <span class='card-name' data-card-id='101309'>Obedience</span>",
    "command" : "move 280 Ankha ashheap top"
  }, {
    "timestamp" : "1-Jan 20:27",
    "message" : "Ankha draws from library",
    "command" : "draw library hand"
  } ]
}