{
  "turnId" : "3.3",
  "player" : "acbishop",
  "chats" : [ {
    "timestamp" : "2-Jan 22:12",
    "message" : "START OF UNLOCK PHASE.",
    "source" : "acbishop"
  }, {
    "timestamp" : "2-Jan 22:33",
    "message" : "START OF MINION PHASE.",
    "source" : "acbishop"
  }, {
    "timestamp" : "2-Jan 22:33",
    "message" : "acbishop locks <span class='card-name' data-card-id='200135'>Arika</span>",
    "command" : "tap 380"
  }, {
    "timestamp" : "2-Jan 22:33",
    "message" : "acbishop plays <span class='card-name' data-card-id='102270'>Camarilla's Iron Fist</span>",
    "command" : "move 445 acbishop ashheap bottom"
  }, {
    "timestamp" : "2-Jan 22:33",
    "message" : "acbishop draws from library",
    "command" : "draw library hand"
  }, {
    "timestamp" : "2-Jan 22:34",
    "message" : "block?",
    "source" : "acbishop"
  }, {
    "timestamp" : "3-Jan 01:37",
    "message" : "chriss plays <span class='card-name' data-card-id='101501'>Protection Racket</span>",
    "command" : "move 190 chriss ashheap bottom"
  }, {
    "timestamp" : "3-Jan 01:37",
    "message" : "chriss draws from library",
    "command" : "draw library hand"
  }, {
    "timestamp" : "3-Jan 01:37",
    "message" : "&#43;2i",
    "source" : "chriss"
  }, {
    "timestamp" : "3-Jan 02:14",
    "message" : "acbishop plays <span class='card-name' data-card-id='101125'>Lost in Crowds</span> at <span class='icon OBF'></span>",
    "command" : "move 424 acbishop ashheap bottom"
  }, {
    "timestamp" : "3-Jan 02:14",
    "message" : "acbishop draws from library",
    "command" : "draw library hand"
  }, {
    "timestamp" : "3-Jan 03:05",
    "message" : "wale, shoooot",
    "source" : "chriss"
  }, {
    "timestamp" : "3-Jan 03:05",
    "message" : "chriss's pool was 22, now is 21.",
    "command" : "pool chriss 21"
  }, {
    "timestamp" : "3-Jan 03:05",
    "message" : "chriss plays <span class='card-name' data-card-id='100545'>Direct Intervention</span>",
    "command" : "move 104 chriss ashheap bottom"
  }, {
    "timestamp" : "3-Jan 03:05",
    "message" : "chriss draws from library",
    "command" : "draw library hand"
  }, {
    "timestamp" : "3-Jan 03:05",
    "message" : "I&#39;ll DI the stealh",
    "source" : "chriss"
  }, {
    "timestamp" : "3-Jan 03:06",
    "message" : "Someone reviewed my deck list, and said I might have too much combat in my deck...",
    "source" : "chriss"
  }, {
    "timestamp" : "3-Jan 03:06",
    "message" : "I guess we&#39;ll see",
    "source" : "chriss"
  }, {
    "timestamp" : "3-Jan 08:15",
    "message" : "acbishop plays <span class='card-name' data-card-id='100687'>Faceless Night</span> at <span class='icon OBF'></span>",
    "command" : "move 435 acbishop ashheap bottom"
  }, {
    "timestamp" : "3-Jan 08:15",
    "message" : "acbishop draws from library",
    "command" : "draw library hand"
  }, {
    "timestamp" : "3-Jan 08:15",
    "message" : "acbishop plays <span class='card-name' data-card-id='101913'>Swallowed by the Night</span> at <span class='icon obf'></span>",
    "command" : "move 456 acbishop ashheap bottom"
  }, {
    "timestamp" : "3-Jan 08:15",
    "message" : "acbishop draws from library",
    "command" : "draw library hand"
  }, {
    "timestamp" : "3-Jan 08:15",
    "message" : "3s vs 2i",
    "source" : "acbishop"
  }, {
    "timestamp" : "3-Jan 16:35",
    "message" : "wow, ok good to know",
    "source" : "chriss"
  }, {
    "timestamp" : "3-Jan 16:35",
    "message" : "nb",
    "source" : "chriss"
  }, {
    "timestamp" : "3-Jan 16:35",
    "message" : "Assuming Ankha doesn&#39;t want to get involved in the blocking",
    "source" : "chriss"
  }, {
    "timestamp" : "3-Jan 16:37",
    "message" : "Nb",
    "source" : "Ankha"
  }, {
    "timestamp" : "3-Jan 16:37",
    "message" : "All i can do is vote",
    "source" : "Ankha"
  }, {
    "timestamp" : "3-Jan 16:42",
    "message" : "cool",
    "source" : "chriss"
  }, {
    "timestamp" : "3-Jan 18:24",
    "message" : "acbishop removes 1 blood from <span class='card-name' data-card-id='200135'>Arika</span>, now 10",
    "command" : "counter 380 -1"
  }, {
    "timestamp" : "3-Jan 18:25",
    "message" : "myself to get 1 pool, Chriss to loose 4 and Ankha to loose 1",
    "source" : "acbishop"
  }, {
    "timestamp" : "3-Jan 18:25",
    "message" : "5 votes in favour",
    "source" : "acbishop"
  }, {
    "timestamp" : "3-Jan 18:25",
    "message" : "and Dylan is locked by the way",
    "source" : "acbishop"
  }, {
    "timestamp" : "3-Jan 20:54",
    "message" : "4 against",
    "source" : "Ankha"
  }, {
    "timestamp" : "3-Jan 21:07",
    "message" : "No interference",
    "source" : "Ghost"
  }, {
    "timestamp" : "3-Jan 23:28",
    "message" : "it looks like it passes by 1",
    "source" : "Ankha"
  }, {
    "timestamp" : "4-Jan 06:16",
    "message" : "No vote no DT",
    "source" : "Kal-El"
  }, {
    "timestamp" : "4-Jan 06:16",
    "message" : "Pass",
    "source" : "Kal-El"
  }, {
    "timestamp" : "4-Jan 06:18",
    "message" : "chriss locks <span class='card-name' data-card-id='200394'>Dylan</span>",
    "command" : "tap 93"
  }, {
    "timestamp" : "4-Jan 06:18",
    "message" : "chriss's pool was 21, now is 17.",
    "command" : "pool chriss 17"
  }, {
    "timestamp" : "4-Jan 10:48",
    "message" : "acbishop's pool was 18, now is 19.",
    "command" : "pool acbishop 19"
  }, {
    "timestamp" : "4-Jan 10:48",
    "message" : "so Ankha needs to loose 1 pool",
    "source" : "acbishop"
  }, {
    "timestamp" : "4-Jan 10:49",
    "message" : "acbishop's pool was 19, now is 18.",
    "command" : "pool acbishop 18"
  }, {
    "timestamp" : "4-Jan 10:49",
    "message" : "acbishop adds 1 blood to inactive region #1, now 1",
    "command" : "counter 378 1"
  }, {
    "timestamp" : "4-Jan 10:49",
    "message" : "acbishop's pool was 18, now is 17.",
    "command" : "pool acbishop 17"
  }, {
    "timestamp" : "4-Jan 10:49",
    "message" : "acbishop adds 1 blood to inactive region #1, now 2",
    "command" : "counter 378 1"
  }, {
    "timestamp" : "4-Jan 10:49",
    "message" : "acbishop's pool was 17, now is 16.",
    "command" : "pool acbishop 16"
  }, {
    "timestamp" : "4-Jan 10:49",
    "message" : "acbishop adds 1 blood to inactive region #1, now 3",
    "command" : "counter 378 1"
  }, {
    "timestamp" : "4-Jan 10:49",
    "message" : "acbishop's pool was 16, now is 15.",
    "command" : "pool acbishop 15"
  }, {
    "timestamp" : "4-Jan 10:49",
    "message" : "acbishop adds 1 blood to inactive region #1, now 4",
    "command" : "counter 378 1"
  }, {
    "timestamp" : "4-Jan 10:49",
    "message" : "START OF DISCARD PHASE.",
    "source" : "acbishop"
  }, {
    "timestamp" : "4-Jan 10:50",
    "message" : "acbishop discards <span class='card-name' data-card-id='102076'>Unleash Hell's Fury</span>",
    "command" : "move 419 acbishop ashheap top"
  }, {
    "timestamp" : "4-Jan 10:50",
    "message" : "acbishop draws from library",
    "command" : "draw library hand"
  } ]
}