{
  "turnId" : "3.1",
  "player" : "Kal-El",
  "chats" : [ {
    "timestamp" : "2-Jan 02:37",
    "message" : "START OF UNLOCK PHASE.",
    "source" : "Kal-El"
  }, {
    "timestamp" : "2-Jan 18:18",
    "message" : "Kal-El's pool was 25, now is 24.",
    "command" : "pool Kal-El 24"
  }, {
    "timestamp" : "2-Jan 18:18",
    "message" : "Kal-El adds 1 blood to inactive region #2, now 6",
    "command" : "counter 284 1"
  }, {
    "timestamp" : "2-Jan 18:18",
    "message" : "Kal-El's pool was 24, now is 23.",
    "command" : "pool Kal-El 23"
  }, {
    "timestamp" : "2-Jan 18:18",
    "message" : "Kal-El adds 1 blood to inactive region #2, now 7",
    "command" : "counter 284 1"
  }, {
    "timestamp" : "2-Jan 18:18",
    "message" : "Kal-El's pool was 23, now is 22.",
    "command" : "pool Kal-El 22"
  }, {
    "timestamp" : "2-Jan 18:18",
    "message" : "Kal-El adds 1 blood to inactive region #2, now 8",
    "command" : "counter 284 1"
  }, {
    "timestamp" : "2-Jan 18:18",
    "message" : "Kal-El's pool was 22, now is 21.",
    "command" : "pool Kal-El 21"
  }, {
    "timestamp" : "2-Jan 18:18",
    "message" : "Kal-El adds 1 blood to inactive region #2, now 9",
    "command" : "counter 284 1"
  }, {
    "timestamp" : "2-Jan 18:18",
    "message" : "Kal-El discards <span class='card-name' data-card-id='100974'>Inevitability of the Void</span>",
    "command" : "move 334 Kal-El ashheap top"
  }, {
    "timestamp" : "2-Jan 18:18",
    "message" : "Kal-El draws from library",
    "command" : "draw library hand"
  }, {
    "timestamp" : "2-Jan 18:18",
    "message" : ".",
    "source" : "Kal-El"
  } ]
}