{
  "turnId" : "9.1",
  "player" : "Kal-El",
  "chats" : [ {
    "timestamp" : "13-Mar 14:10",
    "message" : "START OF UNLOCK PHASE.",
    "source" : "Kal-El"
  }, {
    "timestamp" : "15-Mar 07:04",
    "message" : "Kal-El unlocks.",
    "command" : "unlock Kal-El"
  }, {
    "timestamp" : "15-Mar 07:04",
    "message" : "Kal-El adds 1 blood to <span class='card-name' data-card-id='200434'>Erlik</span>, now 9",
    "command" : "counter 284 1"
  }, {
    "timestamp" : "15-Mar 07:04",
    "message" : "Kal-El adds 1 blood to <span class='card-name' data-card-id='200434'>Erlik</span>, now 10",
    "command" : "counter 284 1"
  }, {
    "timestamp" : "15-Mar 07:04",
    "message" : "for the Rack",
    "source" : "Kal-El"
  }, {
    "timestamp" : "15-Mar 07:05",
    "message" : "Kal-El locks <span class='card-name' data-card-id='100634'>Emerald Legionnaire</span> #4",
    "command" : "tap 348"
  }, {
    "timestamp" : "15-Mar 07:05",
    "message" : "Bleed",
    "source" : "Kal-El"
  }, {
    "timestamp" : "15-Mar 07:05",
    "message" : "Block?",
    "source" : "Kal-El"
  }, {
    "timestamp" : "17-Mar 13:55",
    "message" : "Nb EL",
    "source" : "Ankha"
  }, {
    "timestamp" : "17-Mar 13:56",
    "message" : "Ankha's pool was 12, now is 11.",
    "command" : "pool Ankha 11"
  }, {
    "timestamp" : "17-Mar 16:50",
    "message" : "Kal-El locks <span class='card-name' data-card-id='100634'>Emerald Legionnaire</span> #5",
    "command" : "tap 351"
  }, {
    "timestamp" : "17-Mar 16:50",
    "message" : "Bleed",
    "source" : "Kal-El"
  }, {
    "timestamp" : "17-Mar 16:50",
    "message" : "Kal-El locks <span class='card-name' data-card-id='100634'>Emerald Legionnaire</span> #6",
    "command" : "tap 347"
  }, {
    "timestamp" : "17-Mar 16:50",
    "message" : "Bleed",
    "source" : "Kal-El"
  }, {
    "timestamp" : "17-Mar 16:51",
    "message" : "For 2",
    "source" : "Kal-El"
  }, {
    "timestamp" : "17-Mar 16:51",
    "message" : "Kal-El locks <span class='card-name' data-card-id='200434'>Erlik</span>",
    "command" : "tap 284"
  }, {
    "timestamp" : "17-Mar 16:51",
    "message" : "Kal-El plays <span class='card-name' data-card-id='102107'>Vengeful Spirit</span> on <span class='card-name' data-card-id='200434'>Erlik</span>",
    "command" : "puton 316 284"
  }, {
    "timestamp" : "17-Mar 16:51",
    "message" : "Kal-El draws from library",
    "command" : "draw library hand"
  }, {
    "timestamp" : "17-Mar 16:51",
    "message" : "Block?",
    "source" : "Kal-El"
  }, {
    "timestamp" : "17-Mar 16:58",
    "message" : "No block",
    "source" : "Ghost"
  }, {
    "timestamp" : "19-Mar 17:06",
    "message" : "Nb",
    "source" : "Ankha"
  }, {
    "timestamp" : "19-Mar 17:53",
    "message" : "No pay perfectionist",
    "source" : "Kal-El"
  }, {
    "timestamp" : "19-Mar 17:53",
    "message" : "Kal-El adds 1 blood to <span class='card-name' data-card-id='102107'>Vengeful Spirit</span>, now 1",
    "command" : "counter 316 1"
  }, {
    "timestamp" : "19-Mar 17:53",
    "message" : "Kal-El adds 1 blood to <span class='card-name' data-card-id='102107'>Vengeful Spirit</span>, now 2",
    "command" : "counter 316 1"
  }, {
    "timestamp" : "19-Mar 17:54",
    "message" : "-2 pool for legionnaire",
    "source" : "Kal-El"
  }, {
    "timestamp" : "19-Mar 18:52",
    "message" : "Ankha's pool was 11, now is 9.",
    "command" : "pool Ankha 9"
  }, {
    "timestamp" : "19-Mar 18:52",
    "message" : "EL",
    "source" : "Ankha"
  }, {
    "timestamp" : "20-Mar 17:37",
    "message" : "Kal-El locks <span class='card-name' data-card-id='200405'>Egothha</span>",
    "command" : "tap 290"
  }, {
    "timestamp" : "20-Mar 17:37",
    "message" : "Hunt",
    "source" : "Kal-El"
  }, {
    "timestamp" : "20-Mar 17:37",
    "message" : "Block?",
    "source" : "Kal-El"
  }, {
    "timestamp" : "20-Mar 18:35",
    "message" : "nb",
    "source" : "Ankha"
  }, {
    "timestamp" : "20-Mar 21:20",
    "message" : "Cry Wolf blocks",
    "source" : "Ghost"
  }, {
    "timestamp" : "20-Mar 21:20",
    "message" : "Ghost plays <span class='card-name' data-card-id='101321'>On the Qui Vive</span>",
    "command" : "move 87 Ghost ashheap bottom"
  }, {
    "timestamp" : "20-Mar 21:20",
    "message" : "Ghost draws from library",
    "command" : "draw library hand"
  }, {
    "timestamp" : "22-Mar 13:30",
    "message" : "Blocked",
    "source" : "Kal-El"
  }, {
    "timestamp" : "22-Mar 13:30",
    "message" : "No pre, no maneuver",
    "source" : "Kal-El"
  }, {
    "timestamp" : "22-Mar 13:30",
    "message" : "Hands for 1",
    "source" : "Kal-El"
  }, {
    "timestamp" : "22-Mar 14:46",
    "message" : "Hands for 2",
    "source" : "Ghost"
  }, {
    "timestamp" : "23-Mar 18:29",
    "message" : "Kal-El plays <span class='card-name' data-card-id='101791'>Skin of Rock</span> at <span class='icon FOR'></span>",
    "command" : "move 343 Kal-El ashheap bottom"
  }, {
    "timestamp" : "23-Mar 18:29",
    "message" : "Kal-El draws from library",
    "command" : "draw library hand"
  }, {
    "timestamp" : "23-Mar 21:05",
    "message" : "Ghost removes 1 blood from <span class='card-name' data-card-id='100475'>Cry Wolf</span>, now 0",
    "command" : "counter 66 -1"
  }, {
    "timestamp" : "23-Mar 21:05",
    "message" : "Ghost burns <span class='card-name' data-card-id='100475'>Cry Wolf</span> from ready region",
    "command" : "move 66 Ghost ashheap bottom"
  }, {
    "timestamp" : "24-Mar 10:15",
    "message" : "Kal-El discards <span class='card-name' data-card-id='100788'>Freak Drive</span>",
    "command" : "move 323 Kal-El ashheap top"
  }, {
    "timestamp" : "24-Mar 10:15",
    "message" : "Kal-El draws from library",
    "command" : "draw library hand"
  }, {
    "timestamp" : "24-Mar 10:15",
    "message" : "Kal-El grabs edge from Ankha.",
    "command" : "edge Kal-El"
  } ]
}