{
  "turnId" : "4.5",
  "player" : "Ghost",
  "chats" : [ {
    "timestamp" : "14-Jan 05:35",
    "message" : "START OF UNLOCK PHASE.",
    "source" : "Ghost"
  }, {
    "timestamp" : "14-Jan 05:35",
    "message" : "chriss discards <span class='card-name' data-card-id='101085'>Legacy</span>",
    "command" : "move 128 chriss ashheap top"
  }, {
    "timestamp" : "14-Jan 05:35",
    "message" : "chriss draws from library",
    "command" : "draw library hand"
  }, {
    "timestamp" : "14-Jan 05:35",
    "message" : "burn option",
    "source" : "chriss"
  }, {
    "timestamp" : "14-Jan 14:10",
    "message" : "Ghost unlocks.",
    "command" : "unlock Ghost"
  }, {
    "timestamp" : "14-Jan 14:10",
    "message" : "START OF MASTER PHASE.",
    "source" : "Ghost"
  }, {
    "timestamp" : "14-Jan 14:10",
    "message" : "Ghost plays <span class='card-name' data-card-id='100019'>Acquired Ventrue Assets</span> to ready region",
    "command" : "move 18 Ghost ready region bottom"
  }, {
    "timestamp" : "14-Jan 14:10",
    "message" : "Ghost draws from library",
    "command" : "draw library hand"
  }, {
    "timestamp" : "14-Jan 14:11",
    "message" : "Suddens?",
    "source" : "Ghost"
  }, {
    "timestamp" : "14-Jan 14:11",
    "message" : "Chriss is no in notes, I will assume no and continue",
    "source" : "Ghost"
  }, {
    "timestamp" : "14-Jan 14:11",
    "message" : "Ghost adds 1 blood to <span class='card-name' data-card-id='100019'>Acquired Ventrue Assets</span> #6, now 1",
    "command" : "counter 18 1"
  }, {
    "timestamp" : "14-Jan 14:11",
    "message" : "Ghost adds 1 blood to <span class='card-name' data-card-id='100019'>Acquired Ventrue Assets</span> #6, now 2",
    "command" : "counter 18 1"
  }, {
    "timestamp" : "14-Jan 14:11",
    "message" : "Ghost adds 1 blood to <span class='card-name' data-card-id='100019'>Acquired Ventrue Assets</span> #6, now 3",
    "command" : "counter 18 1"
  }, {
    "timestamp" : "14-Jan 14:11",
    "message" : "START OF MINION PHASE.",
    "source" : "Ghost"
  }, {
    "timestamp" : "14-Jan 14:12",
    "message" : "Ghost locks <span class='card-name' data-card-id='200834'>Lia Milliner</span>",
    "command" : "tap 2"
  }, {
    "timestamp" : "14-Jan 14:12",
    "message" : "Ghost plays <span class='card-name' data-card-id='100633'>Embrace, The</span> to ready region",
    "command" : "move 43 Ghost ready region bottom"
  }, {
    "timestamp" : "14-Jan 14:12",
    "message" : "Ghost draws from library",
    "command" : "draw library hand"
  }, {
    "timestamp" : "14-Jan 14:12",
    "message" : "Block?",
    "source" : "Ghost"
  }, {
    "timestamp" : "14-Jan 19:11",
    "message" : "Nb",
    "source" : "Kal-El"
  }, {
    "timestamp" : "14-Jan 20:12",
    "message" : "No block",
    "source" : "chriss"
  }, {
    "timestamp" : "15-Jan 12:50",
    "message" : "Ghost removes 1 blood from <span class='card-name' data-card-id='200834'>Lia Milliner</span>, now 2",
    "command" : "counter 2 -1"
  }, {
    "timestamp" : "15-Jan 12:50",
    "message" : "Ghost removes 1 blood from <span class='card-name' data-card-id='200834'>Lia Milliner</span>, now 1",
    "command" : "counter 2 -1"
  }, {
    "timestamp" : "15-Jan 12:50",
    "message" : "Capacity of <span class='card-name' data-card-id='100633'>Embrace, The</span> #7 now 1",
    "command" : "capacity 43 1"
  }, {
    "timestamp" : "15-Jan 12:50",
    "message" : "Ghost locks <span class='card-name' data-card-id='100633'>Embrace, The</span> #7",
    "command" : "tap 43"
  }, {
    "timestamp" : "15-Jan 12:51",
    "message" : "Hunt",
    "source" : "Ghost"
  }, {
    "timestamp" : "15-Jan 12:51",
    "message" : "Block?",
    "source" : "Ghost"
  }, {
    "timestamp" : "15-Jan 17:03",
    "message" : ".Nb",
    "source" : "Kal-El"
  }, {
    "timestamp" : "16-Jan 01:29",
    "message" : "No block",
    "source" : "chriss"
  }, {
    "timestamp" : "16-Jan 15:53",
    "message" : "Ghost adds 1 blood to <span class='card-name' data-card-id='100633'>Embrace, The</span> #7, now 1",
    "command" : "counter 43 1"
  }, {
    "timestamp" : "16-Jan 15:54",
    "message" : "Ghost locks <span class='card-name' data-card-id='201209'>Rudolfo Giovanni</span>",
    "command" : "tap 5"
  }, {
    "timestamp" : "16-Jan 15:54",
    "message" : "Ghost plays <span class='card-name' data-card-id='101046'>Khazar's Diary (Endless Night)</span>",
    "command" : "move 42 Ghost ashheap bottom"
  }, {
    "timestamp" : "16-Jan 15:54",
    "message" : "Ghost draws from library",
    "command" : "draw library hand"
  }, {
    "timestamp" : "16-Jan 15:54",
    "message" : "Block?",
    "source" : "Ghost"
  }, {
    "timestamp" : "16-Jan 17:43",
    "message" : "nb",
    "source" : "Kal-El"
  }, {
    "timestamp" : "17-Jan 02:24",
    "message" : "*le sigh*",
    "source" : "chriss"
  }, {
    "timestamp" : "17-Jan 02:24",
    "message" : "nb",
    "source" : "chriss"
  }, {
    "timestamp" : "17-Jan 02:31",
    "message" : "Ghost adds 1 blood to <span class='card-name' data-card-id='101046'>Khazar's Diary (Endless Night)</span> #2, now 3",
    "command" : "counter 41 1"
  }, {
    "timestamp" : "17-Jan 02:32",
    "message" : "Ghost locks <span class='card-name' data-card-id='200525'>Gloria Giovanni</span>",
    "command" : "tap 7"
  }, {
    "timestamp" : "17-Jan 02:32",
    "message" : "Ghost plays <span class='card-name' data-card-id='101046'>Khazar's Diary (Endless Night)</span>",
    "command" : "move 36 Ghost ashheap bottom"
  }, {
    "timestamp" : "17-Jan 02:32",
    "message" : "Ghost draws from library",
    "command" : "draw library hand"
  }, {
    "timestamp" : "17-Jan 02:32",
    "message" : "I will assume nb",
    "source" : "Ghost"
  }, {
    "timestamp" : "17-Jan 02:32",
    "message" : "Ghost adds 1 blood to <span class='card-name' data-card-id='101046'>Khazar's Diary (Endless Night)</span> #2, now 4",
    "command" : "counter 41 1"
  }, {
    "timestamp" : "17-Jan 02:33",
    "message" : "START OF INFLUENCE PHASE.",
    "source" : "Ghost"
  }, {
    "timestamp" : "17-Jan 02:33",
    "message" : "Ghost's pool was 22, now is 21.",
    "command" : "pool Ghost 21"
  }, {
    "timestamp" : "17-Jan 02:33",
    "message" : "Ghost adds 1 blood to inactive region #1, now 1",
    "command" : "counter 6 1"
  }, {
    "timestamp" : "17-Jan 02:33",
    "message" : "Ghost's pool was 21, now is 20.",
    "command" : "pool Ghost 20"
  }, {
    "timestamp" : "17-Jan 02:33",
    "message" : "Ghost adds 1 blood to inactive region #1, now 2",
    "command" : "counter 6 1"
  }, {
    "timestamp" : "17-Jan 02:33",
    "message" : "Ghost plays <span class='card-name' data-card-id='201101'>Paul DiCarlo, The Alpha</span> to ready region",
    "command" : "move 6 Ghost ready region bottom"
  }, {
    "timestamp" : "17-Jan 02:33",
    "message" : "Capacity of <span class='card-name' data-card-id='201101'>Paul DiCarlo, The Alpha</span> now 2",
    "command" : "capacity 6 2"
  }, {
    "timestamp" : "17-Jan 02:33",
    "message" : "START OF DISCARD PHASE.",
    "source" : "Ghost"
  }, {
    "timestamp" : "17-Jan 02:33",
    "message" : "Ghost discards <span class='card-name' data-card-id='102113'>Vessel</span>",
    "command" : "move 15 Ghost ashheap top"
  }, {
    "timestamp" : "17-Jan 02:33",
    "message" : "Ghost draws from library",
    "command" : "draw library hand"
  } ]
}