{
  "turnId" : "6.3",
  "player" : "chriss",
  "chats" : [ {
    "timestamp" : "29-Jan 09:20",
    "message" : "START OF UNLOCK PHASE.",
    "source" : "chriss"
  }, {
    "timestamp" : "30-Jan 02:51",
    "message" : "wow what a nightmare upstream",
    "source" : "chriss"
  }, {
    "timestamp" : "30-Jan 02:51",
    "message" : "chriss unlocks.",
    "command" : "unlock chriss"
  }, {
    "timestamp" : "30-Jan 02:52",
    "message" : "START OF MASTER PHASE.",
    "source" : "chriss"
  }, {
    "timestamp" : "30-Jan 02:52",
    "message" : "chriss plays <span class='card-name' data-card-id='100055'>Anarch Revolt</span> to ready region",
    "command" : "move 112 chriss ready region bottom"
  }, {
    "timestamp" : "30-Jan 02:52",
    "message" : "chriss draws from library",
    "command" : "draw library hand"
  }, {
    "timestamp" : "30-Jan 02:53",
    "message" : "I will assume Ghost won&#39;t block, as it doesn&#39;t affect him but will get his prey for at least 1",
    "source" : "chriss"
  }, {
    "timestamp" : "30-Jan 02:54",
    "message" : "START OF MINION PHASE.",
    "source" : "chriss"
  }, {
    "timestamp" : "30-Jan 02:54",
    "message" : "Kyoko to bleed with Illegalism at cel",
    "source" : "chriss"
  }, {
    "timestamp" : "30-Jan 02:54",
    "message" : "chriss locks <span class='card-name' data-card-id='200798'>Kyoko Shinsegawa</span>",
    "command" : "tap 98"
  }, {
    "timestamp" : "30-Jan 02:54",
    "message" : "Bleed",
    "source" : "chriss"
  }, {
    "timestamp" : "30-Jan 02:54",
    "message" : "chriss plays <span class='card-name' data-card-id='100952'>Illegalism</span> at <span class='icon cel'></span>",
    "command" : "move 126 chriss ashheap bottom"
  }, {
    "timestamp" : "30-Jan 02:54",
    "message" : "chriss draws from library",
    "command" : "draw library hand"
  }, {
    "timestamp" : "30-Jan 02:54",
    "message" : "for 1",
    "source" : "chriss"
  }, {
    "timestamp" : "30-Jan 03:51",
    "message" : "Cry Wolf blocks",
    "source" : "Ghost"
  }, {
    "timestamp" : "30-Jan 03:53",
    "message" : "blocked",
    "source" : "chriss"
  }, {
    "timestamp" : "30-Jan 03:54",
    "message" : "np nm",
    "source" : "chriss"
  }, {
    "timestamp" : "30-Jan 15:27",
    "message" : "No pre, no maneuver",
    "source" : "Ghost"
  }, {
    "timestamp" : "30-Jan 15:28",
    "message" : "Ghost locks <span class='card-name' data-card-id='100475'>Cry Wolf</span>",
    "command" : "tap 67"
  }, {
    "timestamp" : "30-Jan 15:28",
    "message" : "Hands for 2",
    "source" : "Ghost"
  }, {
    "timestamp" : "30-Jan 21:43",
    "message" : "Ankha has gained 1 victory points."
  }, {
    "timestamp" : "31-Jan 01:47",
    "message" : "WWS for 2",
    "source" : "chriss"
  }, {
    "timestamp" : "31-Jan 01:48",
    "message" : "chriss removes 2 blood from <span class='card-name' data-card-id='102169'>Weighted Walking Stick</span>, now 3",
    "command" : "counter 170 -2"
  }, {
    "timestamp" : "31-Jan 01:48",
    "message" : "chriss plays <span class='card-name' data-card-id='101817'>Soak</span> at <span class='icon for'></span>",
    "command" : "move 175 chriss ashheap bottom"
  }, {
    "timestamp" : "31-Jan 01:48",
    "message" : "chriss draws from library",
    "command" : "draw library hand"
  }, {
    "timestamp" : "31-Jan 01:48",
    "message" : "prevent",
    "source" : "chriss"
  }, {
    "timestamp" : "31-Jan 02:34",
    "message" : "Ghost removes 1 blood from <span class='card-name' data-card-id='100475'>Cry Wolf</span>, now 2",
    "command" : "counter 67 -1"
  }, {
    "timestamp" : "31-Jan 02:34",
    "message" : "Ghost removes 1 blood from <span class='card-name' data-card-id='100475'>Cry Wolf</span>, now 1",
    "command" : "counter 67 -1"
  }, {
    "timestamp" : "31-Jan 02:34",
    "message" : "press",
    "source" : "Ghost"
  }, {
    "timestamp" : "31-Jan 05:37",
    "message" : "oh sorry, no",
    "source" : "chriss"
  }, {
    "timestamp" : "31-Jan 05:37",
    "message" : "chriss plays <span class='card-name' data-card-id='100563'>Diversion</span> at <span class='icon cel'></span>",
    "command" : "move 146 chriss ashheap bottom"
  }, {
    "timestamp" : "31-Jan 05:37",
    "message" : "chriss draws from library",
    "command" : "draw library hand"
  }, {
    "timestamp" : "31-Jan 05:38",
    "message" : "additional strike, I think I just need to do h1 to kill him right?",
    "source" : "chriss"
  }, {
    "timestamp" : "31-Jan 05:38",
    "message" : "He doesn&#39;t have any prevent showing?",
    "source" : "chriss"
  }, {
    "timestamp" : "31-Jan 05:42",
    "message" : "so, h1",
    "source" : "chriss"
  }, {
    "timestamp" : "31-Jan 13:01",
    "message" : "Yes, that is right... please take 2 damage from FBI",
    "source" : "Ghost"
  }, {
    "timestamp" : "31-Jan 13:01",
    "message" : "Ghost burns <span class='card-name' data-card-id='100475'>Cry Wolf</span> from ready region",
    "command" : "move 67 Ghost ashheap bottom"
  }, {
    "timestamp" : "31-Jan 13:01",
    "message" : "Ghost adds 1 blood to <span class='card-name' data-card-id='100709'>FBI Special Affairs Division</span> #4, now 2",
    "command" : "counter 74 1"
  }, {
    "timestamp" : "31-Jan 13:01",
    "message" : "Ghost adds 1 blood to <span class='card-name' data-card-id='101046'>Khazar's Diary (Endless Night)</span> #2, now 7",
    "command" : "counter 41 1"
  }, {
    "timestamp" : "31-Jan 15:56",
    "message" : "chriss removes 1 blood from <span class='card-name' data-card-id='200798'>Kyoko Shinsegawa</span>, now 1",
    "command" : "counter 98 -1"
  }, {
    "timestamp" : "31-Jan 15:56",
    "message" : "chriss removes 1 blood from <span class='card-name' data-card-id='200798'>Kyoko Shinsegawa</span>, now 0",
    "command" : "counter 98 -1"
  }, {
    "timestamp" : "31-Jan 15:57",
    "message" : "whoosh, FBI is strong",
    "source" : "chriss"
  }, {
    "timestamp" : "31-Jan 15:58",
    "message" : "START OF INFLUENCE PHASE.",
    "source" : "chriss"
  }, {
    "timestamp" : "31-Jan 15:58",
    "message" : "chriss's pool was 8, now is 7.",
    "command" : "pool chriss 7"
  }, {
    "timestamp" : "31-Jan 15:58",
    "message" : "chriss plays <span class='card-name' data-card-id='200395'>Dylan (G2 ADV)</span> to ready region",
    "command" : "move 92 chriss ready region bottom"
  }, {
    "timestamp" : "31-Jan 15:58",
    "message" : "Capacity of <span class='card-name' data-card-id='200395'>Dylan (G2 ADV)</span> now 6",
    "command" : "capacity 92 6"
  }, {
    "timestamp" : "31-Jan 15:58",
    "message" : "chriss puts <span class='card-name' data-card-id='200395'>Dylan (G2 ADV)</span> on <span class='card-name' data-card-id='200394'>Dylan</span>",
    "command" : "puton 92 93"
  }, {
    "timestamp" : "31-Jan 15:58",
    "message" : "chriss puts <span class='card-name' data-card-id='102169'>Weighted Walking Stick</span> on <span class='card-name' data-card-id='200394'>Dylan</span>",
    "command" : "puton 173 93"
  }, {
    "timestamp" : "31-Jan 15:59",
    "message" : "START OF DISCARD PHASE.",
    "source" : "chriss"
  }, {
    "timestamp" : "31-Jan 15:59",
    "message" : "chriss discards <span class='card-name' data-card-id='101942'>Target Vitals</span>",
    "command" : "move 154 chriss ashheap top"
  }, {
    "timestamp" : "31-Jan 15:59",
    "message" : "chriss draws from library",
    "command" : "draw library hand"
  } ]
}