{
  "turnId" : "6.2",
  "player" : "Ankha",
  "chats" : [ {
    "timestamp" : "26-Jan 10:24",
    "message" : "START OF UNLOCK PHASE.",
    "source" : "Ankha"
  }, {
    "timestamp" : "26-Jan 17:45",
    "message" : "Ankha unlocks.",
    "command" : "unlock Ankha"
  }, {
    "timestamp" : "26-Jan 17:45",
    "message" : "START OF MINION PHASE.",
    "source" : "Ankha"
  }, {
    "timestamp" : "26-Jan 17:46",
    "message" : "Ankha locks <span class='card-name' data-card-id='201312'>Stanislava</span>",
    "command" : "tap 195"
  }, {
    "timestamp" : "26-Jan 17:46",
    "message" : "Ankha plays <span class='card-name' data-card-id='102270'>Camarilla's Iron Fist</span>",
    "command" : "move 276 Ankha ashheap bottom"
  }, {
    "timestamp" : "26-Jan 17:46",
    "message" : "Ankha draws from library",
    "command" : "draw library hand"
  }, {
    "timestamp" : "26-Jan 17:46",
    "message" : "block?",
    "source" : "Ankha"
  }, {
    "timestamp" : "26-Jan 17:49",
    "message" : "nb",
    "source" : "acbishop"
  }, {
    "timestamp" : "26-Jan 19:35",
    "message" : "Nb…no vote…..no DT",
    "source" : "Kal-El"
  }, {
    "timestamp" : "26-Jan 21:31",
    "message" : "terms are: 4 prey, 1 predator, and I gain 1 pool",
    "source" : "Ankha"
  }, {
    "timestamp" : "26-Jan 21:31",
    "message" : "Ankha removes 1 blood from <span class='card-name' data-card-id='201312'>Stanislava</span>, now 7",
    "command" : "counter 195 -1"
  }, {
    "timestamp" : "26-Jan 21:31",
    "message" : "I get 7 votes in favor",
    "source" : "Ankha"
  }, {
    "timestamp" : "26-Jan 21:38",
    "message" : "4 against",
    "source" : "acbishop"
  }, {
    "timestamp" : "26-Jan 21:38",
    "message" : "no Delaying Tactics or anything else",
    "source" : "acbishop"
  }, {
    "timestamp" : "26-Jan 22:04",
    "message" : "nv ndt",
    "source" : "chriss"
  }, {
    "timestamp" : "26-Jan 22:06",
    "message" : "acbishop's pool was 10, now is 6.",
    "command" : "pool acbishop 6"
  }, {
    "timestamp" : "27-Jan 14:06",
    "message" : "Kal-El's pool was 18, now is 17.",
    "command" : "pool Kal-El 17"
  }, {
    "timestamp" : "27-Jan 17:51",
    "message" : "Burn option",
    "source" : "Ghost"
  }, {
    "timestamp" : "27-Jan 17:52",
    "message" : "Ghost discards <span class='card-name' data-card-id='100579'>Draeven Softfoot</span>",
    "command" : "move 62 Ghost ashheap top"
  }, {
    "timestamp" : "27-Jan 17:52",
    "message" : "Ghost draws from library",
    "command" : "draw library hand"
  }, {
    "timestamp" : "27-Jan 21:23",
    "message" : "Ankha's pool was 11, now is 12.",
    "command" : "pool Ankha 12"
  }, {
    "timestamp" : "27-Jan 21:23",
    "message" : "Ankha locks <span class='card-name' data-card-id='200635'>Ingrid Russo</span>",
    "command" : "tap 198"
  }, {
    "timestamp" : "27-Jan 21:23",
    "message" : "Bleed",
    "source" : "Ankha"
  }, {
    "timestamp" : "27-Jan 21:24",
    "message" : "try to block with Huitzilopochtli",
    "source" : "acbishop"
  }, {
    "timestamp" : "27-Jan 21:26",
    "message" : "&#43;1 stealth with Montano",
    "source" : "Ankha"
  }, {
    "timestamp" : "27-Jan 21:26",
    "message" : "Ankha removes 1 blood from <span class='card-name' data-card-id='201006'>Montano</span>, now 9",
    "command" : "counter 201 -1"
  }, {
    "timestamp" : "27-Jan 21:27",
    "message" : "nb",
    "source" : "acbishop"
  }, {
    "timestamp" : "27-Jan 21:28",
    "message" : "Ankha plays <span class='card-name' data-card-id='101256'>Murmur of the False Will</span> at <span class='icon dom'></span>",
    "command" : "move 244 Ankha ashheap bottom"
  }, {
    "timestamp" : "27-Jan 21:28",
    "message" : "Ankha draws from library",
    "command" : "draw library hand"
  }, {
    "timestamp" : "27-Jan 21:28",
    "message" : "2 total",
    "source" : "Ankha"
  }, {
    "timestamp" : "27-Jan 21:28",
    "message" : "acbishop's pool was 6, now is 4.",
    "command" : "pool acbishop 4"
  }, {
    "timestamp" : "27-Jan 21:28",
    "message" : "acbishop grabs edge from Kal-El.",
    "command" : "edge acbishop"
  }, {
    "timestamp" : "27-Jan 21:28",
    "message" : "Ankha grabs edge from acbishop.",
    "command" : "edge Ankha"
  }, {
    "timestamp" : "27-Jan 21:28",
    "message" : "Ankha locks <span class='card-name' data-card-id='201006'>Montano</span>",
    "command" : "tap 201"
  }, {
    "timestamp" : "27-Jan 21:28",
    "message" : "Bleed",
    "source" : "Ankha"
  }, {
    "timestamp" : "27-Jan 21:29",
    "message" : "tb with huitzi",
    "source" : "acbishop"
  }, {
    "timestamp" : "27-Jan 21:29",
    "message" : "Ankha removes 1 blood from <span class='card-name' data-card-id='201006'>Montano</span>, now 8",
    "command" : "counter 201 -1"
  }, {
    "timestamp" : "27-Jan 21:29",
    "message" : "nb",
    "source" : "acbishop"
  }, {
    "timestamp" : "27-Jan 21:29",
    "message" : "2 or more?",
    "source" : "acbishop"
  }, {
    "timestamp" : "27-Jan 21:29",
    "message" : "&#43;1 stealth",
    "source" : "Ankha"
  }, {
    "timestamp" : "27-Jan 21:29",
    "message" : "I meant the bleed",
    "source" : "acbishop"
  }, {
    "timestamp" : "27-Jan 21:29",
    "message" : "Ankha plays <span class='card-name' data-card-id='100401'>Conditioning</span> at <span class='icon DOM'></span>",
    "command" : "move 247 Ankha ashheap bottom"
  }, {
    "timestamp" : "27-Jan 21:29",
    "message" : "Ankha draws from library",
    "command" : "draw library hand"
  }, {
    "timestamp" : "27-Jan 21:29",
    "message" : "5",
    "source" : "Ankha"
  }, {
    "timestamp" : "27-Jan 21:29",
    "message" : "Ankha removes 1 blood from <span class='card-name' data-card-id='201006'>Montano</span>, now 7",
    "command" : "counter 201 -1"
  }, {
    "timestamp" : "27-Jan 21:30",
    "message" : "GG I don&#39;t have deflection in hand (pity I have 2 vilein in hand)",
    "source" : "acbishop"
  }, {
    "timestamp" : "27-Jan 21:30",
    "message" : "acbishop's pool was 4, now is 0.",
    "command" : "pool acbishop 0"
  }, {
    "timestamp" : "27-Jan 21:30",
    "message" : "put my pool up in case any life boon, DI to the conditioning or Eagle sight",
    "source" : "acbishop"
  }, {
    "timestamp" : "27-Jan 21:31",
    "message" : "Waiting for eagle sight / life boon, otherwise gg",
    "source" : "Ankha"
  }, {
    "timestamp" : "27-Jan 21:52",
    "message" : "No ES no DI",
    "source" : "Kal-El"
  }, {
    "timestamp" : "27-Jan 23:42",
    "message" : "Good game",
    "source" : "Ghost"
  }, {
    "timestamp" : "28-Jan 02:32",
    "message" : "wow",
    "source" : "chriss"
  }, {
    "timestamp" : "28-Jan 02:33",
    "message" : "no DI no Life Boon, gg",
    "source" : "chriss"
  }, {
    "timestamp" : "29-Jan 04:13",
    "message" : "all you Ankha, more fun to go?",
    "source" : "chriss"
  }, {
    "timestamp" : "29-Jan 09:19",
    "message" : "Ankha's pool was 12, now is 18.",
    "command" : "pool Ankha 18"
  }, {
    "timestamp" : "29-Jan 09:19",
    "message" : "START OF INFLUENCE PHASE.",
    "source" : "Ankha"
  }, {
    "timestamp" : "29-Jan 09:19",
    "message" : "Ankha's pool was 18, now is 13.",
    "command" : "pool Ankha 13"
  }, {
    "timestamp" : "29-Jan 09:19",
    "message" : "Ankha adds 5 blood to inactive region #1, now 5",
    "command" : "counter 197 5"
  }, {
    "timestamp" : "29-Jan 09:20",
    "message" : "START OF DISCARD PHASE.",
    "source" : "Ankha"
  }, {
    "timestamp" : "29-Jan 09:20",
    "message" : "Ankha discards <span class='card-name' data-card-id='101890'>Subdued by the Blood</span>",
    "command" : "move 204 Ankha ashheap top"
  }, {
    "timestamp" : "29-Jan 09:20",
    "message" : "Ankha draws from library",
    "command" : "draw library hand"
  } ]
}