{
  "turnId" : "3.5",
  "player" : "Ghost",
  "chats" : [ {
    "timestamp" : "7-Jan 01:59",
    "message" : "START OF UNLOCK PHASE.",
    "source" : "Ghost"
  }, {
    "timestamp" : "7-Jan 02:09",
    "message" : "Ghost unlocks.",
    "command" : "unlock Ghost"
  }, {
    "timestamp" : "7-Jan 02:09",
    "message" : "START OF MINION PHASE.",
    "source" : "Ghost"
  }, {
    "timestamp" : "7-Jan 02:09",
    "message" : "Ghost locks <span class='card-name' data-card-id='201209'>Rudolfo Giovanni</span>",
    "command" : "tap 5"
  }, {
    "timestamp" : "7-Jan 02:10",
    "message" : "Ghost plays <span class='card-name' data-card-id='100832'>Giulia Giovanni Abruzzina</span> to ready region",
    "command" : "move 57 Ghost ready region bottom"
  }, {
    "timestamp" : "7-Jan 02:10",
    "message" : "Ghost draws from library",
    "command" : "draw library hand"
  }, {
    "timestamp" : "7-Jan 02:10",
    "message" : "Block?",
    "source" : "Ghost"
  }, {
    "timestamp" : "7-Jan 05:50",
    "message" : "nb",
    "source" : "chriss"
  }, {
    "timestamp" : "7-Jan 09:08",
    "message" : "sorry for the ping Chriss",
    "source" : "acbishop"
  }, {
    "timestamp" : "7-Jan 09:09",
    "message" : "Kal doesn&#39;t have minions and chroiss already said nb ;)",
    "source" : "acbishop"
  }, {
    "timestamp" : "7-Jan 09:48",
    "message" : "Nb stealth",
    "source" : "Ankha"
  }, {
    "timestamp" : "7-Jan 10:01",
    "message" : "Ghost removes 1 blood from <span class='card-name' data-card-id='201209'>Rudolfo Giovanni</span>, now 1",
    "command" : "counter 5 -1"
  }, {
    "timestamp" : "7-Jan 10:01",
    "message" : "Ghost adds 1 blood to <span class='card-name' data-card-id='100832'>Giulia Giovanni Abruzzina</span>, now 1",
    "command" : "counter 57 1"
  }, {
    "timestamp" : "7-Jan 10:01",
    "message" : "Ghost locks <span class='card-name' data-card-id='200525'>Gloria Giovanni</span>",
    "command" : "tap 7"
  }, {
    "timestamp" : "7-Jan 10:01",
    "message" : "Ghost plays <span class='card-name' data-card-id='101046'>Khazar's Diary (Endless Night)</span>",
    "command" : "move 39 Ghost ashheap bottom"
  }, {
    "timestamp" : "7-Jan 10:01",
    "message" : "Ghost draws from library",
    "command" : "draw library hand"
  }, {
    "timestamp" : "7-Jan 10:01",
    "message" : "Block?",
    "source" : "Ghost"
  }, {
    "timestamp" : "7-Jan 16:12",
    "message" : "nb",
    "source" : "chriss"
  }, {
    "timestamp" : "7-Jan 16:15",
    "message" : "Ghost adds 1 blood to <span class='card-name' data-card-id='101046'>Khazar's Diary (Endless Night)</span> #2, now 1",
    "command" : "counter 41 1"
  }, {
    "timestamp" : "7-Jan 16:15",
    "message" : "START OF INFLUENCE PHASE.",
    "source" : "Ghost"
  }, {
    "timestamp" : "7-Jan 16:15",
    "message" : "Ghost's pool was 25, now is 24.",
    "command" : "pool Ghost 24"
  }, {
    "timestamp" : "7-Jan 16:15",
    "message" : "Ghost adds 1 blood to inactive region #1, now 1",
    "command" : "counter 2 1"
  }, {
    "timestamp" : "7-Jan 16:15",
    "message" : "Ghost's pool was 24, now is 23.",
    "command" : "pool Ghost 23"
  }, {
    "timestamp" : "7-Jan 16:15",
    "message" : "Ghost adds 1 blood to inactive region #1, now 2",
    "command" : "counter 2 1"
  }, {
    "timestamp" : "7-Jan 16:15",
    "message" : "Ghost's pool was 23, now is 22.",
    "command" : "pool Ghost 22"
  }, {
    "timestamp" : "7-Jan 16:15",
    "message" : "Ghost adds 1 blood to inactive region #1, now 3",
    "command" : "counter 2 1"
  }, {
    "timestamp" : "7-Jan 16:15",
    "message" : "Ghost plays <span class='card-name' data-card-id='200834'>Lia Milliner</span> to ready region",
    "command" : "move 2 Ghost ready region bottom"
  }, {
    "timestamp" : "7-Jan 16:15",
    "message" : "Capacity of <span class='card-name' data-card-id='200834'>Lia Milliner</span> now 3",
    "command" : "capacity 2 3"
  }, {
    "timestamp" : "7-Jan 16:15",
    "message" : "START OF DISCARD PHASE.",
    "source" : "Ghost"
  }, {
    "timestamp" : "7-Jan 16:16",
    "message" : "Ghost discards <span class='card-name' data-card-id='100279'>Call of the Hungry Dead</span>",
    "command" : "move 55 Ghost ashheap top"
  }, {
    "timestamp" : "7-Jan 16:16",
    "message" : "Ghost draws from library",
    "command" : "draw library hand"
  } ]
}