{
  "turnId" : "8.1",
  "player" : "Kal-El",
  "chats" : [ {
    "timestamp" : "25-Feb 16:04",
    "message" : "START OF UNLOCK PHASE.",
    "source" : "Kal-El"
  }, {
    "timestamp" : "25-Feb 19:42",
    "message" : "Kal-El unlocks.",
    "command" : "unlock Kal-El"
  }, {
    "timestamp" : "25-Feb 19:43",
    "message" : "Kal-El adds 1 blood to <span class='card-name' data-card-id='200434'>Erlik</span>, now 7",
    "command" : "counter 284 1"
  }, {
    "timestamp" : "25-Feb 19:43",
    "message" : "Kal-El adds 1 blood to <span class='card-name' data-card-id='200434'>Erlik</span>, now 8",
    "command" : "counter 284 1"
  }, {
    "timestamp" : "25-Feb 19:43",
    "message" : "For Rack",
    "source" : "Kal-El"
  }, {
    "timestamp" : "25-Feb 19:43",
    "message" : "Kal-El locks <span class='card-name' data-card-id='100634'>Emerald Legionnaire</span> #4",
    "command" : "tap 348"
  }, {
    "timestamp" : "25-Feb 19:43",
    "message" : "Bleed",
    "source" : "Kal-El"
  }, {
    "timestamp" : "25-Feb 19:44",
    "message" : "Block?",
    "source" : "Kal-El"
  }, {
    "timestamp" : "26-Feb 12:50",
    "message" : "Nb any EL",
    "source" : "Ankha"
  }, {
    "timestamp" : "26-Feb 12:50",
    "message" : "You forgot to pay 1 pool for the Narch Revolt",
    "source" : "Ankha"
  }, {
    "timestamp" : "26-Feb 12:50",
    "message" : "Pool -1",
    "source" : "Ankha"
  }, {
    "timestamp" : "26-Feb 12:50",
    "message" : "Ankha's pool was 10, now is 9.",
    "command" : "pool Ankha 9"
  }, {
    "timestamp" : "26-Feb 12:50",
    "message" : "Kal-El grabs edge from chriss.",
    "command" : "edge Kal-El"
  }, {
    "timestamp" : "27-Feb 09:22",
    "message" : "Kal-El locks <span class='card-name' data-card-id='100634'>Emerald Legionnaire</span> #5",
    "command" : "tap 351"
  }, {
    "timestamp" : "27-Feb 09:22",
    "message" : "Bleed",
    "source" : "Kal-El"
  }, {
    "timestamp" : "27-Feb 09:22",
    "message" : "Kal-El locks <span class='card-name' data-card-id='100634'>Emerald Legionnaire</span> #6",
    "command" : "tap 347"
  }, {
    "timestamp" : "27-Feb 09:22",
    "message" : "Bleed",
    "source" : "Kal-El"
  }, {
    "timestamp" : "27-Feb 09:23",
    "message" : "for 2",
    "source" : "Kal-El"
  }, {
    "timestamp" : "27-Feb 09:26",
    "message" : "Ankha's pool was 9, now is 7.",
    "command" : "pool Ankha 7"
  }, {
    "timestamp" : "27-Feb 14:03",
    "message" : "Kal-El locks <span class='card-name' data-card-id='200434'>Erlik</span>",
    "command" : "tap 284"
  }, {
    "timestamp" : "27-Feb 14:03",
    "message" : "Bleed",
    "source" : "Kal-El"
  }, {
    "timestamp" : "27-Feb 14:03",
    "message" : "Block?",
    "source" : "Kal-El"
  }, {
    "timestamp" : "27-Feb 14:34",
    "message" : "nb",
    "source" : "Ankha"
  }, {
    "timestamp" : "28-Feb 09:45",
    "message" : "For 3",
    "source" : "Kal-El"
  }, {
    "timestamp" : "1-Mar 09:26",
    "message" : "Ankha locks <span class='card-name' data-card-id='201006'>Montano</span>",
    "command" : "tap 201"
  }, {
    "timestamp" : "1-Mar 09:27",
    "message" : "Ankha plays <span class='card-name' data-card-id='101256'>Murmur of the False Will</span> at <span class='icon DOM'></span>",
    "command" : "move 246 Ankha ashheap bottom"
  }, {
    "timestamp" : "1-Mar 09:27",
    "message" : "Ankha draws from library",
    "command" : "draw library hand"
  }, {
    "timestamp" : "1-Mar 09:27",
    "message" : "Prey",
    "source" : "Ankha"
  }, {
    "timestamp" : "2-Mar 00:58",
    "message" : "3b 0s?",
    "source" : "chriss"
  }, {
    "timestamp" : "2-Mar 00:58",
    "message" : "If 0s, Anarch Convert tb",
    "source" : "chriss"
  }, {
    "timestamp" : "2-Mar 07:40",
    "message" : "Blocked",
    "source" : "Kal-El"
  }, {
    "timestamp" : "2-Mar 07:40",
    "message" : "No pre, no maneuver",
    "source" : "Kal-El"
  }, {
    "timestamp" : "2-Mar 07:41",
    "message" : "Hands for 1",
    "source" : "Kal-El"
  }, {
    "timestamp" : "2-Mar 07:41",
    "message" : "&#43;1 damage for VS",
    "source" : "Kal-El"
  }, {
    "timestamp" : "2-Mar 22:13",
    "message" : "chriss locks <span class='card-name' data-card-id='200076'>Anarch Convert</span>",
    "command" : "tap 100"
  }, {
    "timestamp" : "2-Mar 22:13",
    "message" : "chriss removes 1 blood from <span class='card-name' data-card-id='200076'>Anarch Convert</span>, now 0",
    "command" : "counter 100 -1"
  }, {
    "timestamp" : "2-Mar 22:14",
    "message" : "chriss moves <span class='card-name' data-card-id='200076'>Anarch Convert</span> to chriss's torpor",
    "command" : "move 100 chriss torpor bottom"
  } ]
}