{
  "id" : "01JG945K502V22HWBF7M6WQJ1B",
  "name" : null,
  "playerOrder" : [ "Kal-El", "Ankha", "acbishop", "chriss", "Ghost" ],
  "players" : {
    "Ankha" : {
      "name" : "Ankha",
      "pool" : 13,
      "victoryPoints" : 0.0,
      "regions" : {
        "ASH_HEAP" : {
          "id" : "4dfcd2ef-da6a-47cc-979a-606cf1e2aacb",
          "cards" : [ "254", "280", "282", "241", "257", "206", "275", "229" ],
          "player" : "Ankha",
          "type" : "ASH_HEAP"
        },
        "CRYPT" : {
          "id" : "6f1684ed-3099-401c-8a6a-3f952dc37abe",
          "cards" : [ "203", "192", "202", "193", "199", "200", "194", "196" ],
          "player" : "Ankha",
          "type" : "CRYPT"
        },
        "LIBRARY" : {
          "id" : "62b7ff9d-b4e2-4eee-a337-740a4448af60",
          "cards" : [ "244", "247", "205", "279", "236", "242", "213", "234", "239", "217", "224", "218", "278", "263", "216", "264", "274", "221", "255", "250", "220", "252", "211", "271", "258", "243", "249", "231", "277", "232", "225", "259", "267", "207", "238", "214", "262", "227", "245", "270", "210", "281", "226", "268", "235", "251", "233", "253", "222", "237", "260", "215", "269", "261", "273", "212", "240", "230", "272", "248", "219", "228", "256" ],
          "player" : "Ankha",
          "type" : "LIBRARY"
        },
        "TORPOR" : {
          "id" : "d33cb81b-200b-4cd6-b60e-dbec140c163d",
          "player" : "Ankha",
          "type" : "TORPOR"
        },
        "HAND" : {
          "id" : "8968cd27-a3bf-4b8b-978a-c3bb485eee41",
          "cards" : [ "265", "209", "266", "204", "208", "276", "246" ],
          "player" : "Ankha",
          "type" : "HAND"
        },
        "RESEARCH" : {
          "id" : "a8b55732-6fca-4c3a-b213-fed9aa248ee4",
          "player" : "Ankha",
          "type" : "RESEARCH"
        },
        "READY" : {
          "id" : "5d2cfec5-79a2-4395-a453-d52aef0ed733",
          "cards" : [ "223", "195", "201", "198" ],
          "player" : "Ankha",
          "type" : "READY"
        },
        "UNCONTROLLED" : {
          "id" : "38c89a49-bd22-47ea-a90c-5ba69f259e50",
          "cards" : [ "197" ],
          "player" : "Ankha",
          "type" : "UNCONTROLLED"
        },
        "REMOVED_FROM_GAME" : {
          "id" : "2639ee2b-9fba-4c74-b914-2ca37798fd98",
          "player" : "Ankha",
          "type" : "REMOVED_FROM_GAME"
        }
      },
      "ousted" : false
    },
    "chriss" : {
      "name" : "chriss",
      "pool" : 8,
      "victoryPoints" : 0.0,
      "regions" : {
        "ASH_HEAP" : {
          "id" : "c9d9b837-76bf-4250-af28-12d0faf997bc",
          "cards" : [ "116", "178", "190", "104", "159", "140", "122", "188", "128", "131", "132", "164", "179" ],
          "player" : "chriss",
          "type" : "ASH_HEAP"
        },
        "CRYPT" : {
          "id" : "27873733-5181-4111-9584-ac5a71a3767f",
          "cards" : [ "90", "95", "96", "101", "97", "91" ],
          "player" : "chriss",
          "type" : "CRYPT"
        },
        "LIBRARY" : {
          "id" : "74a75e9b-d332-435b-9177-735ce6960aa6",
          "cards" : [ "126", "185", "154", "123", "183", "160", "167", "108", "177", "129", "158", "139", "137", "142", "162", "180", "117", "120", "150", "191", "168", "127", "125", "138", "174", "187", "135", "153", "136", "119", "155", "134", "184", "172", "163", "149", "189", "157", "107", "145", "141", "147", "130", "105", "109", "103", "176", "182", "186", "169", "113", "161", "133", "111", "171", "121", "110", "106", "102", "181", "118", "143", "148", "144", "165", "124", "114", "151" ],
          "player" : "chriss",
          "type" : "LIBRARY"
        },
        "TORPOR" : {
          "id" : "662fdbf5-0cb0-4ef6-87ca-eab124defebb",
          "player" : "chriss",
          "type" : "TORPOR"
        },
        "HAND" : {
          "id" : "87cc33bb-6906-4725-848e-8de6fbf99ab1",
          "cards" : [ "156", "146", "152", "175", "115", "166", "112" ],
          "player" : "chriss",
          "type" : "HAND"
        },
        "RESEARCH" : {
          "id" : "88f40ff4-529a-41b9-a3d1-0684172fdd03",
          "player" : "chriss",
          "type" : "RESEARCH"
        },
        "READY" : {
          "id" : "a1686ef9-edb7-49fe-a10c-0cb60269aa3b",
          "cards" : [ "93", "98", "100" ],
          "player" : "chriss",
          "type" : "READY"
        },
        "UNCONTROLLED" : {
          "id" : "327d1136-4a1a-4e60-820f-b3758d98f0d4",
          "cards" : [ "94", "92" ],
          "player" : "chriss",
          "type" : "UNCONTROLLED"
        },
        "REMOVED_FROM_GAME" : {
          "id" : "72e15b8d-3ad4-4536-bd5e-770a8e392bd5",
          "cards" : [ "99" ],
          "player" : "chriss",
          "type" : "REMOVED_FROM_GAME"
        }
      },
      "ousted" : false,
      "notes" : "unlock\nEdge\n\nmaster\n\nminion\n\ninf\n\ndiscard"
    },
    "Ghost" : {
      "name" : "Ghost",
      "pool" : 17,
      "victoryPoints" : 0.0,
      "regions" : {
        "ASH_HEAP" : {
          "id" : "0772b05c-ce43-46a5-8cfa-730c7115a9d5",
          "cards" : [ "25", "30", "81", "63", "65", "35", "46", "53", "79", "54", "83", "39", "55", "59", "57", "42", "36", "15", "58", "49", "34", "40", "26" ],
          "player" : "Ghost",
          "type" : "ASH_HEAP"
        },
        "CRYPT" : {
          "id" : "f6d01a3c-90e9-493f-8bbe-b07697f76c3e",
          "cards" : [ "3", "4", "9", "1", "11", "10" ],
          "player" : "Ghost",
          "type" : "CRYPT"
        },
        "LIBRARY" : {
          "id" : "b75ce9f6-9503-4ddc-8000-912e03852065",
          "cards" : [ "62", "32", "23", "86", "66", "17", "77", "75", "85", "87", "37", "73", "88", "51", "70", "14", "64", "68", "33", "48", "89", "82", "78", "47", "69", "13", "80", "21", "27", "38", "60", "84", "29", "20", "31", "71", "24", "45", "16", "22" ],
          "player" : "Ghost",
          "type" : "LIBRARY"
        },
        "TORPOR" : {
          "id" : "59c71867-16e7-4a26-844f-cbf222475611",
          "player" : "Ghost",
          "type" : "TORPOR"
        },
        "HAND" : {
          "id" : "0bc6232e-6637-4b6d-a2ba-5d6642a9f50c",
          "cards" : [ "50", "56", "52", "72", "61", "76", "19" ],
          "player" : "Ghost",
          "type" : "HAND"
        },
        "RESEARCH" : {
          "id" : "815daf66-71d7-40c3-b690-db089ee84309",
          "player" : "Ghost",
          "type" : "RESEARCH"
        },
        "READY" : {
          "id" : "15abd7bb-4ccc-44f9-a705-5725d7031565",
          "cards" : [ "5", "41", "7", "74", "2", "18", "43", "6", "28", "44", "67" ],
          "player" : "Ghost",
          "type" : "READY"
        },
        "UNCONTROLLED" : {
          "id" : "55f5c2b5-e37f-4c30-a778-9e598459ee5a",
          "cards" : [ "12" ],
          "player" : "Ghost",
          "type" : "UNCONTROLLED"
        },
        "REMOVED_FROM_GAME" : {
          "id" : "c63d51d4-672b-499f-84fd-b8f73b89b847",
          "cards" : [ "8" ],
          "player" : "Ghost",
          "type" : "REMOVED_FROM_GAME"
        }
      },
      "ousted" : false
    },
    "Kal-El" : {
      "name" : "Kal-El",
      "pool" : 19,
      "victoryPoints" : 0.0,
      "regions" : {
        "ASH_HEAP" : {
          "id" : "d8aa3ef2-0c44-4073-bcf3-b81174355da0",
          "cards" : [ "339", "334", "320" ],
          "player" : "Kal-El",
          "type" : "ASH_HEAP"
        },
        "CRYPT" : {
          "id" : "0778e187-d6c4-4e55-a99c-d7cc05f06a2c",
          "cards" : [ "287", "294", "289", "288", "292", "293", "286", "283" ],
          "player" : "Kal-El",
          "type" : "CRYPT"
        },
        "LIBRARY" : {
          "id" : "715539a4-d85a-4136-bfad-f7fa50cb231d",
          "cards" : [ "374", "356", "337", "304", "305", "322", "298", "316", "343", "361", "363", "341", "349", "323", "313", "301", "352", "317", "310", "300", "342", "358", "314", "329", "307", "355", "295", "354", "369", "297", "311", "302", "371", "326", "309", "321", "362", "312", "366", "328", "365", "340", "346", "345", "336", "360", "353", "331", "325", "327", "370", "330", "338", "344", "318", "333", "332", "308", "335", "303", "324", "359", "350", "364", "357" ],
          "player" : "Kal-El",
          "type" : "LIBRARY"
        },
        "TORPOR" : {
          "id" : "4f6fdc24-db82-4ecb-af2e-504d74a513e8",
          "player" : "Kal-El",
          "type" : "TORPOR"
        },
        "HAND" : {
          "id" : "bd1ba083-5b35-4e57-9cf5-2efa1cd3e5f1",
          "cards" : [ "373", "368", "306", "315", "319", "372", "347", "367" ],
          "player" : "Kal-El",
          "type" : "HAND"
        },
        "RESEARCH" : {
          "id" : "d1509a3e-0351-43d4-8410-7f7eb1b01b53",
          "player" : "Kal-El",
          "type" : "RESEARCH"
        },
        "READY" : {
          "id" : "3303d5c0-8bf6-4420-b91e-60471fe9e5ed",
          "cards" : [ "284", "290", "296", "348", "351" ],
          "player" : "Kal-El",
          "type" : "READY"
        },
        "UNCONTROLLED" : {
          "id" : "d2cc54cd-ab9f-4b43-be3c-cf1f7b63d1a3",
          "cards" : [ "291", "285" ],
          "player" : "Kal-El",
          "type" : "UNCONTROLLED"
        },
        "REMOVED_FROM_GAME" : {
          "id" : "ea093ffa-23bc-4199-99dd-0400a5cf5135",
          "player" : "Kal-El",
          "type" : "REMOVED_FROM_GAME"
        }
      },
      "ousted" : false
    },
    "acbishop" : {
      "name" : "acbishop",
      "pool" : 10,
      "victoryPoints" : 0.0,
      "regions" : {
        "ASH_HEAP" : {
          "id" : "e7c731f5-3a9e-478a-8194-3bc8f5f8ca61",
          "cards" : [ "412", "444", "436", "445", "424", "435", "456", "419", "418", "447", "425", "396", "394", "443", "432", "413" ],
          "player" : "acbishop",
          "type" : "ASH_HEAP"
        },
        "CRYPT" : {
          "id" : "3ec6cf28-79ab-4c21-acf4-f9e3371a4f8d",
          "cards" : [ "383", "381", "384", "379", "386", "382", "385", "377" ],
          "player" : "acbishop",
          "type" : "CRYPT"
        },
        "LIBRARY" : {
          "id" : "363f4550-445c-4b92-9e90-ba5beadca208",
          "cards" : [ "393", "405", "399", "429", "434", "433", "422", "420", "450", "392", "401", "400", "407", "438", "431", "417", "408", "414", "409", "452", "426", "389", "442", "397", "411", "448", "449", "406", "457", "440", "454", "441", "402", "453", "427", "398", "451", "439", "437", "416", "446", "421", "415", "395", "404", "403" ],
          "player" : "acbishop",
          "type" : "LIBRARY"
        },
        "TORPOR" : {
          "id" : "8b92a39c-667e-4cdf-90d4-aa8df33fb964",
          "player" : "acbishop",
          "type" : "TORPOR"
        },
        "HAND" : {
          "id" : "87c60c73-146e-4b37-adb7-8fede8da8834",
          "cards" : [ "430", "455", "390", "428", "423", "388", "410" ],
          "player" : "acbishop",
          "type" : "HAND"
        },
        "RESEARCH" : {
          "id" : "a0938f2a-5350-4345-8069-a7ec3d7f13b8",
          "player" : "acbishop",
          "type" : "RESEARCH"
        },
        "READY" : {
          "id" : "d2db9aeb-1eb7-45cc-8211-d13bb727532b",
          "cards" : [ "380", "387", "378" ],
          "player" : "acbishop",
          "type" : "READY"
        },
        "UNCONTROLLED" : {
          "id" : "e0c38d8d-d3b0-4c07-9e4d-fa04ff83cb25",
          "cards" : [ "375", "376" ],
          "player" : "acbishop",
          "type" : "UNCONTROLLED"
        },
        "REMOVED_FROM_GAME" : {
          "id" : "4c1cc670-494b-42ae-aefe-0b63e93770bb",
          "player" : "acbishop",
          "type" : "REMOVED_FROM_GAME"
        }
      },
      "ousted" : false,
      "notes" : "Ankha, acbishop, chriss: NWS\n\n\nGiant's Blood played 5.3\nPolitical Stranglehold played on 5.3\n\n"
    }
  },
  "cards" : {
    "1" : {
      "id" : "1",
      "region" : "f6d01a3c-90e9-493f-8bbe-b07697f76c3e",
      "cardId" : "200643",
      "name" : "Isabel Giovanni",
      "type" : "VAMPIRE",
      "clan" : "Giovanni"
    },
    "2" : {
      "id" : "2",
      "region" : "15abd7bb-4ccc-44f9-a705-5725d7031565",
      "cardId" : "200834",
      "name" : "Lia Milliner",
      "locked" : true,
      "type" : "VAMPIRE",
      "capacity" : 3,
      "counters" : 1,
      "clan" : "Giovanni",
      "disciplines" : [ "dom", "nec" ]
    },
    "3" : {
      "id" : "3",
      "region" : "f6d01a3c-90e9-493f-8bbe-b07697f76c3e",
      "cardId" : "200913",
      "name" : "Marciana Giovanni, Investigator",
      "type" : "VAMPIRE",
      "clan" : "Giovanni"
    },
    "4" : {
      "id" : "4",
      "region" : "f6d01a3c-90e9-493f-8bbe-b07697f76c3e",
      "cardId" : "200474",
      "name" : "Francesca Giovanni",
      "type" : "VAMPIRE",
      "clan" : "Giovanni"
    },
    "5" : {
      "id" : "5",
      "region" : "15abd7bb-4ccc-44f9-a705-5725d7031565",
      "cardId" : "201209",
      "name" : "Rudolfo Giovanni",
      "locked" : true,
      "type" : "VAMPIRE",
      "capacity" : 3,
      "counters" : 1,
      "notes" : "Anarch",
      "clan" : "Giovanni",
      "disciplines" : [ "NEC" ]
    },
    "6" : {
      "id" : "6",
      "region" : "15abd7bb-4ccc-44f9-a705-5725d7031565",
      "cardId" : "201101",
      "name" : "Paul DiCarlo, The Alpha",
      "locked" : true,
      "type" : "VAMPIRE",
      "capacity" : 2,
      "clan" : "Giovanni",
      "disciplines" : [ "pot" ]
    },
    "7" : {
      "id" : "7",
      "region" : "15abd7bb-4ccc-44f9-a705-5725d7031565",
      "cardId" : "200525",
      "name" : "Gloria Giovanni",
      "type" : "VAMPIRE",
      "capacity" : 4,
      "counters" : 3,
      "clan" : "Giovanni",
      "disciplines" : [ "DOM", "nec" ]
    },
    "8" : {
      "id" : "8",
      "region" : "c63d51d4-672b-499f-84fd-b8f73b89b847",
      "cardId" : "200076",
      "name" : "Anarch Convert",
      "type" : "VAMPIRE",
      "capacity" : 1,
      "counters" : 1,
      "clan" : "Caitiff",
      "disciplines" : [ "" ]
    },
    "9" : {
      "id" : "9",
      "region" : "f6d01a3c-90e9-493f-8bbe-b07697f76c3e",
      "cardId" : "200076",
      "name" : "Anarch Convert",
      "type" : "VAMPIRE",
      "clan" : "Caitiff"
    },
    "400" : {
      "id" : "400",
      "region" : "363f4550-445c-4b92-9e90-ba5beadca208",
      "cardId" : "100106",
      "name" : "Ashur Tablets",
      "type" : "NONE"
    },
    "401" : {
      "id" : "401",
      "region" : "363f4550-445c-4b92-9e90-ba5beadca208",
      "cardId" : "100106",
      "name" : "Ashur Tablets",
      "type" : "NONE"
    },
    "402" : {
      "id" : "402",
      "region" : "363f4550-445c-4b92-9e90-ba5beadca208",
      "cardId" : "100106",
      "name" : "Ashur Tablets",
      "type" : "NONE"
    },
    "403" : {
      "id" : "403",
      "region" : "363f4550-445c-4b92-9e90-ba5beadca208",
      "cardId" : "100106",
      "name" : "Ashur Tablets",
      "type" : "NONE"
    },
    "404" : {
      "id" : "404",
      "region" : "363f4550-445c-4b92-9e90-ba5beadca208",
      "cardId" : "100106",
      "name" : "Ashur Tablets",
      "type" : "NONE"
    },
    "405" : {
      "id" : "405",
      "region" : "363f4550-445c-4b92-9e90-ba5beadca208",
      "cardId" : "100106",
      "name" : "Ashur Tablets",
      "type" : "NONE"
    },
    "406" : {
      "id" : "406",
      "region" : "363f4550-445c-4b92-9e90-ba5beadca208",
      "cardId" : "100106",
      "name" : "Ashur Tablets",
      "type" : "NONE"
    },
    "407" : {
      "id" : "407",
      "region" : "363f4550-445c-4b92-9e90-ba5beadca208",
      "cardId" : "100106",
      "name" : "Ashur Tablets",
      "type" : "NONE"
    },
    "408" : {
      "id" : "408",
      "region" : "363f4550-445c-4b92-9e90-ba5beadca208",
      "cardId" : "100106",
      "name" : "Ashur Tablets",
      "type" : "NONE"
    },
    "409" : {
      "id" : "409",
      "region" : "363f4550-445c-4b92-9e90-ba5beadca208",
      "cardId" : "100842",
      "name" : "Golconda: Inner Peace",
      "type" : "NONE"
    },
    "410" : {
      "id" : "410",
      "region" : "87c60c73-146e-4b37-adb7-8fede8da8834",
      "cardId" : "100188",
      "name" : "Blind Spot",
      "type" : "NONE"
    },
    "411" : {
      "id" : "411",
      "region" : "363f4550-445c-4b92-9e90-ba5beadca208",
      "cardId" : "100588",
      "name" : "Dreams of the Sphinx",
      "type" : "NONE"
    },
    "412" : {
      "id" : "412",
      "region" : "e7c731f5-3a9e-478a-8194-3bc8f5f8ca61",
      "cardId" : "102207",
      "name" : "Zillah's Valley",
      "type" : "NONE"
    },
    "413" : {
      "id" : "413",
      "region" : "e7c731f5-3a9e-478a-8194-3bc8f5f8ca61",
      "cardId" : "102207",
      "name" : "Zillah's Valley",
      "type" : "NONE"
    },
    "414" : {
      "id" : "414",
      "region" : "363f4550-445c-4b92-9e90-ba5beadca208",
      "cardId" : "102207",
      "name" : "Zillah's Valley",
      "type" : "NONE"
    },
    "415" : {
      "id" : "415",
      "region" : "363f4550-445c-4b92-9e90-ba5beadca208",
      "cardId" : "102207",
      "name" : "Zillah's Valley",
      "type" : "NONE"
    },
    "416" : {
      "id" : "416",
      "region" : "363f4550-445c-4b92-9e90-ba5beadca208",
      "cardId" : "100652",
      "name" : "Entrancement",
      "type" : "NONE"
    },
    "417" : {
      "id" : "417",
      "region" : "363f4550-445c-4b92-9e90-ba5beadca208",
      "cardId" : "100652",
      "name" : "Entrancement",
      "type" : "NONE"
    },
    "418" : {
      "id" : "418",
      "region" : "e7c731f5-3a9e-478a-8194-3bc8f5f8ca61",
      "cardId" : "102076",
      "name" : "Unleash Hell's Fury",
      "type" : "NONE"
    },
    "419" : {
      "id" : "419",
      "region" : "e7c731f5-3a9e-478a-8194-3bc8f5f8ca61",
      "cardId" : "102076",
      "name" : "Unleash Hell's Fury",
      "type" : "NONE"
    },
    "420" : {
      "id" : "420",
      "region" : "363f4550-445c-4b92-9e90-ba5beadca208",
      "cardId" : "100909",
      "name" : "Helicopter",
      "type" : "EQUIPMENT"
    },
    "300" : {
      "id" : "300",
      "region" : "715539a4-d85a-4136-bfad-f7fa50cb231d",
      "cardId" : "102121",
      "name" : "Villein",
      "type" : "NONE"
    },
    "421" : {
      "id" : "421",
      "region" : "363f4550-445c-4b92-9e90-ba5beadca208",
      "cardId" : "100401",
      "name" : "Conditioning",
      "type" : "NONE"
    },
    "301" : {
      "id" : "301",
      "region" : "715539a4-d85a-4136-bfad-f7fa50cb231d",
      "cardId" : "102121",
      "name" : "Villein",
      "type" : "NONE"
    },
    "422" : {
      "id" : "422",
      "region" : "363f4550-445c-4b92-9e90-ba5beadca208",
      "cardId" : "102131",
      "name" : "Voter Captivation",
      "type" : "NONE"
    },
    "302" : {
      "id" : "302",
      "region" : "715539a4-d85a-4136-bfad-f7fa50cb231d",
      "cardId" : "100984",
      "name" : "Information Highway",
      "type" : "NONE"
    },
    "423" : {
      "id" : "423",
      "region" : "87c60c73-146e-4b37-adb7-8fede8da8834",
      "cardId" : "101125",
      "name" : "Lost in Crowds",
      "type" : "NONE"
    },
    "303" : {
      "id" : "303",
      "region" : "715539a4-d85a-4136-bfad-f7fa50cb231d",
      "cardId" : "100984",
      "name" : "Information Highway",
      "type" : "NONE"
    },
    "424" : {
      "id" : "424",
      "region" : "e7c731f5-3a9e-478a-8194-3bc8f5f8ca61",
      "cardId" : "101125",
      "name" : "Lost in Crowds",
      "type" : "NONE"
    },
    "304" : {
      "id" : "304",
      "region" : "715539a4-d85a-4136-bfad-f7fa50cb231d",
      "cardId" : "101896",
      "name" : "Sudden Reversal",
      "type" : "NONE"
    },
    "425" : {
      "id" : "425",
      "region" : "e7c731f5-3a9e-478a-8194-3bc8f5f8ca61",
      "cardId" : "101125",
      "name" : "Lost in Crowds",
      "type" : "NONE"
    },
    "305" : {
      "id" : "305",
      "region" : "715539a4-d85a-4136-bfad-f7fa50cb231d",
      "cardId" : "101384",
      "name" : "Pentex(TM) Subversion",
      "type" : "NONE"
    },
    "426" : {
      "id" : "426",
      "region" : "363f4550-445c-4b92-9e90-ba5beadca208",
      "cardId" : "101125",
      "name" : "Lost in Crowds",
      "type" : "NONE"
    },
    "306" : {
      "id" : "306",
      "region" : "bd1ba083-5b35-4e57-9cf5-2efa1cd3e5f1",
      "cardId" : "101388",
      "name" : "Perfectionist",
      "type" : "NONE"
    },
    "427" : {
      "id" : "427",
      "region" : "363f4550-445c-4b92-9e90-ba5beadca208",
      "cardId" : "101125",
      "name" : "Lost in Crowds",
      "type" : "NONE"
    },
    "307" : {
      "id" : "307",
      "region" : "715539a4-d85a-4136-bfad-f7fa50cb231d",
      "cardId" : "101388",
      "name" : "Perfectionist",
      "type" : "NONE"
    },
    "428" : {
      "id" : "428",
      "region" : "87c60c73-146e-4b37-adb7-8fede8da8834",
      "cardId" : "101125",
      "name" : "Lost in Crowds",
      "type" : "NONE"
    },
    "308" : {
      "id" : "308",
      "region" : "715539a4-d85a-4136-bfad-f7fa50cb231d",
      "cardId" : "101388",
      "name" : "Perfectionist",
      "type" : "NONE"
    },
    "429" : {
      "id" : "429",
      "region" : "363f4550-445c-4b92-9e90-ba5beadca208",
      "cardId" : "101125",
      "name" : "Lost in Crowds",
      "type" : "NONE"
    },
    "309" : {
      "id" : "309",
      "region" : "715539a4-d85a-4136-bfad-f7fa50cb231d",
      "cardId" : "100588",
      "name" : "Dreams of the Sphinx",
      "type" : "NONE"
    },
    "430" : {
      "id" : "430",
      "region" : "87c60c73-146e-4b37-adb7-8fede8da8834",
      "cardId" : "100617",
      "name" : "Elder Impersonation",
      "type" : "NONE"
    },
    "310" : {
      "id" : "310",
      "region" : "715539a4-d85a-4136-bfad-f7fa50cb231d",
      "cardId" : "101439",
      "name" : "Powerbase: Montreal",
      "type" : "NONE"
    },
    "431" : {
      "id" : "431",
      "region" : "363f4550-445c-4b92-9e90-ba5beadca208",
      "cardId" : "100617",
      "name" : "Elder Impersonation",
      "type" : "NONE"
    },
    "311" : {
      "id" : "311",
      "region" : "715539a4-d85a-4136-bfad-f7fa50cb231d",
      "cardId" : "102107",
      "name" : "Vengeful Spirit",
      "type" : "RETAINER"
    },
    "432" : {
      "id" : "432",
      "region" : "e7c731f5-3a9e-478a-8194-3bc8f5f8ca61",
      "cardId" : "100157",
      "name" : "Bewitching Oration",
      "type" : "NONE"
    },
    "312" : {
      "id" : "312",
      "region" : "715539a4-d85a-4136-bfad-f7fa50cb231d",
      "cardId" : "102107",
      "name" : "Vengeful Spirit",
      "type" : "RETAINER"
    },
    "433" : {
      "id" : "433",
      "region" : "363f4550-445c-4b92-9e90-ba5beadca208",
      "cardId" : "100687",
      "name" : "Faceless Night",
      "type" : "NONE"
    },
    "313" : {
      "id" : "313",
      "region" : "715539a4-d85a-4136-bfad-f7fa50cb231d",
      "cardId" : "102107",
      "name" : "Vengeful Spirit",
      "type" : "RETAINER"
    },
    "434" : {
      "id" : "434",
      "region" : "363f4550-445c-4b92-9e90-ba5beadca208",
      "cardId" : "100687",
      "name" : "Faceless Night",
      "type" : "NONE"
    },
    "314" : {
      "id" : "314",
      "region" : "715539a4-d85a-4136-bfad-f7fa50cb231d",
      "cardId" : "102107",
      "name" : "Vengeful Spirit",
      "type" : "RETAINER"
    },
    "435" : {
      "id" : "435",
      "region" : "e7c731f5-3a9e-478a-8194-3bc8f5f8ca61",
      "cardId" : "100687",
      "name" : "Faceless Night",
      "type" : "NONE"
    },
    "315" : {
      "id" : "315",
      "region" : "bd1ba083-5b35-4e57-9cf5-2efa1cd3e5f1",
      "cardId" : "102107",
      "name" : "Vengeful Spirit",
      "type" : "RETAINER"
    },
    "436" : {
      "id" : "436",
      "region" : "e7c731f5-3a9e-478a-8194-3bc8f5f8ca61",
      "cardId" : "100078",
      "name" : "Approximation of Loyalty",
      "type" : "NONE"
    },
    "316" : {
      "id" : "316",
      "region" : "715539a4-d85a-4136-bfad-f7fa50cb231d",
      "cardId" : "102107",
      "name" : "Vengeful Spirit",
      "type" : "RETAINER"
    },
    "437" : {
      "id" : "437",
      "region" : "363f4550-445c-4b92-9e90-ba5beadca208",
      "cardId" : "100065",
      "name" : "Ancilla Empowerment",
      "type" : "NONE"
    },
    "317" : {
      "id" : "317",
      "region" : "715539a4-d85a-4136-bfad-f7fa50cb231d",
      "cardId" : "102107",
      "name" : "Vengeful Spirit",
      "type" : "RETAINER"
    },
    "438" : {
      "id" : "438",
      "region" : "363f4550-445c-4b92-9e90-ba5beadca208",
      "cardId" : "100064",
      "name" : "Ancient Influence",
      "type" : "NONE"
    },
    "318" : {
      "id" : "318",
      "region" : "715539a4-d85a-4136-bfad-f7fa50cb231d",
      "cardId" : "102107",
      "name" : "Vengeful Spirit",
      "type" : "RETAINER"
    },
    "439" : {
      "id" : "439",
      "region" : "363f4550-445c-4b92-9e90-ba5beadca208",
      "cardId" : "100131",
      "name" : "Banishment",
      "type" : "NONE"
    },
    "319" : {
      "id" : "319",
      "region" : "bd1ba083-5b35-4e57-9cf5-2efa1cd3e5f1",
      "cardId" : "101843",
      "name" : "Spectral Divination",
      "type" : "NONE"
    },
    "440" : {
      "id" : "440",
      "region" : "363f4550-445c-4b92-9e90-ba5beadca208",
      "cardId" : "100131",
      "name" : "Banishment",
      "type" : "NONE"
    },
    "320" : {
      "id" : "320",
      "region" : "d8aa3ef2-0c44-4073-bcf3-b81174355da0",
      "cardId" : "101843",
      "name" : "Spectral Divination",
      "type" : "NONE"
    },
    "441" : {
      "id" : "441",
      "region" : "363f4550-445c-4b92-9e90-ba5beadca208",
      "cardId" : "101591",
      "name" : "Reins of Power",
      "type" : "NONE"
    },
    "321" : {
      "id" : "321",
      "region" : "715539a4-d85a-4136-bfad-f7fa50cb231d",
      "cardId" : "100016",
      "name" : "Acheron Vortex",
      "type" : "NONE"
    },
    "200" : {
      "id" : "200",
      "region" : "6f1684ed-3099-401c-8a6a-3f952dc37abe",
      "cardId" : "201006",
      "name" : "Montano",
      "type" : "VAMPIRE",
      "votes" : "2",
      "title" : "2 votes",
      "clan" : "Lasombra"
    },
    "442" : {
      "id" : "442",
      "region" : "363f4550-445c-4b92-9e90-ba5beadca208",
      "cardId" : "100038",
      "name" : "Alastor",
      "type" : "NONE"
    },
    "322" : {
      "id" : "322",
      "region" : "715539a4-d85a-4136-bfad-f7fa50cb231d",
      "cardId" : "100788",
      "name" : "Freak Drive",
      "type" : "NONE"
    },
    "201" : {
      "id" : "201",
      "region" : "5d2cfec5-79a2-4395-a453-d52aef0ed733",
      "cardId" : "201006",
      "name" : "Montano",
      "locked" : true,
      "type" : "VAMPIRE",
      "capacity" : 11,
      "counters" : 10,
      "votes" : "2",
      "title" : "2 votes",
      "clan" : "Lasombra",
      "disciplines" : [ "OBT", "DOM", "POT", "FOR", "ANI" ]
    },
    "443" : {
      "id" : "443",
      "region" : "e7c731f5-3a9e-478a-8194-3bc8f5f8ca61",
      "cardId" : "101417",
      "name" : "Political Stranglehold",
      "type" : "NONE"
    },
    "323" : {
      "id" : "323",
      "region" : "715539a4-d85a-4136-bfad-f7fa50cb231d",
      "cardId" : "100788",
      "name" : "Freak Drive",
      "type" : "NONE"
    },
    "202" : {
      "id" : "202",
      "region" : "6f1684ed-3099-401c-8a6a-3f952dc37abe",
      "cardId" : "201052",
      "name" : "New Blood",
      "type" : "VAMPIRE",
      "clan" : "Blood Brother"
    },
    "444" : {
      "id" : "444",
      "region" : "e7c731f5-3a9e-478a-8194-3bc8f5f8ca61",
      "cardId" : "100059",
      "name" : "Anarchist Uprising",
      "type" : "NONE"
    },
    "324" : {
      "id" : "324",
      "region" : "715539a4-d85a-4136-bfad-f7fa50cb231d",
      "cardId" : "100788",
      "name" : "Freak Drive",
      "type" : "NONE"
    },
    "203" : {
      "id" : "203",
      "region" : "6f1684ed-3099-401c-8a6a-3f952dc37abe",
      "cardId" : "200396",
      "name" : "Earl",
      "type" : "VAMPIRE",
      "clan" : "Ventrue"
    },
    "445" : {
      "id" : "445",
      "region" : "e7c731f5-3a9e-478a-8194-3bc8f5f8ca61",
      "cardId" : "102270",
      "name" : "Camarilla's Iron Fist",
      "type" : "NONE"
    },
    "325" : {
      "id" : "325",
      "region" : "715539a4-d85a-4136-bfad-f7fa50cb231d",
      "cardId" : "100788",
      "name" : "Freak Drive",
      "type" : "NONE"
    },
    "204" : {
      "id" : "204",
      "region" : "8968cd27-a3bf-4b8b-978a-c3bb485eee41",
      "cardId" : "101890",
      "name" : "Subdued by the Blood",
      "type" : "NONE"
    },
    "446" : {
      "id" : "446",
      "region" : "363f4550-445c-4b92-9e90-ba5beadca208",
      "cardId" : "102270",
      "name" : "Camarilla's Iron Fist",
      "type" : "NONE"
    },
    "326" : {
      "id" : "326",
      "region" : "715539a4-d85a-4136-bfad-f7fa50cb231d",
      "cardId" : "100279",
      "name" : "Call of the Hungry Dead",
      "type" : "NONE"
    },
    "205" : {
      "id" : "205",
      "region" : "62b7ff9d-b4e2-4eee-a337-740a4448af60",
      "cardId" : "101890",
      "name" : "Subdued by the Blood",
      "type" : "NONE"
    },
    "447" : {
      "id" : "447",
      "region" : "e7c731f5-3a9e-478a-8194-3bc8f5f8ca61",
      "cardId" : "100518",
      "name" : "Deflection",
      "type" : "NONE"
    },
    "327" : {
      "id" : "327",
      "region" : "715539a4-d85a-4136-bfad-f7fa50cb231d",
      "cardId" : "100279",
      "name" : "Call of the Hungry Dead",
      "type" : "NONE"
    },
    "206" : {
      "id" : "206",
      "region" : "4dfcd2ef-da6a-47cc-979a-606cf1e2aacb",
      "cardId" : "101890",
      "name" : "Subdued by the Blood",
      "type" : "NONE"
    },
    "448" : {
      "id" : "448",
      "region" : "363f4550-445c-4b92-9e90-ba5beadca208",
      "cardId" : "100518",
      "name" : "Deflection",
      "type" : "NONE"
    },
    "328" : {
      "id" : "328",
      "region" : "715539a4-d85a-4136-bfad-f7fa50cb231d",
      "cardId" : "100279",
      "name" : "Call of the Hungry Dead",
      "type" : "NONE"
    },
    "207" : {
      "id" : "207",
      "region" : "62b7ff9d-b4e2-4eee-a337-740a4448af60",
      "cardId" : "101890",
      "name" : "Subdued by the Blood",
      "type" : "NONE"
    },
    "449" : {
      "id" : "449",
      "region" : "363f4550-445c-4b92-9e90-ba5beadca208",
      "cardId" : "100518",
      "name" : "Deflection",
      "type" : "NONE"
    },
    "329" : {
      "id" : "329",
      "region" : "715539a4-d85a-4136-bfad-f7fa50cb231d",
      "cardId" : "100279",
      "name" : "Call of the Hungry Dead",
      "type" : "NONE"
    },
    "208" : {
      "id" : "208",
      "region" : "8968cd27-a3bf-4b8b-978a-c3bb485eee41",
      "cardId" : "101890",
      "name" : "Subdued by the Blood",
      "type" : "NONE"
    },
    "209" : {
      "id" : "209",
      "region" : "8968cd27-a3bf-4b8b-978a-c3bb485eee41",
      "cardId" : "101890",
      "name" : "Subdued by the Blood",
      "type" : "NONE"
    },
    "450" : {
      "id" : "450",
      "region" : "363f4550-445c-4b92-9e90-ba5beadca208",
      "cardId" : "100518",
      "name" : "Deflection",
      "type" : "NONE"
    },
    "330" : {
      "id" : "330",
      "region" : "715539a4-d85a-4136-bfad-f7fa50cb231d",
      "cardId" : "100974",
      "name" : "Inevitability of the Void",
      "type" : "NONE"
    },
    "451" : {
      "id" : "451",
      "region" : "363f4550-445c-4b92-9e90-ba5beadca208",
      "cardId" : "101309",
      "name" : "Obedience",
      "type" : "NONE"
    },
    "331" : {
      "id" : "331",
      "region" : "715539a4-d85a-4136-bfad-f7fa50cb231d",
      "cardId" : "100974",
      "name" : "Inevitability of the Void",
      "type" : "NONE"
    },
    "210" : {
      "id" : "210",
      "region" : "62b7ff9d-b4e2-4eee-a337-740a4448af60",
      "cardId" : "101890",
      "name" : "Subdued by the Blood",
      "type" : "NONE"
    },
    "452" : {
      "id" : "452",
      "region" : "363f4550-445c-4b92-9e90-ba5beadca208",
      "cardId" : "101309",
      "name" : "Obedience",
      "type" : "NONE"
    },
    "332" : {
      "id" : "332",
      "region" : "715539a4-d85a-4136-bfad-f7fa50cb231d",
      "cardId" : "100974",
      "name" : "Inevitability of the Void",
      "type" : "NONE"
    },
    "211" : {
      "id" : "211",
      "region" : "62b7ff9d-b4e2-4eee-a337-740a4448af60",
      "cardId" : "101890",
      "name" : "Subdued by the Blood",
      "type" : "NONE"
    },
    "453" : {
      "id" : "453",
      "region" : "363f4550-445c-4b92-9e90-ba5beadca208",
      "cardId" : "101309",
      "name" : "Obedience",
      "type" : "NONE"
    },
    "333" : {
      "id" : "333",
      "region" : "715539a4-d85a-4136-bfad-f7fa50cb231d",
      "cardId" : "100974",
      "name" : "Inevitability of the Void",
      "type" : "NONE"
    },
    "212" : {
      "id" : "212",
      "region" : "62b7ff9d-b4e2-4eee-a337-740a4448af60",
      "cardId" : "101207",
      "name" : "Metro Underground",
      "type" : "NONE"
    },
    "454" : {
      "id" : "454",
      "region" : "363f4550-445c-4b92-9e90-ba5beadca208",
      "cardId" : "101309",
      "name" : "Obedience",
      "type" : "NONE"
    },
    "334" : {
      "id" : "334",
      "region" : "d8aa3ef2-0c44-4073-bcf3-b81174355da0",
      "cardId" : "100974",
      "name" : "Inevitability of the Void",
      "type" : "NONE"
    },
    "213" : {
      "id" : "213",
      "region" : "62b7ff9d-b4e2-4eee-a337-740a4448af60",
      "cardId" : "101238",
      "name" : "Monastery of Shadows",
      "type" : "NONE"
    },
    "455" : {
      "id" : "455",
      "region" : "87c60c73-146e-4b37-adb7-8fede8da8834",
      "cardId" : "101309",
      "name" : "Obedience",
      "type" : "NONE"
    },
    "335" : {
      "id" : "335",
      "region" : "715539a4-d85a-4136-bfad-f7fa50cb231d",
      "cardId" : "100974",
      "name" : "Inevitability of the Void",
      "type" : "NONE"
    },
    "214" : {
      "id" : "214",
      "region" : "62b7ff9d-b4e2-4eee-a337-740a4448af60",
      "cardId" : "102121",
      "name" : "Villein",
      "type" : "NONE"
    },
    "456" : {
      "id" : "456",
      "region" : "e7c731f5-3a9e-478a-8194-3bc8f5f8ca61",
      "cardId" : "101913",
      "name" : "Swallowed by the Night",
      "type" : "NONE"
    },
    "336" : {
      "id" : "336",
      "region" : "715539a4-d85a-4136-bfad-f7fa50cb231d",
      "cardId" : "101649",
      "name" : "Rolling with the Punches",
      "type" : "NONE"
    },
    "215" : {
      "id" : "215",
      "region" : "62b7ff9d-b4e2-4eee-a337-740a4448af60",
      "cardId" : "102121",
      "name" : "Villein",
      "type" : "NONE"
    },
    "457" : {
      "id" : "457",
      "region" : "363f4550-445c-4b92-9e90-ba5beadca208",
      "cardId" : "101913",
      "name" : "Swallowed by the Night",
      "type" : "NONE"
    },
    "337" : {
      "id" : "337",
      "region" : "715539a4-d85a-4136-bfad-f7fa50cb231d",
      "cardId" : "101649",
      "name" : "Rolling with the Punches",
      "type" : "NONE"
    },
    "216" : {
      "id" : "216",
      "region" : "62b7ff9d-b4e2-4eee-a337-740a4448af60",
      "cardId" : "102121",
      "name" : "Villein",
      "type" : "NONE"
    },
    "338" : {
      "id" : "338",
      "region" : "715539a4-d85a-4136-bfad-f7fa50cb231d",
      "cardId" : "101649",
      "name" : "Rolling with the Punches",
      "type" : "NONE"
    },
    "217" : {
      "id" : "217",
      "region" : "62b7ff9d-b4e2-4eee-a337-740a4448af60",
      "cardId" : "102121",
      "name" : "Villein",
      "type" : "NONE"
    },
    "339" : {
      "id" : "339",
      "region" : "d8aa3ef2-0c44-4073-bcf3-b81174355da0",
      "cardId" : "101649",
      "name" : "Rolling with the Punches",
      "type" : "NONE"
    },
    "218" : {
      "id" : "218",
      "region" : "62b7ff9d-b4e2-4eee-a337-740a4448af60",
      "cardId" : "102121",
      "name" : "Villein",
      "type" : "NONE"
    },
    "219" : {
      "id" : "219",
      "region" : "62b7ff9d-b4e2-4eee-a337-740a4448af60",
      "cardId" : "102121",
      "name" : "Villein",
      "type" : "NONE"
    },
    "340" : {
      "id" : "340",
      "region" : "715539a4-d85a-4136-bfad-f7fa50cb231d",
      "cardId" : "101649",
      "name" : "Rolling with the Punches",
      "type" : "NONE"
    },
    "341" : {
      "id" : "341",
      "region" : "715539a4-d85a-4136-bfad-f7fa50cb231d",
      "cardId" : "101649",
      "name" : "Rolling with the Punches",
      "type" : "NONE"
    },
    "220" : {
      "id" : "220",
      "region" : "62b7ff9d-b4e2-4eee-a337-740a4448af60",
      "cardId" : "102121",
      "name" : "Villein",
      "type" : "NONE"
    },
    "342" : {
      "id" : "342",
      "region" : "715539a4-d85a-4136-bfad-f7fa50cb231d",
      "cardId" : "101791",
      "name" : "Skin of Rock",
      "type" : "NONE"
    },
    "221" : {
      "id" : "221",
      "region" : "62b7ff9d-b4e2-4eee-a337-740a4448af60",
      "cardId" : "102121",
      "name" : "Villein",
      "type" : "NONE"
    },
    "100" : {
      "id" : "100",
      "region" : "a1686ef9-edb7-49fe-a10c-0cb60269aa3b",
      "cardId" : "200076",
      "name" : "Anarch Convert",
      "type" : "VAMPIRE",
      "capacity" : 1,
      "counters" : 1,
      "clan" : "Caitiff",
      "disciplines" : [ "" ]
    },
    "343" : {
      "id" : "343",
      "region" : "715539a4-d85a-4136-bfad-f7fa50cb231d",
      "cardId" : "101791",
      "name" : "Skin of Rock",
      "type" : "NONE"
    },
    "222" : {
      "id" : "222",
      "region" : "62b7ff9d-b4e2-4eee-a337-740a4448af60",
      "cardId" : "100984",
      "name" : "Information Highway",
      "type" : "NONE"
    },
    "101" : {
      "id" : "101",
      "region" : "27873733-5181-4111-9584-ac5a71a3767f",
      "cardId" : "200076",
      "name" : "Anarch Convert",
      "type" : "VAMPIRE",
      "clan" : "Caitiff"
    },
    "344" : {
      "id" : "344",
      "region" : "715539a4-d85a-4136-bfad-f7fa50cb231d",
      "cardId" : "101791",
      "name" : "Skin of Rock",
      "type" : "NONE"
    },
    "223" : {
      "id" : "223",
      "region" : "5d2cfec5-79a2-4395-a453-d52aef0ed733",
      "cardId" : "100984",
      "name" : "Information Highway",
      "type" : "NONE"
    },
    "102" : {
      "id" : "102",
      "region" : "74a75e9b-d332-435b-9177-735ce6960aa6",
      "cardId" : "102049",
      "name" : "Twilight Camp",
      "type" : "NONE"
    },
    "345" : {
      "id" : "345",
      "region" : "715539a4-d85a-4136-bfad-f7fa50cb231d",
      "cardId" : "101791",
      "name" : "Skin of Rock",
      "type" : "NONE"
    },
    "224" : {
      "id" : "224",
      "region" : "62b7ff9d-b4e2-4eee-a337-740a4448af60",
      "cardId" : "100984",
      "name" : "Information Highway",
      "type" : "NONE"
    },
    "103" : {
      "id" : "103",
      "region" : "74a75e9b-d332-435b-9177-735ce6960aa6",
      "cardId" : "100545",
      "name" : "Direct Intervention",
      "type" : "NONE"
    },
    "346" : {
      "id" : "346",
      "region" : "715539a4-d85a-4136-bfad-f7fa50cb231d",
      "cardId" : "100634",
      "name" : "Emerald Legionnaire",
      "type" : "ALLY"
    },
    "225" : {
      "id" : "225",
      "region" : "62b7ff9d-b4e2-4eee-a337-740a4448af60",
      "cardId" : "100984",
      "name" : "Information Highway",
      "type" : "NONE"
    },
    "104" : {
      "id" : "104",
      "region" : "c9d9b837-76bf-4250-af28-12d0faf997bc",
      "cardId" : "100545",
      "name" : "Direct Intervention",
      "type" : "NONE"
    },
    "347" : {
      "id" : "347",
      "region" : "bd1ba083-5b35-4e57-9cf5-2efa1cd3e5f1",
      "cardId" : "100634",
      "name" : "Emerald Legionnaire",
      "type" : "ALLY"
    },
    "226" : {
      "id" : "226",
      "region" : "62b7ff9d-b4e2-4eee-a337-740a4448af60",
      "cardId" : "100842",
      "name" : "Golconda: Inner Peace",
      "type" : "NONE"
    },
    "105" : {
      "id" : "105",
      "region" : "74a75e9b-d332-435b-9177-735ce6960aa6",
      "cardId" : "101811",
      "name" : "Smiling Jack, The Anarch",
      "type" : "NONE"
    },
    "348" : {
      "id" : "348",
      "region" : "3303d5c0-8bf6-4420-b91e-60471fe9e5ed",
      "cardId" : "100634",
      "name" : "Emerald Legionnaire",
      "type" : "ALLY",
      "counters" : 2
    },
    "227" : {
      "id" : "227",
      "region" : "62b7ff9d-b4e2-4eee-a337-740a4448af60",
      "cardId" : "100842",
      "name" : "Golconda: Inner Peace",
      "type" : "NONE"
    },
    "106" : {
      "id" : "106",
      "region" : "74a75e9b-d332-435b-9177-735ce6960aa6",
      "cardId" : "101877",
      "name" : "Storage Annex",
      "type" : "NONE"
    },
    "349" : {
      "id" : "349",
      "region" : "715539a4-d85a-4136-bfad-f7fa50cb231d",
      "cardId" : "100634",
      "name" : "Emerald Legionnaire",
      "type" : "ALLY"
    },
    "228" : {
      "id" : "228",
      "region" : "62b7ff9d-b4e2-4eee-a337-740a4448af60",
      "cardId" : "102207",
      "name" : "Zillah's Valley",
      "type" : "NONE"
    },
    "107" : {
      "id" : "107",
      "region" : "74a75e9b-d332-435b-9177-735ce6960aa6",
      "cardId" : "101877",
      "name" : "Storage Annex",
      "type" : "NONE"
    },
    "229" : {
      "id" : "229",
      "region" : "4dfcd2ef-da6a-47cc-979a-606cf1e2aacb",
      "cardId" : "102207",
      "name" : "Zillah's Valley",
      "type" : "NONE"
    },
    "108" : {
      "id" : "108",
      "region" : "74a75e9b-d332-435b-9177-735ce6960aa6",
      "cardId" : "100052",
      "name" : "Anarch Free Press, The",
      "type" : "NONE"
    },
    "109" : {
      "id" : "109",
      "region" : "74a75e9b-d332-435b-9177-735ce6960aa6",
      "cardId" : "100199",
      "name" : "Blood Doll",
      "type" : "NONE"
    },
    "350" : {
      "id" : "350",
      "region" : "715539a4-d85a-4136-bfad-f7fa50cb231d",
      "cardId" : "100634",
      "name" : "Emerald Legionnaire",
      "type" : "ALLY"
    },
    "351" : {
      "id" : "351",
      "region" : "3303d5c0-8bf6-4420-b91e-60471fe9e5ed",
      "cardId" : "100634",
      "name" : "Emerald Legionnaire",
      "type" : "ALLY",
      "counters" : 2
    },
    "230" : {
      "id" : "230",
      "region" : "62b7ff9d-b4e2-4eee-a337-740a4448af60",
      "cardId" : "102207",
      "name" : "Zillah's Valley",
      "type" : "NONE"
    },
    "352" : {
      "id" : "352",
      "region" : "715539a4-d85a-4136-bfad-f7fa50cb231d",
      "cardId" : "100634",
      "name" : "Emerald Legionnaire",
      "type" : "ALLY"
    },
    "231" : {
      "id" : "231",
      "region" : "62b7ff9d-b4e2-4eee-a337-740a4448af60",
      "cardId" : "102207",
      "name" : "Zillah's Valley",
      "type" : "NONE"
    },
    "110" : {
      "id" : "110",
      "region" : "74a75e9b-d332-435b-9177-735ce6960aa6",
      "cardId" : "100199",
      "name" : "Blood Doll",
      "type" : "NONE"
    },
    "353" : {
      "id" : "353",
      "region" : "715539a4-d85a-4136-bfad-f7fa50cb231d",
      "cardId" : "100634",
      "name" : "Emerald Legionnaire",
      "type" : "ALLY"
    },
    "232" : {
      "id" : "232",
      "region" : "62b7ff9d-b4e2-4eee-a337-740a4448af60",
      "cardId" : "102207",
      "name" : "Zillah's Valley",
      "type" : "NONE"
    },
    "111" : {
      "id" : "111",
      "region" : "74a75e9b-d332-435b-9177-735ce6960aa6",
      "cardId" : "100199",
      "name" : "Blood Doll",
      "type" : "NONE"
    },
    "354" : {
      "id" : "354",
      "region" : "715539a4-d85a-4136-bfad-f7fa50cb231d",
      "cardId" : "101475",
      "name" : "Precognition",
      "type" : "NONE"
    },
    "233" : {
      "id" : "233",
      "region" : "62b7ff9d-b4e2-4eee-a337-740a4448af60",
      "cardId" : "102207",
      "name" : "Zillah's Valley",
      "type" : "NONE"
    },
    "112" : {
      "id" : "112",
      "region" : "87cc33bb-6906-4725-848e-8de6fbf99ab1",
      "cardId" : "100055",
      "name" : "Anarch Revolt",
      "type" : "NONE"
    },
    "355" : {
      "id" : "355",
      "region" : "715539a4-d85a-4136-bfad-f7fa50cb231d",
      "cardId" : "101475",
      "name" : "Precognition",
      "type" : "NONE"
    },
    "234" : {
      "id" : "234",
      "region" : "62b7ff9d-b4e2-4eee-a337-740a4448af60",
      "cardId" : "101543",
      "name" : "Rapid Healing",
      "type" : "NONE"
    },
    "113" : {
      "id" : "113",
      "region" : "74a75e9b-d332-435b-9177-735ce6960aa6",
      "cardId" : "100054",
      "name" : "Anarch Railroad",
      "type" : "NONE"
    },
    "356" : {
      "id" : "356",
      "region" : "715539a4-d85a-4136-bfad-f7fa50cb231d",
      "cardId" : "100644",
      "name" : "Enhanced Senses",
      "type" : "NONE"
    },
    "235" : {
      "id" : "235",
      "region" : "62b7ff9d-b4e2-4eee-a337-740a4448af60",
      "cardId" : "101543",
      "name" : "Rapid Healing",
      "type" : "NONE"
    },
    "114" : {
      "id" : "114",
      "region" : "74a75e9b-d332-435b-9177-735ce6960aa6",
      "cardId" : "100297",
      "name" : "Carfax Abbey",
      "type" : "NONE"
    },
    "357" : {
      "id" : "357",
      "region" : "715539a4-d85a-4136-bfad-f7fa50cb231d",
      "cardId" : "100598",
      "name" : "Eagle's Sight",
      "type" : "NONE"
    },
    "236" : {
      "id" : "236",
      "region" : "62b7ff9d-b4e2-4eee-a337-740a4448af60",
      "cardId" : "101543",
      "name" : "Rapid Healing",
      "type" : "NONE"
    },
    "115" : {
      "id" : "115",
      "region" : "87cc33bb-6906-4725-848e-8de6fbf99ab1",
      "cardId" : "101704",
      "name" : "Seattle Committee",
      "type" : "NONE"
    },
    "358" : {
      "id" : "358",
      "region" : "715539a4-d85a-4136-bfad-f7fa50cb231d",
      "cardId" : "100598",
      "name" : "Eagle's Sight",
      "type" : "NONE"
    },
    "237" : {
      "id" : "237",
      "region" : "62b7ff9d-b4e2-4eee-a337-740a4448af60",
      "cardId" : "101543",
      "name" : "Rapid Healing",
      "type" : "NONE"
    },
    "116" : {
      "id" : "116",
      "region" : "c9d9b837-76bf-4250-af28-12d0faf997bc",
      "cardId" : "100798",
      "name" : "Galaric's Legacy",
      "type" : "NONE"
    },
    "359" : {
      "id" : "359",
      "region" : "715539a4-d85a-4136-bfad-f7fa50cb231d",
      "cardId" : "101321",
      "name" : "On the Qui Vive",
      "type" : "NONE"
    },
    "238" : {
      "id" : "238",
      "region" : "62b7ff9d-b4e2-4eee-a337-740a4448af60",
      "cardId" : "100845",
      "name" : "Govern the Unaligned",
      "type" : "NONE"
    },
    "117" : {
      "id" : "117",
      "region" : "74a75e9b-d332-435b-9177-735ce6960aa6",
      "cardId" : "100798",
      "name" : "Galaric's Legacy",
      "type" : "NONE"
    },
    "239" : {
      "id" : "239",
      "region" : "62b7ff9d-b4e2-4eee-a337-740a4448af60",
      "cardId" : "100845",
      "name" : "Govern the Unaligned",
      "type" : "NONE"
    },
    "118" : {
      "id" : "118",
      "region" : "74a75e9b-d332-435b-9177-735ce6960aa6",
      "cardId" : "100366",
      "name" : "Club Illusion",
      "type" : "NONE"
    },
    "119" : {
      "id" : "119",
      "region" : "74a75e9b-d332-435b-9177-735ce6960aa6",
      "cardId" : "100416",
      "name" : "Constant Revolution",
      "type" : "NONE"
    },
    "10" : {
      "id" : "10",
      "region" : "f6d01a3c-90e9-493f-8bbe-b07697f76c3e",
      "cardId" : "200076",
      "name" : "Anarch Convert",
      "type" : "VAMPIRE",
      "clan" : "Caitiff"
    },
    "11" : {
      "id" : "11",
      "region" : "f6d01a3c-90e9-493f-8bbe-b07697f76c3e",
      "cardId" : "200076",
      "name" : "Anarch Convert",
      "type" : "VAMPIRE",
      "clan" : "Caitiff"
    },
    "12" : {
      "id" : "12",
      "region" : "55f5c2b5-e37f-4c30-a778-9e598459ee5a",
      "cardId" : "200076",
      "name" : "Anarch Convert",
      "type" : "VAMPIRE",
      "clan" : "Caitiff"
    },
    "13" : {
      "id" : "13",
      "region" : "b75ce9f6-9503-4ddc-8000-912e03852065",
      "cardId" : "102113",
      "name" : "Vessel",
      "type" : "NONE"
    },
    "14" : {
      "id" : "14",
      "region" : "b75ce9f6-9503-4ddc-8000-912e03852065",
      "cardId" : "102113",
      "name" : "Vessel",
      "type" : "NONE"
    },
    "15" : {
      "id" : "15",
      "region" : "0772b05c-ce43-46a5-8cfa-730c7115a9d5",
      "cardId" : "102113",
      "name" : "Vessel",
      "type" : "NONE"
    },
    "16" : {
      "id" : "16",
      "region" : "b75ce9f6-9503-4ddc-8000-912e03852065",
      "cardId" : "100019",
      "name" : "Acquired Ventrue Assets",
      "type" : "NONE"
    },
    "17" : {
      "id" : "17",
      "region" : "b75ce9f6-9503-4ddc-8000-912e03852065",
      "cardId" : "100019",
      "name" : "Acquired Ventrue Assets",
      "type" : "NONE"
    },
    "18" : {
      "id" : "18",
      "region" : "15abd7bb-4ccc-44f9-a705-5725d7031565",
      "cardId" : "100019",
      "name" : "Acquired Ventrue Assets",
      "type" : "NONE",
      "counters" : 2
    },
    "19" : {
      "id" : "19",
      "region" : "0bc6232e-6637-4b6d-a2ba-5d6642a9f50c",
      "cardId" : "100548",
      "name" : "Dis Pater",
      "type" : "NONE"
    },
    "360" : {
      "id" : "360",
      "region" : "715539a4-d85a-4136-bfad-f7fa50cb231d",
      "cardId" : "101321",
      "name" : "On the Qui Vive",
      "type" : "NONE"
    },
    "361" : {
      "id" : "361",
      "region" : "715539a4-d85a-4136-bfad-f7fa50cb231d",
      "cardId" : "101321",
      "name" : "On the Qui Vive",
      "type" : "NONE"
    },
    "240" : {
      "id" : "240",
      "region" : "62b7ff9d-b4e2-4eee-a337-740a4448af60",
      "cardId" : "100845",
      "name" : "Govern the Unaligned",
      "type" : "NONE"
    },
    "362" : {
      "id" : "362",
      "region" : "715539a4-d85a-4136-bfad-f7fa50cb231d",
      "cardId" : "100680",
      "name" : "Eyes of Argus",
      "type" : "NONE"
    },
    "241" : {
      "id" : "241",
      "region" : "4dfcd2ef-da6a-47cc-979a-606cf1e2aacb",
      "cardId" : "100845",
      "name" : "Govern the Unaligned",
      "type" : "NONE"
    },
    "120" : {
      "id" : "120",
      "region" : "74a75e9b-d332-435b-9177-735ce6960aa6",
      "cardId" : "100416",
      "name" : "Constant Revolution",
      "type" : "NONE"
    },
    "363" : {
      "id" : "363",
      "region" : "715539a4-d85a-4136-bfad-f7fa50cb231d",
      "cardId" : "100680",
      "name" : "Eyes of Argus",
      "type" : "NONE"
    },
    "242" : {
      "id" : "242",
      "region" : "62b7ff9d-b4e2-4eee-a337-740a4448af60",
      "cardId" : "100845",
      "name" : "Govern the Unaligned",
      "type" : "NONE"
    },
    "121" : {
      "id" : "121",
      "region" : "74a75e9b-d332-435b-9177-735ce6960aa6",
      "cardId" : "100952",
      "name" : "Illegalism",
      "type" : "NONE"
    },
    "364" : {
      "id" : "364",
      "region" : "715539a4-d85a-4136-bfad-f7fa50cb231d",
      "cardId" : "100680",
      "name" : "Eyes of Argus",
      "type" : "NONE"
    },
    "243" : {
      "id" : "243",
      "region" : "62b7ff9d-b4e2-4eee-a337-740a4448af60",
      "cardId" : "100845",
      "name" : "Govern the Unaligned",
      "type" : "NONE"
    },
    "122" : {
      "id" : "122",
      "region" : "c9d9b837-76bf-4250-af28-12d0faf997bc",
      "cardId" : "100952",
      "name" : "Illegalism",
      "type" : "NONE"
    },
    "365" : {
      "id" : "365",
      "region" : "715539a4-d85a-4136-bfad-f7fa50cb231d",
      "cardId" : "101850",
      "name" : "Spirit's Touch",
      "type" : "NONE"
    },
    "244" : {
      "id" : "244",
      "region" : "62b7ff9d-b4e2-4eee-a337-740a4448af60",
      "cardId" : "101256",
      "name" : "Murmur of the False Will",
      "type" : "NONE"
    },
    "123" : {
      "id" : "123",
      "region" : "74a75e9b-d332-435b-9177-735ce6960aa6",
      "cardId" : "100952",
      "name" : "Illegalism",
      "type" : "NONE"
    },
    "366" : {
      "id" : "366",
      "region" : "715539a4-d85a-4136-bfad-f7fa50cb231d",
      "cardId" : "101949",
      "name" : "Telepathic Misdirection",
      "type" : "NONE"
    },
    "245" : {
      "id" : "245",
      "region" : "62b7ff9d-b4e2-4eee-a337-740a4448af60",
      "cardId" : "101256",
      "name" : "Murmur of the False Will",
      "type" : "NONE"
    },
    "124" : {
      "id" : "124",
      "region" : "74a75e9b-d332-435b-9177-735ce6960aa6",
      "cardId" : "100952",
      "name" : "Illegalism",
      "type" : "NONE"
    },
    "367" : {
      "id" : "367",
      "region" : "bd1ba083-5b35-4e57-9cf5-2efa1cd3e5f1",
      "cardId" : "101949",
      "name" : "Telepathic Misdirection",
      "type" : "NONE"
    },
    "246" : {
      "id" : "246",
      "region" : "8968cd27-a3bf-4b8b-978a-c3bb485eee41",
      "cardId" : "101256",
      "name" : "Murmur of the False Will",
      "type" : "NONE"
    },
    "125" : {
      "id" : "125",
      "region" : "74a75e9b-d332-435b-9177-735ce6960aa6",
      "cardId" : "100952",
      "name" : "Illegalism",
      "type" : "NONE"
    },
    "368" : {
      "id" : "368",
      "region" : "bd1ba083-5b35-4e57-9cf5-2efa1cd3e5f1",
      "cardId" : "101949",
      "name" : "Telepathic Misdirection",
      "type" : "NONE"
    },
    "247" : {
      "id" : "247",
      "region" : "62b7ff9d-b4e2-4eee-a337-740a4448af60",
      "cardId" : "100401",
      "name" : "Conditioning",
      "type" : "NONE"
    },
    "126" : {
      "id" : "126",
      "region" : "74a75e9b-d332-435b-9177-735ce6960aa6",
      "cardId" : "100952",
      "name" : "Illegalism",
      "type" : "NONE"
    },
    "369" : {
      "id" : "369",
      "region" : "715539a4-d85a-4136-bfad-f7fa50cb231d",
      "cardId" : "101949",
      "name" : "Telepathic Misdirection",
      "type" : "NONE"
    },
    "248" : {
      "id" : "248",
      "region" : "62b7ff9d-b4e2-4eee-a337-740a4448af60",
      "cardId" : "100401",
      "name" : "Conditioning",
      "type" : "NONE"
    },
    "127" : {
      "id" : "127",
      "region" : "74a75e9b-d332-435b-9177-735ce6960aa6",
      "cardId" : "101085",
      "name" : "Legacy",
      "type" : "NONE"
    },
    "249" : {
      "id" : "249",
      "region" : "62b7ff9d-b4e2-4eee-a337-740a4448af60",
      "cardId" : "100401",
      "name" : "Conditioning",
      "type" : "NONE"
    },
    "128" : {
      "id" : "128",
      "region" : "c9d9b837-76bf-4250-af28-12d0faf997bc",
      "cardId" : "101085",
      "name" : "Legacy",
      "type" : "NONE"
    },
    "129" : {
      "id" : "129",
      "region" : "74a75e9b-d332-435b-9177-735ce6960aa6",
      "cardId" : "101085",
      "name" : "Legacy",
      "type" : "NONE"
    },
    "20" : {
      "id" : "20",
      "region" : "b75ce9f6-9503-4ddc-8000-912e03852065",
      "cardId" : "101433",
      "name" : "Powerbase: Cape Verde",
      "type" : "NONE"
    },
    "21" : {
      "id" : "21",
      "region" : "b75ce9f6-9503-4ddc-8000-912e03852065",
      "cardId" : "101401",
      "name" : "Piper",
      "type" : "NONE"
    },
    "22" : {
      "id" : "22",
      "region" : "b75ce9f6-9503-4ddc-8000-912e03852065",
      "cardId" : "101401",
      "name" : "Piper",
      "type" : "NONE"
    },
    "23" : {
      "id" : "23",
      "region" : "b75ce9f6-9503-4ddc-8000-912e03852065",
      "cardId" : "101401",
      "name" : "Piper",
      "type" : "NONE"
    },
    "24" : {
      "id" : "24",
      "region" : "b75ce9f6-9503-4ddc-8000-912e03852065",
      "cardId" : "101112",
      "name" : "Liquidation",
      "type" : "NONE"
    },
    "25" : {
      "id" : "25",
      "region" : "0772b05c-ce43-46a5-8cfa-730c7115a9d5",
      "cardId" : "101112",
      "name" : "Liquidation",
      "type" : "NONE"
    },
    "26" : {
      "id" : "26",
      "region" : "0772b05c-ce43-46a5-8cfa-730c7115a9d5",
      "cardId" : "101112",
      "name" : "Liquidation",
      "type" : "NONE"
    },
    "27" : {
      "id" : "27",
      "region" : "b75ce9f6-9503-4ddc-8000-912e03852065",
      "cardId" : "101019",
      "name" : "Jake Washington",
      "type" : "NONE"
    },
    "28" : {
      "id" : "28",
      "region" : "15abd7bb-4ccc-44f9-a705-5725d7031565",
      "cardId" : "101019",
      "name" : "Jake Washington",
      "type" : "NONE",
      "counters" : 1
    },
    "29" : {
      "id" : "29",
      "region" : "b75ce9f6-9503-4ddc-8000-912e03852065",
      "cardId" : "101019",
      "name" : "Jake Washington",
      "type" : "NONE"
    },
    "370" : {
      "id" : "370",
      "region" : "715539a4-d85a-4136-bfad-f7fa50cb231d",
      "cardId" : "100249",
      "name" : "Breath of Thanatos",
      "type" : "NONE"
    },
    "371" : {
      "id" : "371",
      "region" : "715539a4-d85a-4136-bfad-f7fa50cb231d",
      "cardId" : "100249",
      "name" : "Breath of Thanatos",
      "type" : "NONE"
    },
    "250" : {
      "id" : "250",
      "region" : "62b7ff9d-b4e2-4eee-a337-740a4448af60",
      "cardId" : "100401",
      "name" : "Conditioning",
      "type" : "NONE"
    },
    "372" : {
      "id" : "372",
      "region" : "bd1ba083-5b35-4e57-9cf5-2efa1cd3e5f1",
      "cardId" : "100249",
      "name" : "Breath of Thanatos",
      "type" : "NONE"
    },
    "251" : {
      "id" : "251",
      "region" : "62b7ff9d-b4e2-4eee-a337-740a4448af60",
      "cardId" : "100401",
      "name" : "Conditioning",
      "type" : "NONE"
    },
    "130" : {
      "id" : "130",
      "region" : "74a75e9b-d332-435b-9177-735ce6960aa6",
      "cardId" : "100401",
      "name" : "Conditioning",
      "type" : "NONE"
    },
    "373" : {
      "id" : "373",
      "region" : "bd1ba083-5b35-4e57-9cf5-2efa1cd3e5f1",
      "cardId" : "100249",
      "name" : "Breath of Thanatos",
      "type" : "NONE"
    },
    "252" : {
      "id" : "252",
      "region" : "62b7ff9d-b4e2-4eee-a337-740a4448af60",
      "cardId" : "101712",
      "name" : "Seduction",
      "type" : "NONE"
    },
    "131" : {
      "id" : "131",
      "region" : "c9d9b837-76bf-4250-af28-12d0faf997bc",
      "cardId" : "100401",
      "name" : "Conditioning",
      "type" : "NONE"
    },
    "374" : {
      "id" : "374",
      "region" : "715539a4-d85a-4136-bfad-f7fa50cb231d",
      "cardId" : "100249",
      "name" : "Breath of Thanatos",
      "type" : "NONE"
    },
    "253" : {
      "id" : "253",
      "region" : "62b7ff9d-b4e2-4eee-a337-740a4448af60",
      "cardId" : "101712",
      "name" : "Seduction",
      "type" : "NONE"
    },
    "132" : {
      "id" : "132",
      "region" : "c9d9b837-76bf-4250-af28-12d0faf997bc",
      "cardId" : "100788",
      "name" : "Freak Drive",
      "type" : "NONE"
    },
    "254" : {
      "id" : "254",
      "region" : "4dfcd2ef-da6a-47cc-979a-606cf1e2aacb",
      "cardId" : "100788",
      "name" : "Freak Drive",
      "type" : "NONE"
    },
    "375" : {
      "id" : "375",
      "region" : "e0c38d8d-d3b0-4c07-9e4d-fa04ff83cb25",
      "cardId" : "200611",
      "name" : "Huitzilopochtli",
      "type" : "VAMPIRE",
      "clan" : "Baali"
    },
    "133" : {
      "id" : "133",
      "region" : "74a75e9b-d332-435b-9177-735ce6960aa6",
      "cardId" : "100788",
      "name" : "Freak Drive",
      "type" : "NONE"
    },
    "255" : {
      "id" : "255",
      "region" : "62b7ff9d-b4e2-4eee-a337-740a4448af60",
      "cardId" : "100788",
      "name" : "Freak Drive",
      "type" : "NONE"
    },
    "376" : {
      "id" : "376",
      "region" : "e0c38d8d-d3b0-4c07-9e4d-fa04ff83cb25",
      "cardId" : "200611",
      "name" : "Huitzilopochtli",
      "type" : "VAMPIRE",
      "clan" : "Baali"
    },
    "134" : {
      "id" : "134",
      "region" : "74a75e9b-d332-435b-9177-735ce6960aa6",
      "cardId" : "100761",
      "name" : "Forced March",
      "type" : "NONE"
    },
    "256" : {
      "id" : "256",
      "region" : "62b7ff9d-b4e2-4eee-a337-740a4448af60",
      "cardId" : "100788",
      "name" : "Freak Drive",
      "type" : "NONE"
    },
    "377" : {
      "id" : "377",
      "region" : "3ec6cf28-79ab-4c21-acf4-f9e3371a4f8d",
      "cardId" : "200611",
      "name" : "Huitzilopochtli",
      "type" : "VAMPIRE",
      "clan" : "Baali"
    },
    "135" : {
      "id" : "135",
      "region" : "74a75e9b-d332-435b-9177-735ce6960aa6",
      "cardId" : "100761",
      "name" : "Forced March",
      "type" : "NONE"
    },
    "257" : {
      "id" : "257",
      "region" : "4dfcd2ef-da6a-47cc-979a-606cf1e2aacb",
      "cardId" : "100788",
      "name" : "Freak Drive",
      "type" : "NONE"
    },
    "378" : {
      "id" : "378",
      "region" : "d2db9aeb-1eb7-45cc-8211-d13bb727532b",
      "cardId" : "200611",
      "name" : "Huitzilopochtli",
      "type" : "VAMPIRE",
      "capacity" : 10,
      "counters" : 10,
      "clan" : "Baali",
      "disciplines" : [ "OBF", "PRE", "DOM", "POT", "DAI", "AUS" ]
    },
    "136" : {
      "id" : "136",
      "region" : "74a75e9b-d332-435b-9177-735ce6960aa6",
      "cardId" : "100761",
      "name" : "Forced March",
      "type" : "NONE"
    },
    "258" : {
      "id" : "258",
      "region" : "62b7ff9d-b4e2-4eee-a337-740a4448af60",
      "cardId" : "100788",
      "name" : "Freak Drive",
      "type" : "NONE"
    },
    "379" : {
      "id" : "379",
      "region" : "3ec6cf28-79ab-4c21-acf4-f9e3371a4f8d",
      "cardId" : "200135",
      "name" : "Arika",
      "type" : "VAMPIRE",
      "votes" : "4",
      "title" : "inner circle",
      "clan" : "Ventrue"
    },
    "137" : {
      "id" : "137",
      "region" : "74a75e9b-d332-435b-9177-735ce6960aa6",
      "cardId" : "102205",
      "name" : "Zephyr",
      "type" : "NONE"
    },
    "259" : {
      "id" : "259",
      "region" : "62b7ff9d-b4e2-4eee-a337-740a4448af60",
      "cardId" : "100788",
      "name" : "Freak Drive",
      "type" : "NONE"
    },
    "138" : {
      "id" : "138",
      "region" : "74a75e9b-d332-435b-9177-735ce6960aa6",
      "cardId" : "102205",
      "name" : "Zephyr",
      "type" : "NONE"
    },
    "139" : {
      "id" : "139",
      "region" : "74a75e9b-d332-435b-9177-735ce6960aa6",
      "cardId" : "101649",
      "name" : "Rolling with the Punches",
      "type" : "NONE"
    },
    "30" : {
      "id" : "30",
      "region" : "0772b05c-ce43-46a5-8cfa-730c7115a9d5",
      "cardId" : "101895",
      "name" : "Sudario Refraction",
      "type" : "NONE"
    },
    "31" : {
      "id" : "31",
      "region" : "b75ce9f6-9503-4ddc-8000-912e03852065",
      "cardId" : "101895",
      "name" : "Sudario Refraction",
      "type" : "NONE"
    },
    "32" : {
      "id" : "32",
      "region" : "b75ce9f6-9503-4ddc-8000-912e03852065",
      "cardId" : "101895",
      "name" : "Sudario Refraction",
      "type" : "NONE"
    },
    "33" : {
      "id" : "33",
      "region" : "b75ce9f6-9503-4ddc-8000-912e03852065",
      "cardId" : "101895",
      "name" : "Sudario Refraction",
      "type" : "NONE"
    },
    "34" : {
      "id" : "34",
      "region" : "0772b05c-ce43-46a5-8cfa-730c7115a9d5",
      "cardId" : "101046",
      "name" : "Khazar's Diary (Endless Night)",
      "type" : "NONE"
    },
    "35" : {
      "id" : "35",
      "region" : "0772b05c-ce43-46a5-8cfa-730c7115a9d5",
      "cardId" : "101046",
      "name" : "Khazar's Diary (Endless Night)",
      "type" : "NONE"
    },
    "36" : {
      "id" : "36",
      "region" : "0772b05c-ce43-46a5-8cfa-730c7115a9d5",
      "cardId" : "101046",
      "name" : "Khazar's Diary (Endless Night)",
      "type" : "NONE"
    },
    "37" : {
      "id" : "37",
      "region" : "b75ce9f6-9503-4ddc-8000-912e03852065",
      "cardId" : "101046",
      "name" : "Khazar's Diary (Endless Night)",
      "type" : "NONE"
    },
    "38" : {
      "id" : "38",
      "region" : "b75ce9f6-9503-4ddc-8000-912e03852065",
      "cardId" : "101046",
      "name" : "Khazar's Diary (Endless Night)",
      "type" : "NONE"
    },
    "39" : {
      "id" : "39",
      "region" : "0772b05c-ce43-46a5-8cfa-730c7115a9d5",
      "cardId" : "101046",
      "name" : "Khazar's Diary (Endless Night)",
      "type" : "NONE"
    },
    "380" : {
      "id" : "380",
      "cards" : [ "391" ],
      "region" : "d2db9aeb-1eb7-45cc-8211-d13bb727532b",
      "cardId" : "200135",
      "name" : "Arika",
      "locked" : true,
      "type" : "VAMPIRE",
      "capacity" : 11,
      "counters" : 11,
      "votes" : "4",
      "title" : "inner circle",
      "clan" : "Ventrue",
      "disciplines" : [ "OBF", "PRE", "DOM", "FOR", "cel", "aus" ]
    },
    "260" : {
      "id" : "260",
      "region" : "62b7ff9d-b4e2-4eee-a337-740a4448af60",
      "cardId" : "100788",
      "name" : "Freak Drive",
      "type" : "NONE"
    },
    "381" : {
      "id" : "381",
      "region" : "3ec6cf28-79ab-4c21-acf4-f9e3371a4f8d",
      "cardId" : "200135",
      "name" : "Arika",
      "type" : "VAMPIRE",
      "votes" : "4",
      "title" : "inner circle",
      "clan" : "Ventrue"
    },
    "261" : {
      "id" : "261",
      "region" : "62b7ff9d-b4e2-4eee-a337-740a4448af60",
      "cardId" : "100788",
      "name" : "Freak Drive",
      "type" : "NONE"
    },
    "382" : {
      "id" : "382",
      "region" : "3ec6cf28-79ab-4c21-acf4-f9e3371a4f8d",
      "cardId" : "200935",
      "name" : "Maris Streck",
      "type" : "VAMPIRE",
      "votes" : "3",
      "title" : "justicar",
      "clan" : "Malkavian"
    },
    "140" : {
      "id" : "140",
      "region" : "c9d9b837-76bf-4250-af28-12d0faf997bc",
      "cardId" : "101649",
      "name" : "Rolling with the Punches",
      "type" : "NONE"
    },
    "262" : {
      "id" : "262",
      "region" : "62b7ff9d-b4e2-4eee-a337-740a4448af60",
      "cardId" : "100492",
      "name" : "Daring the Dawn",
      "type" : "NONE"
    },
    "383" : {
      "id" : "383",
      "region" : "3ec6cf28-79ab-4c21-acf4-f9e3371a4f8d",
      "cardId" : "200935",
      "name" : "Maris Streck",
      "type" : "VAMPIRE",
      "votes" : "3",
      "title" : "justicar",
      "clan" : "Malkavian"
    },
    "141" : {
      "id" : "141",
      "region" : "74a75e9b-d332-435b-9177-735ce6960aa6",
      "cardId" : "100704",
      "name" : "Fast Hands",
      "type" : "NONE"
    },
    "263" : {
      "id" : "263",
      "region" : "62b7ff9d-b4e2-4eee-a337-740a4448af60",
      "cardId" : "100492",
      "name" : "Daring the Dawn",
      "type" : "NONE"
    },
    "384" : {
      "id" : "384",
      "region" : "3ec6cf28-79ab-4c21-acf4-f9e3371a4f8d",
      "cardId" : "200935",
      "name" : "Maris Streck",
      "type" : "VAMPIRE",
      "votes" : "3",
      "title" : "justicar",
      "clan" : "Malkavian"
    },
    "142" : {
      "id" : "142",
      "region" : "74a75e9b-d332-435b-9177-735ce6960aa6",
      "cardId" : "100704",
      "name" : "Fast Hands",
      "type" : "NONE"
    },
    "264" : {
      "id" : "264",
      "region" : "62b7ff9d-b4e2-4eee-a337-740a4448af60",
      "cardId" : "100492",
      "name" : "Daring the Dawn",
      "type" : "NONE"
    },
    "385" : {
      "id" : "385",
      "region" : "3ec6cf28-79ab-4c21-acf4-f9e3371a4f8d",
      "cardId" : "200826",
      "name" : "Leandro",
      "type" : "VAMPIRE",
      "votes" : "4",
      "title" : "inner circle",
      "clan" : "Malkavian"
    },
    "143" : {
      "id" : "143",
      "region" : "74a75e9b-d332-435b-9177-735ce6960aa6",
      "cardId" : "100563",
      "name" : "Diversion",
      "type" : "NONE"
    },
    "265" : {
      "id" : "265",
      "region" : "8968cd27-a3bf-4b8b-978a-c3bb485eee41",
      "cardId" : "100492",
      "name" : "Daring the Dawn",
      "type" : "NONE"
    },
    "386" : {
      "id" : "386",
      "region" : "3ec6cf28-79ab-4c21-acf4-f9e3371a4f8d",
      "cardId" : "200440",
      "name" : "Etrius",
      "type" : "VAMPIRE",
      "votes" : "4",
      "title" : "inner circle",
      "clan" : "Tremere"
    },
    "144" : {
      "id" : "144",
      "region" : "74a75e9b-d332-435b-9177-735ce6960aa6",
      "cardId" : "100563",
      "name" : "Diversion",
      "type" : "NONE"
    },
    "266" : {
      "id" : "266",
      "region" : "8968cd27-a3bf-4b8b-978a-c3bb485eee41",
      "cardId" : "100492",
      "name" : "Daring the Dawn",
      "type" : "NONE"
    },
    "387" : {
      "id" : "387",
      "region" : "d2db9aeb-1eb7-45cc-8211-d13bb727532b",
      "cardId" : "101207",
      "name" : "Metro Underground",
      "type" : "NONE"
    },
    "145" : {
      "id" : "145",
      "region" : "74a75e9b-d332-435b-9177-735ce6960aa6",
      "cardId" : "100563",
      "name" : "Diversion",
      "type" : "NONE"
    },
    "267" : {
      "id" : "267",
      "region" : "62b7ff9d-b4e2-4eee-a337-740a4448af60",
      "cardId" : "100492",
      "name" : "Daring the Dawn",
      "type" : "NONE"
    },
    "388" : {
      "id" : "388",
      "region" : "87c60c73-146e-4b37-adb7-8fede8da8834",
      "cardId" : "102121",
      "name" : "Villein",
      "type" : "NONE"
    },
    "146" : {
      "id" : "146",
      "region" : "87cc33bb-6906-4725-848e-8de6fbf99ab1",
      "cardId" : "100563",
      "name" : "Diversion",
      "type" : "NONE"
    },
    "268" : {
      "id" : "268",
      "region" : "62b7ff9d-b4e2-4eee-a337-740a4448af60",
      "cardId" : "100492",
      "name" : "Daring the Dawn",
      "type" : "NONE"
    },
    "389" : {
      "id" : "389",
      "region" : "363f4550-445c-4b92-9e90-ba5beadca208",
      "cardId" : "102121",
      "name" : "Villein",
      "type" : "NONE"
    },
    "147" : {
      "id" : "147",
      "region" : "74a75e9b-d332-435b-9177-735ce6960aa6",
      "cardId" : "100563",
      "name" : "Diversion",
      "type" : "NONE"
    },
    "269" : {
      "id" : "269",
      "region" : "62b7ff9d-b4e2-4eee-a337-740a4448af60",
      "cardId" : "100492",
      "name" : "Daring the Dawn",
      "type" : "NONE"
    },
    "148" : {
      "id" : "148",
      "region" : "74a75e9b-d332-435b-9177-735ce6960aa6",
      "cardId" : "100563",
      "name" : "Diversion",
      "type" : "NONE"
    },
    "149" : {
      "id" : "149",
      "region" : "74a75e9b-d332-435b-9177-735ce6960aa6",
      "cardId" : "100563",
      "name" : "Diversion",
      "type" : "NONE"
    },
    "40" : {
      "id" : "40",
      "region" : "0772b05c-ce43-46a5-8cfa-730c7115a9d5",
      "cardId" : "101046",
      "name" : "Khazar's Diary (Endless Night)",
      "type" : "NONE"
    },
    "41" : {
      "id" : "41",
      "region" : "15abd7bb-4ccc-44f9-a705-5725d7031565",
      "cardId" : "101046",
      "name" : "Khazar's Diary (Endless Night)",
      "type" : "NONE",
      "counters" : 6
    },
    "42" : {
      "id" : "42",
      "region" : "0772b05c-ce43-46a5-8cfa-730c7115a9d5",
      "cardId" : "101046",
      "name" : "Khazar's Diary (Endless Night)",
      "type" : "NONE"
    },
    "43" : {
      "id" : "43",
      "region" : "15abd7bb-4ccc-44f9-a705-5725d7031565",
      "cardId" : "100633",
      "name" : "Embrace, The",
      "locked" : true,
      "type" : "NONE",
      "capacity" : 1,
      "counters" : 1
    },
    "44" : {
      "id" : "44",
      "region" : "15abd7bb-4ccc-44f9-a705-5725d7031565",
      "cardId" : "100633",
      "name" : "Embrace, The",
      "type" : "NONE",
      "capacity" : 1
    },
    "45" : {
      "id" : "45",
      "region" : "b75ce9f6-9503-4ddc-8000-912e03852065",
      "cardId" : "100633",
      "name" : "Embrace, The",
      "type" : "NONE"
    },
    "46" : {
      "id" : "46",
      "region" : "0772b05c-ce43-46a5-8cfa-730c7115a9d5",
      "cardId" : "100633",
      "name" : "Embrace, The",
      "type" : "NONE"
    },
    "47" : {
      "id" : "47",
      "region" : "b75ce9f6-9503-4ddc-8000-912e03852065",
      "cardId" : "100633",
      "name" : "Embrace, The",
      "type" : "NONE"
    },
    "48" : {
      "id" : "48",
      "region" : "b75ce9f6-9503-4ddc-8000-912e03852065",
      "cardId" : "100633",
      "name" : "Embrace, The",
      "type" : "NONE"
    },
    "49" : {
      "id" : "49",
      "region" : "0772b05c-ce43-46a5-8cfa-730c7115a9d5",
      "cardId" : "100323",
      "name" : "Change of Target",
      "type" : "NONE"
    },
    "390" : {
      "id" : "390",
      "region" : "87c60c73-146e-4b37-adb7-8fede8da8834",
      "cardId" : "102121",
      "name" : "Villein",
      "type" : "NONE"
    },
    "270" : {
      "id" : "270",
      "region" : "62b7ff9d-b4e2-4eee-a337-740a4448af60",
      "cardId" : "100065",
      "name" : "Ancilla Empowerment",
      "type" : "NONE"
    },
    "391" : {
      "id" : "391",
      "parent" : "380",
      "region" : "d2db9aeb-1eb7-45cc-8211-d13bb727532b",
      "cardId" : "102121",
      "name" : "Villein",
      "type" : "NONE"
    },
    "271" : {
      "id" : "271",
      "region" : "62b7ff9d-b4e2-4eee-a337-740a4448af60",
      "cardId" : "101591",
      "name" : "Reins of Power",
      "type" : "NONE"
    },
    "392" : {
      "id" : "392",
      "region" : "363f4550-445c-4b92-9e90-ba5beadca208",
      "cardId" : "102121",
      "name" : "Villein",
      "type" : "NONE"
    },
    "150" : {
      "id" : "150",
      "region" : "74a75e9b-d332-435b-9177-735ce6960aa6",
      "cardId" : "100563",
      "name" : "Diversion",
      "type" : "NONE"
    },
    "272" : {
      "id" : "272",
      "region" : "62b7ff9d-b4e2-4eee-a337-740a4448af60",
      "cardId" : "101417",
      "name" : "Political Stranglehold",
      "type" : "NONE"
    },
    "393" : {
      "id" : "393",
      "region" : "363f4550-445c-4b92-9e90-ba5beadca208",
      "cardId" : "102121",
      "name" : "Villein",
      "type" : "NONE"
    },
    "151" : {
      "id" : "151",
      "region" : "74a75e9b-d332-435b-9177-735ce6960aa6",
      "cardId" : "100563",
      "name" : "Diversion",
      "type" : "NONE"
    },
    "273" : {
      "id" : "273",
      "region" : "62b7ff9d-b4e2-4eee-a337-740a4448af60",
      "cardId" : "100059",
      "name" : "Anarchist Uprising",
      "type" : "NONE"
    },
    "394" : {
      "id" : "394",
      "region" : "e7c731f5-3a9e-478a-8194-3bc8f5f8ca61",
      "cardId" : "100824",
      "name" : "Giant's Blood",
      "type" : "NONE"
    },
    "152" : {
      "id" : "152",
      "region" : "87cc33bb-6906-4725-848e-8de6fbf99ab1",
      "cardId" : "102071",
      "name" : "Unflinching Persistence",
      "type" : "NONE"
    },
    "274" : {
      "id" : "274",
      "region" : "62b7ff9d-b4e2-4eee-a337-740a4448af60",
      "cardId" : "102270",
      "name" : "Camarilla's Iron Fist",
      "type" : "NONE"
    },
    "395" : {
      "id" : "395",
      "region" : "363f4550-445c-4b92-9e90-ba5beadca208",
      "cardId" : "100984",
      "name" : "Information Highway",
      "type" : "NONE"
    },
    "153" : {
      "id" : "153",
      "region" : "74a75e9b-d332-435b-9177-735ce6960aa6",
      "cardId" : "102071",
      "name" : "Unflinching Persistence",
      "type" : "NONE"
    },
    "275" : {
      "id" : "275",
      "region" : "4dfcd2ef-da6a-47cc-979a-606cf1e2aacb",
      "cardId" : "102270",
      "name" : "Camarilla's Iron Fist",
      "type" : "NONE"
    },
    "396" : {
      "id" : "396",
      "region" : "e7c731f5-3a9e-478a-8194-3bc8f5f8ca61",
      "cardId" : "100984",
      "name" : "Information Highway",
      "type" : "NONE"
    },
    "154" : {
      "id" : "154",
      "region" : "74a75e9b-d332-435b-9177-735ce6960aa6",
      "cardId" : "101942",
      "name" : "Target Vitals",
      "type" : "NONE"
    },
    "276" : {
      "id" : "276",
      "region" : "8968cd27-a3bf-4b8b-978a-c3bb485eee41",
      "cardId" : "102270",
      "name" : "Camarilla's Iron Fist",
      "type" : "NONE"
    },
    "397" : {
      "id" : "397",
      "region" : "363f4550-445c-4b92-9e90-ba5beadca208",
      "cardId" : "101384",
      "name" : "Pentex(TM) Subversion",
      "type" : "NONE"
    },
    "155" : {
      "id" : "155",
      "region" : "74a75e9b-d332-435b-9177-735ce6960aa6",
      "cardId" : "101942",
      "name" : "Target Vitals",
      "type" : "NONE"
    },
    "277" : {
      "id" : "277",
      "region" : "62b7ff9d-b4e2-4eee-a337-740a4448af60",
      "cardId" : "102270",
      "name" : "Camarilla's Iron Fist",
      "type" : "NONE"
    },
    "398" : {
      "id" : "398",
      "region" : "363f4550-445c-4b92-9e90-ba5beadca208",
      "cardId" : "101355",
      "name" : "Parthenon, The",
      "type" : "NONE"
    },
    "156" : {
      "id" : "156",
      "region" : "87cc33bb-6906-4725-848e-8de6fbf99ab1",
      "cardId" : "101942",
      "name" : "Target Vitals",
      "type" : "NONE"
    },
    "278" : {
      "id" : "278",
      "region" : "62b7ff9d-b4e2-4eee-a337-740a4448af60",
      "cardId" : "102270",
      "name" : "Camarilla's Iron Fist",
      "type" : "NONE"
    },
    "399" : {
      "id" : "399",
      "region" : "363f4550-445c-4b92-9e90-ba5beadca208",
      "cardId" : "100058",
      "name" : "Anarch Troublemaker",
      "type" : "NONE"
    },
    "157" : {
      "id" : "157",
      "region" : "74a75e9b-d332-435b-9177-735ce6960aa6",
      "cardId" : "101942",
      "name" : "Target Vitals",
      "type" : "NONE"
    },
    "279" : {
      "id" : "279",
      "region" : "62b7ff9d-b4e2-4eee-a337-740a4448af60",
      "cardId" : "102270",
      "name" : "Camarilla's Iron Fist",
      "type" : "NONE"
    },
    "158" : {
      "id" : "158",
      "region" : "74a75e9b-d332-435b-9177-735ce6960aa6",
      "cardId" : "101942",
      "name" : "Target Vitals",
      "type" : "NONE"
    },
    "159" : {
      "id" : "159",
      "region" : "c9d9b837-76bf-4250-af28-12d0faf997bc",
      "cardId" : "101942",
      "name" : "Target Vitals",
      "type" : "NONE"
    },
    "50" : {
      "id" : "50",
      "region" : "0bc6232e-6637-4b6d-a2ba-5d6642a9f50c",
      "cardId" : "100323",
      "name" : "Change of Target",
      "type" : "NONE"
    },
    "51" : {
      "id" : "51",
      "region" : "b75ce9f6-9503-4ddc-8000-912e03852065",
      "cardId" : "100279",
      "name" : "Call of the Hungry Dead",
      "type" : "NONE"
    },
    "52" : {
      "id" : "52",
      "region" : "0bc6232e-6637-4b6d-a2ba-5d6642a9f50c",
      "cardId" : "100279",
      "name" : "Call of the Hungry Dead",
      "type" : "NONE"
    },
    "53" : {
      "id" : "53",
      "region" : "0772b05c-ce43-46a5-8cfa-730c7115a9d5",
      "cardId" : "100279",
      "name" : "Call of the Hungry Dead",
      "type" : "NONE"
    },
    "54" : {
      "id" : "54",
      "region" : "0772b05c-ce43-46a5-8cfa-730c7115a9d5",
      "cardId" : "100279",
      "name" : "Call of the Hungry Dead",
      "type" : "NONE"
    },
    "55" : {
      "id" : "55",
      "region" : "0772b05c-ce43-46a5-8cfa-730c7115a9d5",
      "cardId" : "100279",
      "name" : "Call of the Hungry Dead",
      "type" : "NONE"
    },
    "56" : {
      "id" : "56",
      "region" : "0bc6232e-6637-4b6d-a2ba-5d6642a9f50c",
      "cardId" : "100279",
      "name" : "Call of the Hungry Dead",
      "type" : "NONE"
    },
    "57" : {
      "id" : "57",
      "region" : "0772b05c-ce43-46a5-8cfa-730c7115a9d5",
      "cardId" : "100832",
      "name" : "Giulia Giovanni Abruzzina",
      "type" : "ALLY"
    },
    "58" : {
      "id" : "58",
      "region" : "0772b05c-ce43-46a5-8cfa-730c7115a9d5",
      "cardId" : "100579",
      "name" : "Draeven Softfoot",
      "type" : "ALLY"
    },
    "59" : {
      "id" : "59",
      "region" : "0772b05c-ce43-46a5-8cfa-730c7115a9d5",
      "cardId" : "100579",
      "name" : "Draeven Softfoot",
      "type" : "ALLY"
    },
    "280" : {
      "id" : "280",
      "region" : "4dfcd2ef-da6a-47cc-979a-606cf1e2aacb",
      "cardId" : "101309",
      "name" : "Obedience",
      "type" : "NONE"
    },
    "281" : {
      "id" : "281",
      "region" : "62b7ff9d-b4e2-4eee-a337-740a4448af60",
      "cardId" : "101309",
      "name" : "Obedience",
      "type" : "NONE"
    },
    "160" : {
      "id" : "160",
      "region" : "74a75e9b-d332-435b-9177-735ce6960aa6",
      "cardId" : "101942",
      "name" : "Target Vitals",
      "type" : "NONE"
    },
    "282" : {
      "id" : "282",
      "region" : "4dfcd2ef-da6a-47cc-979a-606cf1e2aacb",
      "cardId" : "101309",
      "name" : "Obedience",
      "type" : "NONE"
    },
    "161" : {
      "id" : "161",
      "region" : "74a75e9b-d332-435b-9177-735ce6960aa6",
      "cardId" : "101942",
      "name" : "Target Vitals",
      "type" : "NONE"
    },
    "283" : {
      "id" : "283",
      "region" : "0778e187-d6c4-4e55-a99c-d7cc05f06a2c",
      "cardId" : "200019",
      "name" : "Agaitas, The Scholar of Antiquities",
      "type" : "VAMPIRE",
      "clan" : "Harbinger of Skulls"
    },
    "162" : {
      "id" : "162",
      "region" : "74a75e9b-d332-435b-9177-735ce6960aa6",
      "cardId" : "101942",
      "name" : "Target Vitals",
      "type" : "NONE"
    },
    "284" : {
      "id" : "284",
      "region" : "3303d5c0-8bf6-4420-b91e-60471fe9e5ed",
      "cardId" : "200434",
      "name" : "Erlik",
      "locked" : true,
      "type" : "VAMPIRE",
      "capacity" : 10,
      "counters" : 6,
      "clan" : "Harbinger of Skulls",
      "disciplines" : [ "FOR", "CEL", "THN", "NEC", "AUS" ]
    },
    "163" : {
      "id" : "163",
      "region" : "74a75e9b-d332-435b-9177-735ce6960aa6",
      "cardId" : "100918",
      "name" : "Hidden Strength",
      "type" : "NONE"
    },
    "285" : {
      "id" : "285",
      "region" : "d2cc54cd-ab9f-4b43-be3c-cf1f7b63d1a3",
      "cardId" : "200434",
      "name" : "Erlik",
      "type" : "VAMPIRE",
      "clan" : "Harbinger of Skulls"
    },
    "164" : {
      "id" : "164",
      "region" : "c9d9b837-76bf-4250-af28-12d0faf997bc",
      "cardId" : "100918",
      "name" : "Hidden Strength",
      "type" : "NONE"
    },
    "286" : {
      "id" : "286",
      "region" : "0778e187-d6c4-4e55-a99c-d7cc05f06a2c",
      "cardId" : "200434",
      "name" : "Erlik",
      "type" : "VAMPIRE",
      "clan" : "Harbinger of Skulls"
    },
    "165" : {
      "id" : "165",
      "region" : "74a75e9b-d332-435b-9177-735ce6960aa6",
      "cardId" : "102169",
      "name" : "Weighted Walking Stick",
      "type" : "NONE"
    },
    "287" : {
      "id" : "287",
      "region" : "0778e187-d6c4-4e55-a99c-d7cc05f06a2c",
      "cardId" : "200096",
      "name" : "Anisa Marianna Lopez",
      "type" : "VAMPIRE",
      "clan" : "Harbinger of Skulls"
    },
    "166" : {
      "id" : "166",
      "region" : "87cc33bb-6906-4725-848e-8de6fbf99ab1",
      "cardId" : "102169",
      "name" : "Weighted Walking Stick",
      "type" : "NONE"
    },
    "288" : {
      "id" : "288",
      "region" : "0778e187-d6c4-4e55-a99c-d7cc05f06a2c",
      "cardId" : "200992",
      "name" : "Mina Grotius",
      "type" : "VAMPIRE",
      "clan" : "Harbinger of Skulls"
    },
    "167" : {
      "id" : "167",
      "region" : "74a75e9b-d332-435b-9177-735ce6960aa6",
      "cardId" : "102169",
      "name" : "Weighted Walking Stick",
      "type" : "NONE"
    },
    "289" : {
      "id" : "289",
      "region" : "0778e187-d6c4-4e55-a99c-d7cc05f06a2c",
      "cardId" : "200405",
      "name" : "Egothha",
      "type" : "VAMPIRE",
      "clan" : "Harbinger of Skulls"
    },
    "168" : {
      "id" : "168",
      "region" : "74a75e9b-d332-435b-9177-735ce6960aa6",
      "cardId" : "102169",
      "name" : "Weighted Walking Stick",
      "type" : "NONE"
    },
    "169" : {
      "id" : "169",
      "region" : "74a75e9b-d332-435b-9177-735ce6960aa6",
      "cardId" : "102169",
      "name" : "Weighted Walking Stick",
      "type" : "NONE"
    },
    "60" : {
      "id" : "60",
      "region" : "b75ce9f6-9503-4ddc-8000-912e03852065",
      "cardId" : "100579",
      "name" : "Draeven Softfoot",
      "type" : "ALLY"
    },
    "61" : {
      "id" : "61",
      "region" : "0bc6232e-6637-4b6d-a2ba-5d6642a9f50c",
      "cardId" : "100579",
      "name" : "Draeven Softfoot",
      "type" : "ALLY"
    },
    "62" : {
      "id" : "62",
      "region" : "b75ce9f6-9503-4ddc-8000-912e03852065",
      "cardId" : "100579",
      "name" : "Draeven Softfoot",
      "type" : "ALLY"
    },
    "63" : {
      "id" : "63",
      "region" : "0772b05c-ce43-46a5-8cfa-730c7115a9d5",
      "cardId" : "100579",
      "name" : "Draeven Softfoot",
      "type" : "ALLY"
    },
    "64" : {
      "id" : "64",
      "region" : "b75ce9f6-9503-4ddc-8000-912e03852065",
      "cardId" : "100579",
      "name" : "Draeven Softfoot",
      "type" : "ALLY"
    },
    "65" : {
      "id" : "65",
      "region" : "0772b05c-ce43-46a5-8cfa-730c7115a9d5",
      "cardId" : "100823",
      "name" : "Gianna di Canneto",
      "type" : "ALLY"
    },
    "66" : {
      "id" : "66",
      "region" : "b75ce9f6-9503-4ddc-8000-912e03852065",
      "cardId" : "100475",
      "name" : "Cry Wolf",
      "type" : "ALLY"
    },
    "67" : {
      "id" : "67",
      "region" : "15abd7bb-4ccc-44f9-a705-5725d7031565",
      "cardId" : "100475",
      "name" : "Cry Wolf",
      "type" : "ALLY",
      "counters" : 3
    },
    "68" : {
      "id" : "68",
      "region" : "b75ce9f6-9503-4ddc-8000-912e03852065",
      "cardId" : "100475",
      "name" : "Cry Wolf",
      "type" : "ALLY"
    },
    "69" : {
      "id" : "69",
      "region" : "b75ce9f6-9503-4ddc-8000-912e03852065",
      "cardId" : "100475",
      "name" : "Cry Wolf",
      "type" : "ALLY"
    },
    "290" : {
      "id" : "290",
      "cards" : [ "299" ],
      "region" : "3303d5c0-8bf6-4420-b91e-60471fe9e5ed",
      "cardId" : "200405",
      "name" : "Egothha",
      "locked" : true,
      "type" : "VAMPIRE",
      "capacity" : 7,
      "counters" : 3,
      "clan" : "Harbinger of Skulls",
      "disciplines" : [ "obf", "FOR", "NEC", "AUS" ]
    },
    "291" : {
      "id" : "291",
      "region" : "d2cc54cd-ab9f-4b43-be3c-cf1f7b63d1a3",
      "cardId" : "201412",
      "name" : "Unre, Keeper of Golgotha",
      "type" : "VAMPIRE",
      "votes" : "1",
      "title" : "bishop",
      "clan" : "Harbinger of Skulls"
    },
    "170" : {
      "id" : "170",
      "parent" : "98",
      "region" : "a1686ef9-edb7-49fe-a10c-0cb60269aa3b",
      "cardId" : "102169",
      "name" : "Weighted Walking Stick",
      "type" : "NONE",
      "counters" : 5
    },
    "292" : {
      "id" : "292",
      "region" : "0778e187-d6c4-4e55-a99c-d7cc05f06a2c",
      "cardId" : "200522",
      "name" : "Gisela Harden, The Winnower",
      "type" : "VAMPIRE",
      "votes" : "P",
      "title" : "priscus",
      "clan" : "Harbinger of Skulls"
    },
    "171" : {
      "id" : "171",
      "region" : "74a75e9b-d332-435b-9177-735ce6960aa6",
      "cardId" : "102169",
      "name" : "Weighted Walking Stick",
      "type" : "NONE"
    },
    "293" : {
      "id" : "293",
      "region" : "0778e187-d6c4-4e55-a99c-d7cc05f06a2c",
      "cardId" : "200428",
      "name" : "Erebus",
      "type" : "VAMPIRE",
      "clan" : "Harbinger of Skulls"
    },
    "172" : {
      "id" : "172",
      "region" : "74a75e9b-d332-435b-9177-735ce6960aa6",
      "cardId" : "102169",
      "name" : "Weighted Walking Stick",
      "type" : "NONE"
    },
    "294" : {
      "id" : "294",
      "region" : "0778e187-d6c4-4e55-a99c-d7cc05f06a2c",
      "cardId" : "200428",
      "name" : "Erebus",
      "type" : "VAMPIRE",
      "clan" : "Harbinger of Skulls"
    },
    "173" : {
      "id" : "173",
      "parent" : "93",
      "region" : "a1686ef9-edb7-49fe-a10c-0cb60269aa3b",
      "cardId" : "102169",
      "name" : "Weighted Walking Stick",
      "type" : "NONE",
      "counters" : 5
    },
    "295" : {
      "id" : "295",
      "region" : "715539a4-d85a-4136-bfad-f7fa50cb231d",
      "cardId" : "102113",
      "name" : "Vessel",
      "type" : "NONE"
    },
    "174" : {
      "id" : "174",
      "region" : "74a75e9b-d332-435b-9177-735ce6960aa6",
      "cardId" : "101817",
      "name" : "Soak",
      "type" : "NONE"
    },
    "296" : {
      "id" : "296",
      "region" : "3303d5c0-8bf6-4420-b91e-60471fe9e5ed",
      "cardId" : "101536",
      "name" : "Rack, The",
      "type" : "NONE"
    },
    "175" : {
      "id" : "175",
      "region" : "87cc33bb-6906-4725-848e-8de6fbf99ab1",
      "cardId" : "101817",
      "name" : "Soak",
      "type" : "NONE"
    },
    "297" : {
      "id" : "297",
      "region" : "715539a4-d85a-4136-bfad-f7fa50cb231d",
      "cardId" : "102121",
      "name" : "Villein",
      "type" : "NONE"
    },
    "176" : {
      "id" : "176",
      "region" : "74a75e9b-d332-435b-9177-735ce6960aa6",
      "cardId" : "100868",
      "name" : "Guardian Vigil",
      "type" : "NONE"
    },
    "298" : {
      "id" : "298",
      "region" : "715539a4-d85a-4136-bfad-f7fa50cb231d",
      "cardId" : "102121",
      "name" : "Villein",
      "type" : "NONE"
    },
    "177" : {
      "id" : "177",
      "region" : "74a75e9b-d332-435b-9177-735ce6960aa6",
      "cardId" : "100868",
      "name" : "Guardian Vigil",
      "type" : "NONE"
    },
    "178" : {
      "id" : "178",
      "region" : "c9d9b837-76bf-4250-af28-12d0faf997bc",
      "cardId" : "100868",
      "name" : "Guardian Vigil",
      "type" : "NONE"
    },
    "299" : {
      "id" : "299",
      "parent" : "290",
      "region" : "3303d5c0-8bf6-4420-b91e-60471fe9e5ed",
      "cardId" : "102121",
      "name" : "Villein",
      "type" : "NONE"
    },
    "179" : {
      "id" : "179",
      "region" : "c9d9b837-76bf-4250-af28-12d0faf997bc",
      "cardId" : "100868",
      "name" : "Guardian Vigil",
      "type" : "NONE"
    },
    "70" : {
      "id" : "70",
      "region" : "b75ce9f6-9503-4ddc-8000-912e03852065",
      "cardId" : "100475",
      "name" : "Cry Wolf",
      "type" : "ALLY"
    },
    "71" : {
      "id" : "71",
      "region" : "b75ce9f6-9503-4ddc-8000-912e03852065",
      "cardId" : "100475",
      "name" : "Cry Wolf",
      "type" : "ALLY"
    },
    "72" : {
      "id" : "72",
      "region" : "0bc6232e-6637-4b6d-a2ba-5d6642a9f50c",
      "cardId" : "100475",
      "name" : "Cry Wolf",
      "type" : "ALLY"
    },
    "73" : {
      "id" : "73",
      "region" : "b75ce9f6-9503-4ddc-8000-912e03852065",
      "cardId" : "100298",
      "name" : "Carlton Van Wyk",
      "type" : "ALLY"
    },
    "74" : {
      "id" : "74",
      "region" : "15abd7bb-4ccc-44f9-a705-5725d7031565",
      "cardId" : "100709",
      "name" : "FBI Special Affairs Division",
      "type" : "EVENT",
      "counters" : 1
    },
    "75" : {
      "id" : "75",
      "region" : "b75ce9f6-9503-4ddc-8000-912e03852065",
      "cardId" : "102079",
      "name" : "Unmasking, The",
      "type" : "EVENT"
    },
    "76" : {
      "id" : "76",
      "region" : "0bc6232e-6637-4b6d-a2ba-5d6642a9f50c",
      "cardId" : "102079",
      "name" : "Unmasking, The",
      "type" : "EVENT"
    },
    "77" : {
      "id" : "77",
      "region" : "b75ce9f6-9503-4ddc-8000-912e03852065",
      "cardId" : "100519",
      "name" : "Delaying Tactics",
      "type" : "NONE"
    },
    "78" : {
      "id" : "78",
      "region" : "b75ce9f6-9503-4ddc-8000-912e03852065",
      "cardId" : "100519",
      "name" : "Delaying Tactics",
      "type" : "NONE"
    },
    "79" : {
      "id" : "79",
      "region" : "0772b05c-ce43-46a5-8cfa-730c7115a9d5",
      "cardId" : "100518",
      "name" : "Deflection",
      "type" : "NONE"
    },
    "180" : {
      "id" : "180",
      "region" : "74a75e9b-d332-435b-9177-735ce6960aa6",
      "cardId" : "100868",
      "name" : "Guardian Vigil",
      "type" : "NONE"
    },
    "181" : {
      "id" : "181",
      "region" : "74a75e9b-d332-435b-9177-735ce6960aa6",
      "cardId" : "100868",
      "name" : "Guardian Vigil",
      "type" : "NONE"
    },
    "182" : {
      "id" : "182",
      "region" : "74a75e9b-d332-435b-9177-735ce6960aa6",
      "cardId" : "100868",
      "name" : "Guardian Vigil",
      "type" : "NONE"
    },
    "183" : {
      "id" : "183",
      "region" : "74a75e9b-d332-435b-9177-735ce6960aa6",
      "cardId" : "100868",
      "name" : "Guardian Vigil",
      "type" : "NONE"
    },
    "184" : {
      "id" : "184",
      "region" : "74a75e9b-d332-435b-9177-735ce6960aa6",
      "cardId" : "100868",
      "name" : "Guardian Vigil",
      "type" : "NONE"
    },
    "185" : {
      "id" : "185",
      "region" : "74a75e9b-d332-435b-9177-735ce6960aa6",
      "cardId" : "100868",
      "name" : "Guardian Vigil",
      "type" : "NONE"
    },
    "186" : {
      "id" : "186",
      "region" : "74a75e9b-d332-435b-9177-735ce6960aa6",
      "cardId" : "102230",
      "name" : "Organized Resistance",
      "type" : "NONE"
    },
    "187" : {
      "id" : "187",
      "region" : "74a75e9b-d332-435b-9177-735ce6960aa6",
      "cardId" : "102230",
      "name" : "Organized Resistance",
      "type" : "NONE"
    },
    "188" : {
      "id" : "188",
      "region" : "c9d9b837-76bf-4250-af28-12d0faf997bc",
      "cardId" : "102230",
      "name" : "Organized Resistance",
      "type" : "NONE"
    },
    "189" : {
      "id" : "189",
      "region" : "74a75e9b-d332-435b-9177-735ce6960aa6",
      "cardId" : "101501",
      "name" : "Protection Racket",
      "type" : "NONE"
    },
    "80" : {
      "id" : "80",
      "region" : "b75ce9f6-9503-4ddc-8000-912e03852065",
      "cardId" : "100518",
      "name" : "Deflection",
      "type" : "NONE"
    },
    "81" : {
      "id" : "81",
      "region" : "0772b05c-ce43-46a5-8cfa-730c7115a9d5",
      "cardId" : "100518",
      "name" : "Deflection",
      "type" : "NONE"
    },
    "82" : {
      "id" : "82",
      "region" : "b75ce9f6-9503-4ddc-8000-912e03852065",
      "cardId" : "100518",
      "name" : "Deflection",
      "type" : "NONE"
    },
    "83" : {
      "id" : "83",
      "region" : "0772b05c-ce43-46a5-8cfa-730c7115a9d5",
      "cardId" : "100518",
      "name" : "Deflection",
      "type" : "NONE"
    },
    "84" : {
      "id" : "84",
      "region" : "b75ce9f6-9503-4ddc-8000-912e03852065",
      "cardId" : "100518",
      "name" : "Deflection",
      "type" : "NONE"
    },
    "85" : {
      "id" : "85",
      "region" : "b75ce9f6-9503-4ddc-8000-912e03852065",
      "cardId" : "101321",
      "name" : "On the Qui Vive",
      "type" : "NONE"
    },
    "86" : {
      "id" : "86",
      "region" : "b75ce9f6-9503-4ddc-8000-912e03852065",
      "cardId" : "101321",
      "name" : "On the Qui Vive",
      "type" : "NONE"
    },
    "87" : {
      "id" : "87",
      "region" : "b75ce9f6-9503-4ddc-8000-912e03852065",
      "cardId" : "101321",
      "name" : "On the Qui Vive",
      "type" : "NONE"
    },
    "88" : {
      "id" : "88",
      "region" : "b75ce9f6-9503-4ddc-8000-912e03852065",
      "cardId" : "100249",
      "name" : "Breath of Thanatos",
      "type" : "NONE"
    },
    "89" : {
      "id" : "89",
      "region" : "b75ce9f6-9503-4ddc-8000-912e03852065",
      "cardId" : "100249",
      "name" : "Breath of Thanatos",
      "type" : "NONE"
    },
    "190" : {
      "id" : "190",
      "region" : "c9d9b837-76bf-4250-af28-12d0faf997bc",
      "cardId" : "101501",
      "name" : "Protection Racket",
      "type" : "NONE"
    },
    "191" : {
      "id" : "191",
      "region" : "74a75e9b-d332-435b-9177-735ce6960aa6",
      "cardId" : "101501",
      "name" : "Protection Racket",
      "type" : "NONE"
    },
    "192" : {
      "id" : "192",
      "region" : "6f1684ed-3099-401c-8a6a-3f952dc37abe",
      "cardId" : "200450",
      "name" : "Ezmerelda",
      "type" : "VAMPIRE",
      "votes" : "2",
      "title" : "2 votes",
      "clan" : "Ravnos"
    },
    "193" : {
      "id" : "193",
      "region" : "6f1684ed-3099-401c-8a6a-3f952dc37abe",
      "cardId" : "201312",
      "name" : "Stanislava",
      "type" : "VAMPIRE",
      "votes" : "4",
      "title" : "inner circle",
      "clan" : "Gangrel"
    },
    "194" : {
      "id" : "194",
      "region" : "6f1684ed-3099-401c-8a6a-3f952dc37abe",
      "cardId" : "201312",
      "name" : "Stanislava",
      "type" : "VAMPIRE",
      "votes" : "4",
      "title" : "inner circle",
      "clan" : "Gangrel"
    },
    "195" : {
      "id" : "195",
      "region" : "5d2cfec5-79a2-4395-a453-d52aef0ed733",
      "cardId" : "201312",
      "name" : "Stanislava",
      "locked" : true,
      "type" : "VAMPIRE",
      "capacity" : 11,
      "counters" : 8,
      "votes" : "4",
      "title" : "inner circle",
      "clan" : "Gangrel",
      "disciplines" : [ "DOM", "FOR", "CEL", "ANI", "PRO" ]
    },
    "196" : {
      "id" : "196",
      "region" : "6f1684ed-3099-401c-8a6a-3f952dc37abe",
      "cardId" : "200135",
      "name" : "Arika",
      "type" : "VAMPIRE",
      "votes" : "4",
      "title" : "inner circle",
      "clan" : "Ventrue"
    },
    "197" : {
      "id" : "197",
      "region" : "38c89a49-bd22-47ea-a90c-5ba69f259e50",
      "cardId" : "200135",
      "name" : "Arika",
      "type" : "VAMPIRE",
      "votes" : "4",
      "title" : "inner circle",
      "clan" : "Ventrue"
    },
    "198" : {
      "id" : "198",
      "region" : "5d2cfec5-79a2-4395-a453-d52aef0ed733",
      "cardId" : "200635",
      "name" : "Ingrid Russo",
      "type" : "VAMPIRE",
      "capacity" : 4,
      "counters" : 4,
      "clan" : "Ventrue antitribu",
      "disciplines" : [ "DOM", "for" ]
    },
    "199" : {
      "id" : "199",
      "region" : "6f1684ed-3099-401c-8a6a-3f952dc37abe",
      "cardId" : "201001",
      "name" : "Mithras",
      "type" : "VAMPIRE",
      "clan" : "Ventrue"
    },
    "90" : {
      "id" : "90",
      "region" : "27873733-5181-4111-9584-ac5a71a3767f",
      "cardId" : "200724",
      "name" : "Joseph O'Grady",
      "type" : "VAMPIRE",
      "clan" : "Ventrue antitribu"
    },
    "91" : {
      "id" : "91",
      "region" : "27873733-5181-4111-9584-ac5a71a3767f",
      "cardId" : "200724",
      "name" : "Joseph O'Grady",
      "type" : "VAMPIRE",
      "clan" : "Ventrue antitribu"
    },
    "92" : {
      "id" : "92",
      "region" : "327d1136-4a1a-4e60-820f-b3758d98f0d4",
      "cardId" : "200395",
      "name" : "Dylan",
      "type" : "VAMPIRE",
      "advanced" : true,
      "clan" : "Ventrue antitribu"
    },
    "93" : {
      "id" : "93",
      "cards" : [ "173" ],
      "region" : "a1686ef9-edb7-49fe-a10c-0cb60269aa3b",
      "cardId" : "200394",
      "name" : "Dylan",
      "type" : "VAMPIRE",
      "capacity" : 6,
      "counters" : 4,
      "notes" : "ANARCH",
      "clan" : "Ventrue antitribu",
      "disciplines" : [ "dom", "for", "cel", "pro", "aus" ]
    },
    "94" : {
      "id" : "94",
      "region" : "327d1136-4a1a-4e60-820f-b3758d98f0d4",
      "cardId" : "200394",
      "name" : "Dylan",
      "type" : "VAMPIRE",
      "clan" : "Ventrue antitribu"
    },
    "95" : {
      "id" : "95",
      "region" : "27873733-5181-4111-9584-ac5a71a3767f",
      "cardId" : "200394",
      "name" : "Dylan",
      "type" : "VAMPIRE",
      "clan" : "Ventrue antitribu"
    },
    "96" : {
      "id" : "96",
      "region" : "27873733-5181-4111-9584-ac5a71a3767f",
      "cardId" : "201439",
      "name" : "Victor Gerard",
      "type" : "VAMPIRE",
      "clan" : "Toreador"
    },
    "97" : {
      "id" : "97",
      "region" : "27873733-5181-4111-9584-ac5a71a3767f",
      "cardId" : "201439",
      "name" : "Victor Gerard",
      "type" : "VAMPIRE",
      "clan" : "Toreador"
    },
    "98" : {
      "id" : "98",
      "cards" : [ "170" ],
      "region" : "a1686ef9-edb7-49fe-a10c-0cb60269aa3b",
      "cardId" : "200798",
      "name" : "Kyoko Shinsegawa",
      "type" : "VAMPIRE",
      "capacity" : 5,
      "counters" : 2,
      "notes" : "ANARCH",
      "clan" : "Tremere",
      "disciplines" : [ "dom", "for", "cel", "aus" ]
    },
    "99" : {
      "id" : "99",
      "region" : "72e15b8d-3ad4-4536-bd5e-770a8e392bd5",
      "cardId" : "200076",
      "name" : "Anarch Convert",
      "type" : "VAMPIRE",
      "capacity" : 1,
      "counters" : 1,
      "clan" : "Caitiff",
      "disciplines" : [ "" ]
    }
  },
  "currentPlayer" : "Kal-El",
  "nextPlayer" : null,
  "edge" : "chriss",
  "orderOfPlayReversed" : false,
  "turn" : "6-1",
  "phase" : "Unlock",
  "notes" : "Ankha, acbishop, chriss: NWS\n\n\nGiant's Blood played 5.3\nPolitical Stranglehold played on 5.3\n\n"
}