{
  "id" : "01JG945K502V22HWBF7M6WQJ1B",
  "name" : null,
  "playerOrder" : [ "Kal-El", "Ankha", "acbishop", "chriss", "Ghost" ],
  "players" : {
    "Ankha" : {
      "name" : "Ankha",
      "pool" : 30,
      "victoryPoints" : 0.0,
      "regions" : {
        "ASH_HEAP" : {
          "id" : "12005f08-e789-47ed-9e03-63785ce29078",
          "player" : "Ankha",
          "type" : "ASH_HEAP"
        },
        "CRYPT" : {
          "id" : "e11d7a59-4434-423e-a2da-cb8175768fa5",
          "cards" : [ "192", "193", "194", "195", "196", "197", "198", "199", "200", "201", "202", "203" ],
          "player" : "Ankha",
          "type" : "CRYPT"
        },
        "LIBRARY" : {
          "id" : "d80797ce-f74b-4481-b3f3-cfe5be6c4091",
          "cards" : [ "204", "205", "206", "207", "208", "209", "210", "211", "212", "213", "214", "215", "216", "217", "218", "219", "220", "221", "222", "223", "224", "225", "226", "227", "228", "229", "230", "231", "232", "233", "234", "235", "236", "237", "238", "239", "240", "241", "242", "243", "244", "245", "246", "247", "248", "249", "250", "251", "252", "253", "254", "255", "256", "257", "258", "259", "260", "261", "262", "263", "264", "265", "266", "267", "268", "269", "270", "271", "272", "273", "274", "275", "276", "277", "278", "279", "280", "281", "282" ],
          "player" : "Ankha",
          "type" : "LIBRARY"
        },
        "TORPOR" : {
          "id" : "248cc5d9-26e8-4b5b-a64b-3446a7e19f15",
          "player" : "Ankha",
          "type" : "TORPOR"
        },
        "HAND" : {
          "id" : "e2cbc6b5-21e0-4ac0-a046-0f5ce11d646f",
          "player" : "Ankha",
          "type" : "HAND"
        },
        "RESEARCH" : {
          "id" : "453881f3-ffa7-4950-a92e-609d38f8ab64",
          "player" : "Ankha",
          "type" : "RESEARCH"
        },
        "READY" : {
          "id" : "17b591fc-72b2-442a-a5c5-861a90c977b7",
          "player" : "Ankha",
          "type" : "READY"
        },
        "UNCONTROLLED" : {
          "id" : "2a5c444a-c2ba-40ad-b125-d9edb8faa757",
          "player" : "Ankha",
          "type" : "UNCONTROLLED"
        },
        "REMOVED_FROM_GAME" : {
          "id" : "5a352be9-1712-4234-acd3-f2a96be1d9c3",
          "player" : "Ankha",
          "type" : "REMOVED_FROM_GAME"
        }
      },
      "ousted" : false
    },
    "chriss" : {
      "name" : "chriss",
      "pool" : 30,
      "victoryPoints" : 0.0,
      "regions" : {
        "ASH_HEAP" : {
          "id" : "b1070d31-0af0-461b-947f-f95f129a308e",
          "player" : "chriss",
          "type" : "ASH_HEAP"
        },
        "CRYPT" : {
          "id" : "befacb5a-7f3c-46db-a107-9f63666d7d66",
          "cards" : [ "90", "91", "92", "93", "94", "95", "96", "97", "98", "99", "100", "101" ],
          "player" : "chriss",
          "type" : "CRYPT"
        },
        "LIBRARY" : {
          "id" : "776e1747-0f51-4535-985e-4c87ae5b4374",
          "cards" : [ "102", "103", "104", "105", "106", "107", "108", "109", "110", "111", "112", "113", "114", "115", "116", "117", "118", "119", "120", "121", "122", "123", "124", "125", "126", "127", "128", "129", "130", "131", "132", "133", "134", "135", "136", "137", "138", "139", "140", "141", "142", "143", "144", "145", "146", "147", "148", "149", "150", "151", "152", "153", "154", "155", "156", "157", "158", "159", "160", "161", "162", "163", "164", "165", "166", "167", "168", "169", "170", "171", "172", "173", "174", "175", "176", "177", "178", "179", "180", "181", "182", "183", "184", "185", "186", "187", "188", "189", "190", "191" ],
          "player" : "chriss",
          "type" : "LIBRARY"
        },
        "TORPOR" : {
          "id" : "731fdb8b-0949-40c2-9263-660ac66985b8",
          "player" : "chriss",
          "type" : "TORPOR"
        },
        "HAND" : {
          "id" : "f2fc700d-3c66-4ee7-bd0d-4c4038cb39de",
          "player" : "chriss",
          "type" : "HAND"
        },
        "RESEARCH" : {
          "id" : "fecdab20-6d4d-4f07-9970-290dc12ac914",
          "player" : "chriss",
          "type" : "RESEARCH"
        },
        "READY" : {
          "id" : "934e9e00-8c4e-4130-b356-d93c630a0132",
          "player" : "chriss",
          "type" : "READY"
        },
        "UNCONTROLLED" : {
          "id" : "56e13a7f-7bd8-4f9e-9536-eaf1ed48875a",
          "player" : "chriss",
          "type" : "UNCONTROLLED"
        },
        "REMOVED_FROM_GAME" : {
          "id" : "636a8432-9c03-41d8-8305-112fc826b474",
          "player" : "chriss",
          "type" : "REMOVED_FROM_GAME"
        }
      },
      "ousted" : false
    },
    "Ghost" : {
      "name" : "Ghost",
      "pool" : 30,
      "victoryPoints" : 0.0,
      "regions" : {
        "ASH_HEAP" : {
          "id" : "219f96a0-106b-44a1-9227-40904563f826",
          "player" : "Ghost",
          "type" : "ASH_HEAP"
        },
        "CRYPT" : {
          "id" : "3ba312cc-3300-4540-a5ac-170738b40fe8",
          "cards" : [ "1", "2", "3", "4", "5", "6", "7", "8", "9", "10", "11", "12" ],
          "player" : "Ghost",
          "type" : "CRYPT"
        },
        "LIBRARY" : {
          "id" : "2cd8093d-4eaf-45ee-83b4-1c853a9cc38e",
          "cards" : [ "13", "14", "15", "16", "17", "18", "19", "20", "21", "22", "23", "24", "25", "26", "27", "28", "29", "30", "31", "32", "33", "34", "35", "36", "37", "38", "39", "40", "41", "42", "43", "44", "45", "46", "47", "48", "49", "50", "51", "52", "53", "54", "55", "56", "57", "58", "59", "60", "61", "62", "63", "64", "65", "66", "67", "68", "69", "70", "71", "72", "73", "74", "75", "76", "77", "78", "79", "80", "81", "82", "83", "84", "85", "86", "87", "88", "89" ],
          "player" : "Ghost",
          "type" : "LIBRARY"
        },
        "TORPOR" : {
          "id" : "d571afbb-88c6-4685-9cf9-28a5e0b1a171",
          "player" : "Ghost",
          "type" : "TORPOR"
        },
        "HAND" : {
          "id" : "865bbcdc-b119-4b4a-95b5-619a30e88ac2",
          "player" : "Ghost",
          "type" : "HAND"
        },
        "RESEARCH" : {
          "id" : "073a47fe-2516-41a8-a9a0-803118b7e908",
          "player" : "Ghost",
          "type" : "RESEARCH"
        },
        "READY" : {
          "id" : "417ce864-28b4-4b54-b604-dbf273a64294",
          "player" : "Ghost",
          "type" : "READY"
        },
        "UNCONTROLLED" : {
          "id" : "610054f0-2167-4e7f-804a-fa9cd4ef9bcb",
          "player" : "Ghost",
          "type" : "UNCONTROLLED"
        },
        "REMOVED_FROM_GAME" : {
          "id" : "a68c69c7-81dc-4ea6-96bb-aa8a07444968",
          "player" : "Ghost",
          "type" : "REMOVED_FROM_GAME"
        }
      },
      "ousted" : false
    },
    "Kal-El" : {
      "name" : "Kal-El",
      "pool" : 30,
      "victoryPoints" : 0.0,
      "regions" : {
        "ASH_HEAP" : {
          "id" : "48fe6cbd-6629-4637-9df9-f64925ad576a",
          "player" : "Kal-El",
          "type" : "ASH_HEAP"
        },
        "CRYPT" : {
          "id" : "7e278e65-ecf7-48d3-a55c-f99b2dc105bb",
          "cards" : [ "283", "284", "285", "286", "287", "288", "289", "290", "291", "292", "293", "294" ],
          "player" : "Kal-El",
          "type" : "CRYPT"
        },
        "LIBRARY" : {
          "id" : "bfb2088d-9ad3-4a36-a6f2-26929a7426f0",
          "cards" : [ "295", "296", "297", "298", "299", "300", "301", "302", "303", "304", "305", "306", "307", "308", "309", "310", "311", "312", "313", "314", "315", "316", "317", "318", "319", "320", "321", "322", "323", "324", "325", "326", "327", "328", "329", "330", "331", "332", "333", "334", "335", "336", "337", "338", "339", "340", "341", "342", "343", "344", "345", "346", "347", "348", "349", "350", "351", "352", "353", "354", "355", "356", "357", "358", "359", "360", "361", "362", "363", "364", "365", "366", "367", "368", "369", "370", "371", "372", "373", "374" ],
          "player" : "Kal-El",
          "type" : "LIBRARY"
        },
        "TORPOR" : {
          "id" : "f4e7e6fe-2219-4fa8-9c31-bf9f1bf69f40",
          "player" : "Kal-El",
          "type" : "TORPOR"
        },
        "HAND" : {
          "id" : "f5b9cdab-aab6-4ed8-8c0a-fc2f5415632e",
          "player" : "Kal-El",
          "type" : "HAND"
        },
        "RESEARCH" : {
          "id" : "a6136bf8-d473-48a5-b1a4-91ff8cf8d00d",
          "player" : "Kal-El",
          "type" : "RESEARCH"
        },
        "READY" : {
          "id" : "31ff026e-568e-4d48-9646-5b20705c4ff4",
          "player" : "Kal-El",
          "type" : "READY"
        },
        "UNCONTROLLED" : {
          "id" : "a1d06122-6ab5-450b-8700-adca49c22280",
          "player" : "Kal-El",
          "type" : "UNCONTROLLED"
        },
        "REMOVED_FROM_GAME" : {
          "id" : "2d63c688-5ec9-4e44-9cc2-0cdd812178ae",
          "player" : "Kal-El",
          "type" : "REMOVED_FROM_GAME"
        }
      },
      "ousted" : false
    },
    "acbishop" : {
      "name" : "acbishop",
      "pool" : 30,
      "victoryPoints" : 0.0,
      "regions" : {
        "ASH_HEAP" : {
          "id" : "bfe1b82b-7692-45ca-92bf-e25070814e44",
          "player" : "acbishop",
          "type" : "ASH_HEAP"
        },
        "CRYPT" : {
          "id" : "2ed6f62b-2026-49e7-9c11-964025e50fc1",
          "cards" : [ "375", "376", "377", "378", "379", "380", "381", "382", "383", "384", "385", "386" ],
          "player" : "acbishop",
          "type" : "CRYPT"
        },
        "LIBRARY" : {
          "id" : "95719535-9631-4cc9-b6aa-3b89d2cdfbb1",
          "cards" : [ "387", "388", "389", "390", "391", "392", "393", "394", "395", "396", "397", "398", "399", "400", "401", "402", "403", "404", "405", "406", "407", "408", "409", "410", "411", "412", "413", "414", "415", "416", "417", "418", "419", "420", "421", "422", "423", "424", "425", "426", "427", "428", "429", "430", "431", "432", "433", "434", "435", "436", "437", "438", "439", "440", "441", "442", "443", "444", "445", "446", "447", "448", "449", "450", "451", "452", "453", "454", "455", "456", "457" ],
          "player" : "acbishop",
          "type" : "LIBRARY"
        },
        "TORPOR" : {
          "id" : "50339d9e-d7a3-415d-96e7-d752ad7c935d",
          "player" : "acbishop",
          "type" : "TORPOR"
        },
        "HAND" : {
          "id" : "1817d7d1-fce4-47a4-ba70-c3695d185941",
          "player" : "acbishop",
          "type" : "HAND"
        },
        "RESEARCH" : {
          "id" : "670d3321-b5bd-409c-bdd0-7154f0b5c4d2",
          "player" : "acbishop",
          "type" : "RESEARCH"
        },
        "READY" : {
          "id" : "ecf4fe0d-ac61-40d7-bad8-3ac868ab2e2f",
          "player" : "acbishop",
          "type" : "READY"
        },
        "UNCONTROLLED" : {
          "id" : "af119ce6-9c22-4534-97ed-4471def0b76c",
          "player" : "acbishop",
          "type" : "UNCONTROLLED"
        },
        "REMOVED_FROM_GAME" : {
          "id" : "03a5194f-4429-45a6-b9cb-42e2ed617ece",
          "player" : "acbishop",
          "type" : "REMOVED_FROM_GAME"
        }
      },
      "ousted" : false
    }
  },
  "cards" : {
    "1" : {
      "id" : "1",
      "region" : "3ba312cc-3300-4540-a5ac-170738b40fe8",
      "cardId" : "200643",
      "name" : "Isabel Giovanni",
      "type" : "VAMPIRE",
      "clan" : "Giovanni"
    },
    "2" : {
      "id" : "2",
      "region" : "3ba312cc-3300-4540-a5ac-170738b40fe8",
      "cardId" : "200834",
      "name" : "Lia Milliner",
      "type" : "VAMPIRE",
      "clan" : "Giovanni"
    },
    "3" : {
      "id" : "3",
      "region" : "3ba312cc-3300-4540-a5ac-170738b40fe8",
      "cardId" : "200913",
      "name" : "Marciana Giovanni, Investigator",
      "type" : "VAMPIRE",
      "clan" : "Giovanni"
    },
    "4" : {
      "id" : "4",
      "region" : "3ba312cc-3300-4540-a5ac-170738b40fe8",
      "cardId" : "200474",
      "name" : "Francesca Giovanni",
      "type" : "VAMPIRE",
      "clan" : "Giovanni"
    },
    "5" : {
      "id" : "5",
      "region" : "3ba312cc-3300-4540-a5ac-170738b40fe8",
      "cardId" : "201209",
      "name" : "Rudolfo Giovanni",
      "type" : "VAMPIRE",
      "clan" : "Giovanni"
    },
    "6" : {
      "id" : "6",
      "region" : "3ba312cc-3300-4540-a5ac-170738b40fe8",
      "cardId" : "201101",
      "name" : "Paul DiCarlo, The Alpha",
      "type" : "VAMPIRE",
      "clan" : "Giovanni"
    },
    "7" : {
      "id" : "7",
      "region" : "3ba312cc-3300-4540-a5ac-170738b40fe8",
      "cardId" : "200525",
      "name" : "Gloria Giovanni",
      "type" : "VAMPIRE",
      "clan" : "Giovanni"
    },
    "8" : {
      "id" : "8",
      "region" : "3ba312cc-3300-4540-a5ac-170738b40fe8",
      "cardId" : "200076",
      "name" : "Anarch Convert",
      "type" : "VAMPIRE",
      "clan" : "Caitiff"
    },
    "9" : {
      "id" : "9",
      "region" : "3ba312cc-3300-4540-a5ac-170738b40fe8",
      "cardId" : "200076",
      "name" : "Anarch Convert",
      "type" : "VAMPIRE",
      "clan" : "Caitiff"
    },
    "400" : {
      "id" : "400",
      "region" : "95719535-9631-4cc9-b6aa-3b89d2cdfbb1",
      "cardId" : "100106",
      "name" : "Ashur Tablets",
      "type" : "NONE"
    },
    "401" : {
      "id" : "401",
      "region" : "95719535-9631-4cc9-b6aa-3b89d2cdfbb1",
      "cardId" : "100106",
      "name" : "Ashur Tablets",
      "type" : "NONE"
    },
    "402" : {
      "id" : "402",
      "region" : "95719535-9631-4cc9-b6aa-3b89d2cdfbb1",
      "cardId" : "100106",
      "name" : "Ashur Tablets",
      "type" : "NONE"
    },
    "403" : {
      "id" : "403",
      "region" : "95719535-9631-4cc9-b6aa-3b89d2cdfbb1",
      "cardId" : "100106",
      "name" : "Ashur Tablets",
      "type" : "NONE"
    },
    "404" : {
      "id" : "404",
      "region" : "95719535-9631-4cc9-b6aa-3b89d2cdfbb1",
      "cardId" : "100106",
      "name" : "Ashur Tablets",
      "type" : "NONE"
    },
    "405" : {
      "id" : "405",
      "region" : "95719535-9631-4cc9-b6aa-3b89d2cdfbb1",
      "cardId" : "100106",
      "name" : "Ashur Tablets",
      "type" : "NONE"
    },
    "406" : {
      "id" : "406",
      "region" : "95719535-9631-4cc9-b6aa-3b89d2cdfbb1",
      "cardId" : "100106",
      "name" : "Ashur Tablets",
      "type" : "NONE"
    },
    "407" : {
      "id" : "407",
      "region" : "95719535-9631-4cc9-b6aa-3b89d2cdfbb1",
      "cardId" : "100106",
      "name" : "Ashur Tablets",
      "type" : "NONE"
    },
    "408" : {
      "id" : "408",
      "region" : "95719535-9631-4cc9-b6aa-3b89d2cdfbb1",
      "cardId" : "100106",
      "name" : "Ashur Tablets",
      "type" : "NONE"
    },
    "409" : {
      "id" : "409",
      "region" : "95719535-9631-4cc9-b6aa-3b89d2cdfbb1",
      "cardId" : "100842",
      "name" : "Golconda: Inner Peace",
      "type" : "NONE"
    },
    "410" : {
      "id" : "410",
      "region" : "95719535-9631-4cc9-b6aa-3b89d2cdfbb1",
      "cardId" : "100188",
      "name" : "Blind Spot",
      "type" : "NONE"
    },
    "411" : {
      "id" : "411",
      "region" : "95719535-9631-4cc9-b6aa-3b89d2cdfbb1",
      "cardId" : "100588",
      "name" : "Dreams of the Sphinx",
      "type" : "NONE"
    },
    "412" : {
      "id" : "412",
      "region" : "95719535-9631-4cc9-b6aa-3b89d2cdfbb1",
      "cardId" : "102207",
      "name" : "Zillah's Valley",
      "type" : "NONE"
    },
    "413" : {
      "id" : "413",
      "region" : "95719535-9631-4cc9-b6aa-3b89d2cdfbb1",
      "cardId" : "102207",
      "name" : "Zillah's Valley",
      "type" : "NONE"
    },
    "414" : {
      "id" : "414",
      "region" : "95719535-9631-4cc9-b6aa-3b89d2cdfbb1",
      "cardId" : "102207",
      "name" : "Zillah's Valley",
      "type" : "NONE"
    },
    "415" : {
      "id" : "415",
      "region" : "95719535-9631-4cc9-b6aa-3b89d2cdfbb1",
      "cardId" : "102207",
      "name" : "Zillah's Valley",
      "type" : "NONE"
    },
    "416" : {
      "id" : "416",
      "region" : "95719535-9631-4cc9-b6aa-3b89d2cdfbb1",
      "cardId" : "100652",
      "name" : "Entrancement",
      "type" : "NONE"
    },
    "417" : {
      "id" : "417",
      "region" : "95719535-9631-4cc9-b6aa-3b89d2cdfbb1",
      "cardId" : "100652",
      "name" : "Entrancement",
      "type" : "NONE"
    },
    "418" : {
      "id" : "418",
      "region" : "95719535-9631-4cc9-b6aa-3b89d2cdfbb1",
      "cardId" : "102076",
      "name" : "Unleash Hell's Fury",
      "type" : "NONE"
    },
    "419" : {
      "id" : "419",
      "region" : "95719535-9631-4cc9-b6aa-3b89d2cdfbb1",
      "cardId" : "102076",
      "name" : "Unleash Hell's Fury",
      "type" : "NONE"
    },
    "420" : {
      "id" : "420",
      "region" : "95719535-9631-4cc9-b6aa-3b89d2cdfbb1",
      "cardId" : "100909",
      "name" : "Helicopter",
      "type" : "EQUIPMENT"
    },
    "300" : {
      "id" : "300",
      "region" : "bfb2088d-9ad3-4a36-a6f2-26929a7426f0",
      "cardId" : "102121",
      "name" : "Villein",
      "type" : "NONE"
    },
    "421" : {
      "id" : "421",
      "region" : "95719535-9631-4cc9-b6aa-3b89d2cdfbb1",
      "cardId" : "100401",
      "name" : "Conditioning",
      "type" : "NONE"
    },
    "301" : {
      "id" : "301",
      "region" : "bfb2088d-9ad3-4a36-a6f2-26929a7426f0",
      "cardId" : "102121",
      "name" : "Villein",
      "type" : "NONE"
    },
    "422" : {
      "id" : "422",
      "region" : "95719535-9631-4cc9-b6aa-3b89d2cdfbb1",
      "cardId" : "102131",
      "name" : "Voter Captivation",
      "type" : "NONE"
    },
    "302" : {
      "id" : "302",
      "region" : "bfb2088d-9ad3-4a36-a6f2-26929a7426f0",
      "cardId" : "100984",
      "name" : "Information Highway",
      "type" : "NONE"
    },
    "423" : {
      "id" : "423",
      "region" : "95719535-9631-4cc9-b6aa-3b89d2cdfbb1",
      "cardId" : "101125",
      "name" : "Lost in Crowds",
      "type" : "NONE"
    },
    "303" : {
      "id" : "303",
      "region" : "bfb2088d-9ad3-4a36-a6f2-26929a7426f0",
      "cardId" : "100984",
      "name" : "Information Highway",
      "type" : "NONE"
    },
    "424" : {
      "id" : "424",
      "region" : "95719535-9631-4cc9-b6aa-3b89d2cdfbb1",
      "cardId" : "101125",
      "name" : "Lost in Crowds",
      "type" : "NONE"
    },
    "304" : {
      "id" : "304",
      "region" : "bfb2088d-9ad3-4a36-a6f2-26929a7426f0",
      "cardId" : "101896",
      "name" : "Sudden Reversal",
      "type" : "NONE"
    },
    "425" : {
      "id" : "425",
      "region" : "95719535-9631-4cc9-b6aa-3b89d2cdfbb1",
      "cardId" : "101125",
      "name" : "Lost in Crowds",
      "type" : "NONE"
    },
    "305" : {
      "id" : "305",
      "region" : "bfb2088d-9ad3-4a36-a6f2-26929a7426f0",
      "cardId" : "101384",
      "name" : "Pentex(TM) Subversion",
      "type" : "NONE"
    },
    "426" : {
      "id" : "426",
      "region" : "95719535-9631-4cc9-b6aa-3b89d2cdfbb1",
      "cardId" : "101125",
      "name" : "Lost in Crowds",
      "type" : "NONE"
    },
    "306" : {
      "id" : "306",
      "region" : "bfb2088d-9ad3-4a36-a6f2-26929a7426f0",
      "cardId" : "101388",
      "name" : "Perfectionist",
      "type" : "NONE"
    },
    "427" : {
      "id" : "427",
      "region" : "95719535-9631-4cc9-b6aa-3b89d2cdfbb1",
      "cardId" : "101125",
      "name" : "Lost in Crowds",
      "type" : "NONE"
    },
    "307" : {
      "id" : "307",
      "region" : "bfb2088d-9ad3-4a36-a6f2-26929a7426f0",
      "cardId" : "101388",
      "name" : "Perfectionist",
      "type" : "NONE"
    },
    "428" : {
      "id" : "428",
      "region" : "95719535-9631-4cc9-b6aa-3b89d2cdfbb1",
      "cardId" : "101125",
      "name" : "Lost in Crowds",
      "type" : "NONE"
    },
    "308" : {
      "id" : "308",
      "region" : "bfb2088d-9ad3-4a36-a6f2-26929a7426f0",
      "cardId" : "101388",
      "name" : "Perfectionist",
      "type" : "NONE"
    },
    "429" : {
      "id" : "429",
      "region" : "95719535-9631-4cc9-b6aa-3b89d2cdfbb1",
      "cardId" : "101125",
      "name" : "Lost in Crowds",
      "type" : "NONE"
    },
    "309" : {
      "id" : "309",
      "region" : "bfb2088d-9ad3-4a36-a6f2-26929a7426f0",
      "cardId" : "100588",
      "name" : "Dreams of the Sphinx",
      "type" : "NONE"
    },
    "430" : {
      "id" : "430",
      "region" : "95719535-9631-4cc9-b6aa-3b89d2cdfbb1",
      "cardId" : "100617",
      "name" : "Elder Impersonation",
      "type" : "NONE"
    },
    "310" : {
      "id" : "310",
      "region" : "bfb2088d-9ad3-4a36-a6f2-26929a7426f0",
      "cardId" : "101439",
      "name" : "Powerbase: Montreal",
      "type" : "NONE"
    },
    "431" : {
      "id" : "431",
      "region" : "95719535-9631-4cc9-b6aa-3b89d2cdfbb1",
      "cardId" : "100617",
      "name" : "Elder Impersonation",
      "type" : "NONE"
    },
    "311" : {
      "id" : "311",
      "region" : "bfb2088d-9ad3-4a36-a6f2-26929a7426f0",
      "cardId" : "102107",
      "name" : "Vengeful Spirit",
      "type" : "RETAINER"
    },
    "432" : {
      "id" : "432",
      "region" : "95719535-9631-4cc9-b6aa-3b89d2cdfbb1",
      "cardId" : "100157",
      "name" : "Bewitching Oration",
      "type" : "NONE"
    },
    "312" : {
      "id" : "312",
      "region" : "bfb2088d-9ad3-4a36-a6f2-26929a7426f0",
      "cardId" : "102107",
      "name" : "Vengeful Spirit",
      "type" : "RETAINER"
    },
    "433" : {
      "id" : "433",
      "region" : "95719535-9631-4cc9-b6aa-3b89d2cdfbb1",
      "cardId" : "100687",
      "name" : "Faceless Night",
      "type" : "NONE"
    },
    "313" : {
      "id" : "313",
      "region" : "bfb2088d-9ad3-4a36-a6f2-26929a7426f0",
      "cardId" : "102107",
      "name" : "Vengeful Spirit",
      "type" : "RETAINER"
    },
    "434" : {
      "id" : "434",
      "region" : "95719535-9631-4cc9-b6aa-3b89d2cdfbb1",
      "cardId" : "100687",
      "name" : "Faceless Night",
      "type" : "NONE"
    },
    "314" : {
      "id" : "314",
      "region" : "bfb2088d-9ad3-4a36-a6f2-26929a7426f0",
      "cardId" : "102107",
      "name" : "Vengeful Spirit",
      "type" : "RETAINER"
    },
    "435" : {
      "id" : "435",
      "region" : "95719535-9631-4cc9-b6aa-3b89d2cdfbb1",
      "cardId" : "100687",
      "name" : "Faceless Night",
      "type" : "NONE"
    },
    "315" : {
      "id" : "315",
      "region" : "bfb2088d-9ad3-4a36-a6f2-26929a7426f0",
      "cardId" : "102107",
      "name" : "Vengeful Spirit",
      "type" : "RETAINER"
    },
    "436" : {
      "id" : "436",
      "region" : "95719535-9631-4cc9-b6aa-3b89d2cdfbb1",
      "cardId" : "100078",
      "name" : "Approximation of Loyalty",
      "type" : "NONE"
    },
    "316" : {
      "id" : "316",
      "region" : "bfb2088d-9ad3-4a36-a6f2-26929a7426f0",
      "cardId" : "102107",
      "name" : "Vengeful Spirit",
      "type" : "RETAINER"
    },
    "437" : {
      "id" : "437",
      "region" : "95719535-9631-4cc9-b6aa-3b89d2cdfbb1",
      "cardId" : "100065",
      "name" : "Ancilla Empowerment",
      "type" : "NONE"
    },
    "317" : {
      "id" : "317",
      "region" : "bfb2088d-9ad3-4a36-a6f2-26929a7426f0",
      "cardId" : "102107",
      "name" : "Vengeful Spirit",
      "type" : "RETAINER"
    },
    "438" : {
      "id" : "438",
      "region" : "95719535-9631-4cc9-b6aa-3b89d2cdfbb1",
      "cardId" : "100064",
      "name" : "Ancient Influence",
      "type" : "NONE"
    },
    "318" : {
      "id" : "318",
      "region" : "bfb2088d-9ad3-4a36-a6f2-26929a7426f0",
      "cardId" : "102107",
      "name" : "Vengeful Spirit",
      "type" : "RETAINER"
    },
    "439" : {
      "id" : "439",
      "region" : "95719535-9631-4cc9-b6aa-3b89d2cdfbb1",
      "cardId" : "100131",
      "name" : "Banishment",
      "type" : "NONE"
    },
    "319" : {
      "id" : "319",
      "region" : "bfb2088d-9ad3-4a36-a6f2-26929a7426f0",
      "cardId" : "101843",
      "name" : "Spectral Divination",
      "type" : "NONE"
    },
    "440" : {
      "id" : "440",
      "region" : "95719535-9631-4cc9-b6aa-3b89d2cdfbb1",
      "cardId" : "100131",
      "name" : "Banishment",
      "type" : "NONE"
    },
    "320" : {
      "id" : "320",
      "region" : "bfb2088d-9ad3-4a36-a6f2-26929a7426f0",
      "cardId" : "101843",
      "name" : "Spectral Divination",
      "type" : "NONE"
    },
    "441" : {
      "id" : "441",
      "region" : "95719535-9631-4cc9-b6aa-3b89d2cdfbb1",
      "cardId" : "101591",
      "name" : "Reins of Power",
      "type" : "NONE"
    },
    "321" : {
      "id" : "321",
      "region" : "bfb2088d-9ad3-4a36-a6f2-26929a7426f0",
      "cardId" : "100016",
      "name" : "Acheron Vortex",
      "type" : "NONE"
    },
    "200" : {
      "id" : "200",
      "region" : "e11d7a59-4434-423e-a2da-cb8175768fa5",
      "cardId" : "201006",
      "name" : "Montano",
      "type" : "VAMPIRE",
      "votes" : "2",
      "title" : "2 votes",
      "clan" : "Lasombra"
    },
    "442" : {
      "id" : "442",
      "region" : "95719535-9631-4cc9-b6aa-3b89d2cdfbb1",
      "cardId" : "100038",
      "name" : "Alastor",
      "type" : "NONE"
    },
    "322" : {
      "id" : "322",
      "region" : "bfb2088d-9ad3-4a36-a6f2-26929a7426f0",
      "cardId" : "100788",
      "name" : "Freak Drive",
      "type" : "NONE"
    },
    "201" : {
      "id" : "201",
      "region" : "e11d7a59-4434-423e-a2da-cb8175768fa5",
      "cardId" : "201006",
      "name" : "Montano",
      "type" : "VAMPIRE",
      "votes" : "2",
      "title" : "2 votes",
      "clan" : "Lasombra"
    },
    "443" : {
      "id" : "443",
      "region" : "95719535-9631-4cc9-b6aa-3b89d2cdfbb1",
      "cardId" : "101417",
      "name" : "Political Stranglehold",
      "type" : "NONE"
    },
    "323" : {
      "id" : "323",
      "region" : "bfb2088d-9ad3-4a36-a6f2-26929a7426f0",
      "cardId" : "100788",
      "name" : "Freak Drive",
      "type" : "NONE"
    },
    "202" : {
      "id" : "202",
      "region" : "e11d7a59-4434-423e-a2da-cb8175768fa5",
      "cardId" : "201052",
      "name" : "New Blood",
      "type" : "VAMPIRE",
      "clan" : "Blood Brother"
    },
    "444" : {
      "id" : "444",
      "region" : "95719535-9631-4cc9-b6aa-3b89d2cdfbb1",
      "cardId" : "100059",
      "name" : "Anarchist Uprising",
      "type" : "NONE"
    },
    "324" : {
      "id" : "324",
      "region" : "bfb2088d-9ad3-4a36-a6f2-26929a7426f0",
      "cardId" : "100788",
      "name" : "Freak Drive",
      "type" : "NONE"
    },
    "203" : {
      "id" : "203",
      "region" : "e11d7a59-4434-423e-a2da-cb8175768fa5",
      "cardId" : "200396",
      "name" : "Earl",
      "type" : "VAMPIRE",
      "clan" : "Ventrue"
    },
    "445" : {
      "id" : "445",
      "region" : "95719535-9631-4cc9-b6aa-3b89d2cdfbb1",
      "cardId" : "102270",
      "name" : "Camarilla's Iron Fist",
      "type" : "NONE"
    },
    "325" : {
      "id" : "325",
      "region" : "bfb2088d-9ad3-4a36-a6f2-26929a7426f0",
      "cardId" : "100788",
      "name" : "Freak Drive",
      "type" : "NONE"
    },
    "204" : {
      "id" : "204",
      "region" : "d80797ce-f74b-4481-b3f3-cfe5be6c4091",
      "cardId" : "101890",
      "name" : "Subdued by the Blood",
      "type" : "NONE"
    },
    "446" : {
      "id" : "446",
      "region" : "95719535-9631-4cc9-b6aa-3b89d2cdfbb1",
      "cardId" : "102270",
      "name" : "Camarilla's Iron Fist",
      "type" : "NONE"
    },
    "326" : {
      "id" : "326",
      "region" : "bfb2088d-9ad3-4a36-a6f2-26929a7426f0",
      "cardId" : "100279",
      "name" : "Call of the Hungry Dead",
      "type" : "NONE"
    },
    "205" : {
      "id" : "205",
      "region" : "d80797ce-f74b-4481-b3f3-cfe5be6c4091",
      "cardId" : "101890",
      "name" : "Subdued by the Blood",
      "type" : "NONE"
    },
    "447" : {
      "id" : "447",
      "region" : "95719535-9631-4cc9-b6aa-3b89d2cdfbb1",
      "cardId" : "100518",
      "name" : "Deflection",
      "type" : "NONE"
    },
    "327" : {
      "id" : "327",
      "region" : "bfb2088d-9ad3-4a36-a6f2-26929a7426f0",
      "cardId" : "100279",
      "name" : "Call of the Hungry Dead",
      "type" : "NONE"
    },
    "206" : {
      "id" : "206",
      "region" : "d80797ce-f74b-4481-b3f3-cfe5be6c4091",
      "cardId" : "101890",
      "name" : "Subdued by the Blood",
      "type" : "NONE"
    },
    "448" : {
      "id" : "448",
      "region" : "95719535-9631-4cc9-b6aa-3b89d2cdfbb1",
      "cardId" : "100518",
      "name" : "Deflection",
      "type" : "NONE"
    },
    "328" : {
      "id" : "328",
      "region" : "bfb2088d-9ad3-4a36-a6f2-26929a7426f0",
      "cardId" : "100279",
      "name" : "Call of the Hungry Dead",
      "type" : "NONE"
    },
    "207" : {
      "id" : "207",
      "region" : "d80797ce-f74b-4481-b3f3-cfe5be6c4091",
      "cardId" : "101890",
      "name" : "Subdued by the Blood",
      "type" : "NONE"
    },
    "449" : {
      "id" : "449",
      "region" : "95719535-9631-4cc9-b6aa-3b89d2cdfbb1",
      "cardId" : "100518",
      "name" : "Deflection",
      "type" : "NONE"
    },
    "329" : {
      "id" : "329",
      "region" : "bfb2088d-9ad3-4a36-a6f2-26929a7426f0",
      "cardId" : "100279",
      "name" : "Call of the Hungry Dead",
      "type" : "NONE"
    },
    "208" : {
      "id" : "208",
      "region" : "d80797ce-f74b-4481-b3f3-cfe5be6c4091",
      "cardId" : "101890",
      "name" : "Subdued by the Blood",
      "type" : "NONE"
    },
    "209" : {
      "id" : "209",
      "region" : "d80797ce-f74b-4481-b3f3-cfe5be6c4091",
      "cardId" : "101890",
      "name" : "Subdued by the Blood",
      "type" : "NONE"
    },
    "450" : {
      "id" : "450",
      "region" : "95719535-9631-4cc9-b6aa-3b89d2cdfbb1",
      "cardId" : "100518",
      "name" : "Deflection",
      "type" : "NONE"
    },
    "330" : {
      "id" : "330",
      "region" : "bfb2088d-9ad3-4a36-a6f2-26929a7426f0",
      "cardId" : "100974",
      "name" : "Inevitability of the Void",
      "type" : "NONE"
    },
    "451" : {
      "id" : "451",
      "region" : "95719535-9631-4cc9-b6aa-3b89d2cdfbb1",
      "cardId" : "101309",
      "name" : "Obedience",
      "type" : "NONE"
    },
    "331" : {
      "id" : "331",
      "region" : "bfb2088d-9ad3-4a36-a6f2-26929a7426f0",
      "cardId" : "100974",
      "name" : "Inevitability of the Void",
      "type" : "NONE"
    },
    "210" : {
      "id" : "210",
      "region" : "d80797ce-f74b-4481-b3f3-cfe5be6c4091",
      "cardId" : "101890",
      "name" : "Subdued by the Blood",
      "type" : "NONE"
    },
    "452" : {
      "id" : "452",
      "region" : "95719535-9631-4cc9-b6aa-3b89d2cdfbb1",
      "cardId" : "101309",
      "name" : "Obedience",
      "type" : "NONE"
    },
    "332" : {
      "id" : "332",
      "region" : "bfb2088d-9ad3-4a36-a6f2-26929a7426f0",
      "cardId" : "100974",
      "name" : "Inevitability of the Void",
      "type" : "NONE"
    },
    "211" : {
      "id" : "211",
      "region" : "d80797ce-f74b-4481-b3f3-cfe5be6c4091",
      "cardId" : "101890",
      "name" : "Subdued by the Blood",
      "type" : "NONE"
    },
    "453" : {
      "id" : "453",
      "region" : "95719535-9631-4cc9-b6aa-3b89d2cdfbb1",
      "cardId" : "101309",
      "name" : "Obedience",
      "type" : "NONE"
    },
    "333" : {
      "id" : "333",
      "region" : "bfb2088d-9ad3-4a36-a6f2-26929a7426f0",
      "cardId" : "100974",
      "name" : "Inevitability of the Void",
      "type" : "NONE"
    },
    "212" : {
      "id" : "212",
      "region" : "d80797ce-f74b-4481-b3f3-cfe5be6c4091",
      "cardId" : "101207",
      "name" : "Metro Underground",
      "type" : "NONE"
    },
    "454" : {
      "id" : "454",
      "region" : "95719535-9631-4cc9-b6aa-3b89d2cdfbb1",
      "cardId" : "101309",
      "name" : "Obedience",
      "type" : "NONE"
    },
    "334" : {
      "id" : "334",
      "region" : "bfb2088d-9ad3-4a36-a6f2-26929a7426f0",
      "cardId" : "100974",
      "name" : "Inevitability of the Void",
      "type" : "NONE"
    },
    "213" : {
      "id" : "213",
      "region" : "d80797ce-f74b-4481-b3f3-cfe5be6c4091",
      "cardId" : "101238",
      "name" : "Monastery of Shadows",
      "type" : "NONE"
    },
    "455" : {
      "id" : "455",
      "region" : "95719535-9631-4cc9-b6aa-3b89d2cdfbb1",
      "cardId" : "101309",
      "name" : "Obedience",
      "type" : "NONE"
    },
    "335" : {
      "id" : "335",
      "region" : "bfb2088d-9ad3-4a36-a6f2-26929a7426f0",
      "cardId" : "100974",
      "name" : "Inevitability of the Void",
      "type" : "NONE"
    },
    "214" : {
      "id" : "214",
      "region" : "d80797ce-f74b-4481-b3f3-cfe5be6c4091",
      "cardId" : "102121",
      "name" : "Villein",
      "type" : "NONE"
    },
    "456" : {
      "id" : "456",
      "region" : "95719535-9631-4cc9-b6aa-3b89d2cdfbb1",
      "cardId" : "101913",
      "name" : "Swallowed by the Night",
      "type" : "NONE"
    },
    "336" : {
      "id" : "336",
      "region" : "bfb2088d-9ad3-4a36-a6f2-26929a7426f0",
      "cardId" : "101649",
      "name" : "Rolling with the Punches",
      "type" : "NONE"
    },
    "215" : {
      "id" : "215",
      "region" : "d80797ce-f74b-4481-b3f3-cfe5be6c4091",
      "cardId" : "102121",
      "name" : "Villein",
      "type" : "NONE"
    },
    "457" : {
      "id" : "457",
      "region" : "95719535-9631-4cc9-b6aa-3b89d2cdfbb1",
      "cardId" : "101913",
      "name" : "Swallowed by the Night",
      "type" : "NONE"
    },
    "337" : {
      "id" : "337",
      "region" : "bfb2088d-9ad3-4a36-a6f2-26929a7426f0",
      "cardId" : "101649",
      "name" : "Rolling with the Punches",
      "type" : "NONE"
    },
    "216" : {
      "id" : "216",
      "region" : "d80797ce-f74b-4481-b3f3-cfe5be6c4091",
      "cardId" : "102121",
      "name" : "Villein",
      "type" : "NONE"
    },
    "338" : {
      "id" : "338",
      "region" : "bfb2088d-9ad3-4a36-a6f2-26929a7426f0",
      "cardId" : "101649",
      "name" : "Rolling with the Punches",
      "type" : "NONE"
    },
    "217" : {
      "id" : "217",
      "region" : "d80797ce-f74b-4481-b3f3-cfe5be6c4091",
      "cardId" : "102121",
      "name" : "Villein",
      "type" : "NONE"
    },
    "339" : {
      "id" : "339",
      "region" : "bfb2088d-9ad3-4a36-a6f2-26929a7426f0",
      "cardId" : "101649",
      "name" : "Rolling with the Punches",
      "type" : "NONE"
    },
    "218" : {
      "id" : "218",
      "region" : "d80797ce-f74b-4481-b3f3-cfe5be6c4091",
      "cardId" : "102121",
      "name" : "Villein",
      "type" : "NONE"
    },
    "219" : {
      "id" : "219",
      "region" : "d80797ce-f74b-4481-b3f3-cfe5be6c4091",
      "cardId" : "102121",
      "name" : "Villein",
      "type" : "NONE"
    },
    "340" : {
      "id" : "340",
      "region" : "bfb2088d-9ad3-4a36-a6f2-26929a7426f0",
      "cardId" : "101649",
      "name" : "Rolling with the Punches",
      "type" : "NONE"
    },
    "341" : {
      "id" : "341",
      "region" : "bfb2088d-9ad3-4a36-a6f2-26929a7426f0",
      "cardId" : "101649",
      "name" : "Rolling with the Punches",
      "type" : "NONE"
    },
    "220" : {
      "id" : "220",
      "region" : "d80797ce-f74b-4481-b3f3-cfe5be6c4091",
      "cardId" : "102121",
      "name" : "Villein",
      "type" : "NONE"
    },
    "342" : {
      "id" : "342",
      "region" : "bfb2088d-9ad3-4a36-a6f2-26929a7426f0",
      "cardId" : "101791",
      "name" : "Skin of Rock",
      "type" : "NONE"
    },
    "221" : {
      "id" : "221",
      "region" : "d80797ce-f74b-4481-b3f3-cfe5be6c4091",
      "cardId" : "102121",
      "name" : "Villein",
      "type" : "NONE"
    },
    "100" : {
      "id" : "100",
      "region" : "befacb5a-7f3c-46db-a107-9f63666d7d66",
      "cardId" : "200076",
      "name" : "Anarch Convert",
      "type" : "VAMPIRE",
      "clan" : "Caitiff"
    },
    "343" : {
      "id" : "343",
      "region" : "bfb2088d-9ad3-4a36-a6f2-26929a7426f0",
      "cardId" : "101791",
      "name" : "Skin of Rock",
      "type" : "NONE"
    },
    "222" : {
      "id" : "222",
      "region" : "d80797ce-f74b-4481-b3f3-cfe5be6c4091",
      "cardId" : "100984",
      "name" : "Information Highway",
      "type" : "NONE"
    },
    "101" : {
      "id" : "101",
      "region" : "befacb5a-7f3c-46db-a107-9f63666d7d66",
      "cardId" : "200076",
      "name" : "Anarch Convert",
      "type" : "VAMPIRE",
      "clan" : "Caitiff"
    },
    "344" : {
      "id" : "344",
      "region" : "bfb2088d-9ad3-4a36-a6f2-26929a7426f0",
      "cardId" : "101791",
      "name" : "Skin of Rock",
      "type" : "NONE"
    },
    "223" : {
      "id" : "223",
      "region" : "d80797ce-f74b-4481-b3f3-cfe5be6c4091",
      "cardId" : "100984",
      "name" : "Information Highway",
      "type" : "NONE"
    },
    "102" : {
      "id" : "102",
      "region" : "776e1747-0f51-4535-985e-4c87ae5b4374",
      "cardId" : "102049",
      "name" : "Twilight Camp",
      "type" : "NONE"
    },
    "345" : {
      "id" : "345",
      "region" : "bfb2088d-9ad3-4a36-a6f2-26929a7426f0",
      "cardId" : "101791",
      "name" : "Skin of Rock",
      "type" : "NONE"
    },
    "224" : {
      "id" : "224",
      "region" : "d80797ce-f74b-4481-b3f3-cfe5be6c4091",
      "cardId" : "100984",
      "name" : "Information Highway",
      "type" : "NONE"
    },
    "103" : {
      "id" : "103",
      "region" : "776e1747-0f51-4535-985e-4c87ae5b4374",
      "cardId" : "100545",
      "name" : "Direct Intervention",
      "type" : "NONE"
    },
    "346" : {
      "id" : "346",
      "region" : "bfb2088d-9ad3-4a36-a6f2-26929a7426f0",
      "cardId" : "100634",
      "name" : "Emerald Legionnaire",
      "type" : "ALLY"
    },
    "225" : {
      "id" : "225",
      "region" : "d80797ce-f74b-4481-b3f3-cfe5be6c4091",
      "cardId" : "100984",
      "name" : "Information Highway",
      "type" : "NONE"
    },
    "104" : {
      "id" : "104",
      "region" : "776e1747-0f51-4535-985e-4c87ae5b4374",
      "cardId" : "100545",
      "name" : "Direct Intervention",
      "type" : "NONE"
    },
    "347" : {
      "id" : "347",
      "region" : "bfb2088d-9ad3-4a36-a6f2-26929a7426f0",
      "cardId" : "100634",
      "name" : "Emerald Legionnaire",
      "type" : "ALLY"
    },
    "226" : {
      "id" : "226",
      "region" : "d80797ce-f74b-4481-b3f3-cfe5be6c4091",
      "cardId" : "100842",
      "name" : "Golconda: Inner Peace",
      "type" : "NONE"
    },
    "105" : {
      "id" : "105",
      "region" : "776e1747-0f51-4535-985e-4c87ae5b4374",
      "cardId" : "101811",
      "name" : "Smiling Jack, The Anarch",
      "type" : "NONE"
    },
    "348" : {
      "id" : "348",
      "region" : "bfb2088d-9ad3-4a36-a6f2-26929a7426f0",
      "cardId" : "100634",
      "name" : "Emerald Legionnaire",
      "type" : "ALLY"
    },
    "227" : {
      "id" : "227",
      "region" : "d80797ce-f74b-4481-b3f3-cfe5be6c4091",
      "cardId" : "100842",
      "name" : "Golconda: Inner Peace",
      "type" : "NONE"
    },
    "106" : {
      "id" : "106",
      "region" : "776e1747-0f51-4535-985e-4c87ae5b4374",
      "cardId" : "101877",
      "name" : "Storage Annex",
      "type" : "NONE"
    },
    "349" : {
      "id" : "349",
      "region" : "bfb2088d-9ad3-4a36-a6f2-26929a7426f0",
      "cardId" : "100634",
      "name" : "Emerald Legionnaire",
      "type" : "ALLY"
    },
    "228" : {
      "id" : "228",
      "region" : "d80797ce-f74b-4481-b3f3-cfe5be6c4091",
      "cardId" : "102207",
      "name" : "Zillah's Valley",
      "type" : "NONE"
    },
    "107" : {
      "id" : "107",
      "region" : "776e1747-0f51-4535-985e-4c87ae5b4374",
      "cardId" : "101877",
      "name" : "Storage Annex",
      "type" : "NONE"
    },
    "229" : {
      "id" : "229",
      "region" : "d80797ce-f74b-4481-b3f3-cfe5be6c4091",
      "cardId" : "102207",
      "name" : "Zillah's Valley",
      "type" : "NONE"
    },
    "108" : {
      "id" : "108",
      "region" : "776e1747-0f51-4535-985e-4c87ae5b4374",
      "cardId" : "100052",
      "name" : "Anarch Free Press, The",
      "type" : "NONE"
    },
    "109" : {
      "id" : "109",
      "region" : "776e1747-0f51-4535-985e-4c87ae5b4374",
      "cardId" : "100199",
      "name" : "Blood Doll",
      "type" : "NONE"
    },
    "350" : {
      "id" : "350",
      "region" : "bfb2088d-9ad3-4a36-a6f2-26929a7426f0",
      "cardId" : "100634",
      "name" : "Emerald Legionnaire",
      "type" : "ALLY"
    },
    "351" : {
      "id" : "351",
      "region" : "bfb2088d-9ad3-4a36-a6f2-26929a7426f0",
      "cardId" : "100634",
      "name" : "Emerald Legionnaire",
      "type" : "ALLY"
    },
    "230" : {
      "id" : "230",
      "region" : "d80797ce-f74b-4481-b3f3-cfe5be6c4091",
      "cardId" : "102207",
      "name" : "Zillah's Valley",
      "type" : "NONE"
    },
    "352" : {
      "id" : "352",
      "region" : "bfb2088d-9ad3-4a36-a6f2-26929a7426f0",
      "cardId" : "100634",
      "name" : "Emerald Legionnaire",
      "type" : "ALLY"
    },
    "231" : {
      "id" : "231",
      "region" : "d80797ce-f74b-4481-b3f3-cfe5be6c4091",
      "cardId" : "102207",
      "name" : "Zillah's Valley",
      "type" : "NONE"
    },
    "110" : {
      "id" : "110",
      "region" : "776e1747-0f51-4535-985e-4c87ae5b4374",
      "cardId" : "100199",
      "name" : "Blood Doll",
      "type" : "NONE"
    },
    "353" : {
      "id" : "353",
      "region" : "bfb2088d-9ad3-4a36-a6f2-26929a7426f0",
      "cardId" : "100634",
      "name" : "Emerald Legionnaire",
      "type" : "ALLY"
    },
    "232" : {
      "id" : "232",
      "region" : "d80797ce-f74b-4481-b3f3-cfe5be6c4091",
      "cardId" : "102207",
      "name" : "Zillah's Valley",
      "type" : "NONE"
    },
    "111" : {
      "id" : "111",
      "region" : "776e1747-0f51-4535-985e-4c87ae5b4374",
      "cardId" : "100199",
      "name" : "Blood Doll",
      "type" : "NONE"
    },
    "354" : {
      "id" : "354",
      "region" : "bfb2088d-9ad3-4a36-a6f2-26929a7426f0",
      "cardId" : "101475",
      "name" : "Precognition",
      "type" : "NONE"
    },
    "233" : {
      "id" : "233",
      "region" : "d80797ce-f74b-4481-b3f3-cfe5be6c4091",
      "cardId" : "102207",
      "name" : "Zillah's Valley",
      "type" : "NONE"
    },
    "112" : {
      "id" : "112",
      "region" : "776e1747-0f51-4535-985e-4c87ae5b4374",
      "cardId" : "100055",
      "name" : "Anarch Revolt",
      "type" : "NONE"
    },
    "355" : {
      "id" : "355",
      "region" : "bfb2088d-9ad3-4a36-a6f2-26929a7426f0",
      "cardId" : "101475",
      "name" : "Precognition",
      "type" : "NONE"
    },
    "234" : {
      "id" : "234",
      "region" : "d80797ce-f74b-4481-b3f3-cfe5be6c4091",
      "cardId" : "101543",
      "name" : "Rapid Healing",
      "type" : "NONE"
    },
    "113" : {
      "id" : "113",
      "region" : "776e1747-0f51-4535-985e-4c87ae5b4374",
      "cardId" : "100054",
      "name" : "Anarch Railroad",
      "type" : "NONE"
    },
    "356" : {
      "id" : "356",
      "region" : "bfb2088d-9ad3-4a36-a6f2-26929a7426f0",
      "cardId" : "100644",
      "name" : "Enhanced Senses",
      "type" : "NONE"
    },
    "235" : {
      "id" : "235",
      "region" : "d80797ce-f74b-4481-b3f3-cfe5be6c4091",
      "cardId" : "101543",
      "name" : "Rapid Healing",
      "type" : "NONE"
    },
    "114" : {
      "id" : "114",
      "region" : "776e1747-0f51-4535-985e-4c87ae5b4374",
      "cardId" : "100297",
      "name" : "Carfax Abbey",
      "type" : "NONE"
    },
    "357" : {
      "id" : "357",
      "region" : "bfb2088d-9ad3-4a36-a6f2-26929a7426f0",
      "cardId" : "100598",
      "name" : "Eagle's Sight",
      "type" : "NONE"
    },
    "236" : {
      "id" : "236",
      "region" : "d80797ce-f74b-4481-b3f3-cfe5be6c4091",
      "cardId" : "101543",
      "name" : "Rapid Healing",
      "type" : "NONE"
    },
    "115" : {
      "id" : "115",
      "region" : "776e1747-0f51-4535-985e-4c87ae5b4374",
      "cardId" : "101704",
      "name" : "Seattle Committee",
      "type" : "NONE"
    },
    "358" : {
      "id" : "358",
      "region" : "bfb2088d-9ad3-4a36-a6f2-26929a7426f0",
      "cardId" : "100598",
      "name" : "Eagle's Sight",
      "type" : "NONE"
    },
    "237" : {
      "id" : "237",
      "region" : "d80797ce-f74b-4481-b3f3-cfe5be6c4091",
      "cardId" : "101543",
      "name" : "Rapid Healing",
      "type" : "NONE"
    },
    "116" : {
      "id" : "116",
      "region" : "776e1747-0f51-4535-985e-4c87ae5b4374",
      "cardId" : "100798",
      "name" : "Galaric's Legacy",
      "type" : "NONE"
    },
    "359" : {
      "id" : "359",
      "region" : "bfb2088d-9ad3-4a36-a6f2-26929a7426f0",
      "cardId" : "101321",
      "name" : "On the Qui Vive",
      "type" : "NONE"
    },
    "238" : {
      "id" : "238",
      "region" : "d80797ce-f74b-4481-b3f3-cfe5be6c4091",
      "cardId" : "100845",
      "name" : "Govern the Unaligned",
      "type" : "NONE"
    },
    "117" : {
      "id" : "117",
      "region" : "776e1747-0f51-4535-985e-4c87ae5b4374",
      "cardId" : "100798",
      "name" : "Galaric's Legacy",
      "type" : "NONE"
    },
    "239" : {
      "id" : "239",
      "region" : "d80797ce-f74b-4481-b3f3-cfe5be6c4091",
      "cardId" : "100845",
      "name" : "Govern the Unaligned",
      "type" : "NONE"
    },
    "118" : {
      "id" : "118",
      "region" : "776e1747-0f51-4535-985e-4c87ae5b4374",
      "cardId" : "100366",
      "name" : "Club Illusion",
      "type" : "NONE"
    },
    "119" : {
      "id" : "119",
      "region" : "776e1747-0f51-4535-985e-4c87ae5b4374",
      "cardId" : "100416",
      "name" : "Constant Revolution",
      "type" : "NONE"
    },
    "10" : {
      "id" : "10",
      "region" : "3ba312cc-3300-4540-a5ac-170738b40fe8",
      "cardId" : "200076",
      "name" : "Anarch Convert",
      "type" : "VAMPIRE",
      "clan" : "Caitiff"
    },
    "11" : {
      "id" : "11",
      "region" : "3ba312cc-3300-4540-a5ac-170738b40fe8",
      "cardId" : "200076",
      "name" : "Anarch Convert",
      "type" : "VAMPIRE",
      "clan" : "Caitiff"
    },
    "12" : {
      "id" : "12",
      "region" : "3ba312cc-3300-4540-a5ac-170738b40fe8",
      "cardId" : "200076",
      "name" : "Anarch Convert",
      "type" : "VAMPIRE",
      "clan" : "Caitiff"
    },
    "13" : {
      "id" : "13",
      "region" : "2cd8093d-4eaf-45ee-83b4-1c853a9cc38e",
      "cardId" : "102113",
      "name" : "Vessel",
      "type" : "NONE"
    },
    "14" : {
      "id" : "14",
      "region" : "2cd8093d-4eaf-45ee-83b4-1c853a9cc38e",
      "cardId" : "102113",
      "name" : "Vessel",
      "type" : "NONE"
    },
    "15" : {
      "id" : "15",
      "region" : "2cd8093d-4eaf-45ee-83b4-1c853a9cc38e",
      "cardId" : "102113",
      "name" : "Vessel",
      "type" : "NONE"
    },
    "16" : {
      "id" : "16",
      "region" : "2cd8093d-4eaf-45ee-83b4-1c853a9cc38e",
      "cardId" : "100019",
      "name" : "Acquired Ventrue Assets",
      "type" : "NONE"
    },
    "17" : {
      "id" : "17",
      "region" : "2cd8093d-4eaf-45ee-83b4-1c853a9cc38e",
      "cardId" : "100019",
      "name" : "Acquired Ventrue Assets",
      "type" : "NONE"
    },
    "18" : {
      "id" : "18",
      "region" : "2cd8093d-4eaf-45ee-83b4-1c853a9cc38e",
      "cardId" : "100019",
      "name" : "Acquired Ventrue Assets",
      "type" : "NONE"
    },
    "19" : {
      "id" : "19",
      "region" : "2cd8093d-4eaf-45ee-83b4-1c853a9cc38e",
      "cardId" : "100548",
      "name" : "Dis Pater",
      "type" : "NONE"
    },
    "360" : {
      "id" : "360",
      "region" : "bfb2088d-9ad3-4a36-a6f2-26929a7426f0",
      "cardId" : "101321",
      "name" : "On the Qui Vive",
      "type" : "NONE"
    },
    "361" : {
      "id" : "361",
      "region" : "bfb2088d-9ad3-4a36-a6f2-26929a7426f0",
      "cardId" : "101321",
      "name" : "On the Qui Vive",
      "type" : "NONE"
    },
    "240" : {
      "id" : "240",
      "region" : "d80797ce-f74b-4481-b3f3-cfe5be6c4091",
      "cardId" : "100845",
      "name" : "Govern the Unaligned",
      "type" : "NONE"
    },
    "362" : {
      "id" : "362",
      "region" : "bfb2088d-9ad3-4a36-a6f2-26929a7426f0",
      "cardId" : "100680",
      "name" : "Eyes of Argus",
      "type" : "NONE"
    },
    "241" : {
      "id" : "241",
      "region" : "d80797ce-f74b-4481-b3f3-cfe5be6c4091",
      "cardId" : "100845",
      "name" : "Govern the Unaligned",
      "type" : "NONE"
    },
    "120" : {
      "id" : "120",
      "region" : "776e1747-0f51-4535-985e-4c87ae5b4374",
      "cardId" : "100416",
      "name" : "Constant Revolution",
      "type" : "NONE"
    },
    "363" : {
      "id" : "363",
      "region" : "bfb2088d-9ad3-4a36-a6f2-26929a7426f0",
      "cardId" : "100680",
      "name" : "Eyes of Argus",
      "type" : "NONE"
    },
    "242" : {
      "id" : "242",
      "region" : "d80797ce-f74b-4481-b3f3-cfe5be6c4091",
      "cardId" : "100845",
      "name" : "Govern the Unaligned",
      "type" : "NONE"
    },
    "121" : {
      "id" : "121",
      "region" : "776e1747-0f51-4535-985e-4c87ae5b4374",
      "cardId" : "100952",
      "name" : "Illegalism",
      "type" : "NONE"
    },
    "364" : {
      "id" : "364",
      "region" : "bfb2088d-9ad3-4a36-a6f2-26929a7426f0",
      "cardId" : "100680",
      "name" : "Eyes of Argus",
      "type" : "NONE"
    },
    "243" : {
      "id" : "243",
      "region" : "d80797ce-f74b-4481-b3f3-cfe5be6c4091",
      "cardId" : "100845",
      "name" : "Govern the Unaligned",
      "type" : "NONE"
    },
    "122" : {
      "id" : "122",
      "region" : "776e1747-0f51-4535-985e-4c87ae5b4374",
      "cardId" : "100952",
      "name" : "Illegalism",
      "type" : "NONE"
    },
    "365" : {
      "id" : "365",
      "region" : "bfb2088d-9ad3-4a36-a6f2-26929a7426f0",
      "cardId" : "101850",
      "name" : "Spirit's Touch",
      "type" : "NONE"
    },
    "244" : {
      "id" : "244",
      "region" : "d80797ce-f74b-4481-b3f3-cfe5be6c4091",
      "cardId" : "101256",
      "name" : "Murmur of the False Will",
      "type" : "NONE"
    },
    "123" : {
      "id" : "123",
      "region" : "776e1747-0f51-4535-985e-4c87ae5b4374",
      "cardId" : "100952",
      "name" : "Illegalism",
      "type" : "NONE"
    },
    "366" : {
      "id" : "366",
      "region" : "bfb2088d-9ad3-4a36-a6f2-26929a7426f0",
      "cardId" : "101949",
      "name" : "Telepathic Misdirection",
      "type" : "NONE"
    },
    "245" : {
      "id" : "245",
      "region" : "d80797ce-f74b-4481-b3f3-cfe5be6c4091",
      "cardId" : "101256",
      "name" : "Murmur of the False Will",
      "type" : "NONE"
    },
    "124" : {
      "id" : "124",
      "region" : "776e1747-0f51-4535-985e-4c87ae5b4374",
      "cardId" : "100952",
      "name" : "Illegalism",
      "type" : "NONE"
    },
    "367" : {
      "id" : "367",
      "region" : "bfb2088d-9ad3-4a36-a6f2-26929a7426f0",
      "cardId" : "101949",
      "name" : "Telepathic Misdirection",
      "type" : "NONE"
    },
    "246" : {
      "id" : "246",
      "region" : "d80797ce-f74b-4481-b3f3-cfe5be6c4091",
      "cardId" : "101256",
      "name" : "Murmur of the False Will",
      "type" : "NONE"
    },
    "125" : {
      "id" : "125",
      "region" : "776e1747-0f51-4535-985e-4c87ae5b4374",
      "cardId" : "100952",
      "name" : "Illegalism",
      "type" : "NONE"
    },
    "368" : {
      "id" : "368",
      "region" : "bfb2088d-9ad3-4a36-a6f2-26929a7426f0",
      "cardId" : "101949",
      "name" : "Telepathic Misdirection",
      "type" : "NONE"
    },
    "247" : {
      "id" : "247",
      "region" : "d80797ce-f74b-4481-b3f3-cfe5be6c4091",
      "cardId" : "100401",
      "name" : "Conditioning",
      "type" : "NONE"
    },
    "126" : {
      "id" : "126",
      "region" : "776e1747-0f51-4535-985e-4c87ae5b4374",
      "cardId" : "100952",
      "name" : "Illegalism",
      "type" : "NONE"
    },
    "369" : {
      "id" : "369",
      "region" : "bfb2088d-9ad3-4a36-a6f2-26929a7426f0",
      "cardId" : "101949",
      "name" : "Telepathic Misdirection",
      "type" : "NONE"
    },
    "248" : {
      "id" : "248",
      "region" : "d80797ce-f74b-4481-b3f3-cfe5be6c4091",
      "cardId" : "100401",
      "name" : "Conditioning",
      "type" : "NONE"
    },
    "127" : {
      "id" : "127",
      "region" : "776e1747-0f51-4535-985e-4c87ae5b4374",
      "cardId" : "101085",
      "name" : "Legacy",
      "type" : "NONE"
    },
    "249" : {
      "id" : "249",
      "region" : "d80797ce-f74b-4481-b3f3-cfe5be6c4091",
      "cardId" : "100401",
      "name" : "Conditioning",
      "type" : "NONE"
    },
    "128" : {
      "id" : "128",
      "region" : "776e1747-0f51-4535-985e-4c87ae5b4374",
      "cardId" : "101085",
      "name" : "Legacy",
      "type" : "NONE"
    },
    "129" : {
      "id" : "129",
      "region" : "776e1747-0f51-4535-985e-4c87ae5b4374",
      "cardId" : "101085",
      "name" : "Legacy",
      "type" : "NONE"
    },
    "20" : {
      "id" : "20",
      "region" : "2cd8093d-4eaf-45ee-83b4-1c853a9cc38e",
      "cardId" : "101433",
      "name" : "Powerbase: Cape Verde",
      "type" : "NONE"
    },
    "21" : {
      "id" : "21",
      "region" : "2cd8093d-4eaf-45ee-83b4-1c853a9cc38e",
      "cardId" : "101401",
      "name" : "Piper",
      "type" : "NONE"
    },
    "22" : {
      "id" : "22",
      "region" : "2cd8093d-4eaf-45ee-83b4-1c853a9cc38e",
      "cardId" : "101401",
      "name" : "Piper",
      "type" : "NONE"
    },
    "23" : {
      "id" : "23",
      "region" : "2cd8093d-4eaf-45ee-83b4-1c853a9cc38e",
      "cardId" : "101401",
      "name" : "Piper",
      "type" : "NONE"
    },
    "24" : {
      "id" : "24",
      "region" : "2cd8093d-4eaf-45ee-83b4-1c853a9cc38e",
      "cardId" : "101112",
      "name" : "Liquidation",
      "type" : "NONE"
    },
    "25" : {
      "id" : "25",
      "region" : "2cd8093d-4eaf-45ee-83b4-1c853a9cc38e",
      "cardId" : "101112",
      "name" : "Liquidation",
      "type" : "NONE"
    },
    "26" : {
      "id" : "26",
      "region" : "2cd8093d-4eaf-45ee-83b4-1c853a9cc38e",
      "cardId" : "101112",
      "name" : "Liquidation",
      "type" : "NONE"
    },
    "27" : {
      "id" : "27",
      "region" : "2cd8093d-4eaf-45ee-83b4-1c853a9cc38e",
      "cardId" : "101019",
      "name" : "Jake Washington",
      "type" : "NONE"
    },
    "28" : {
      "id" : "28",
      "region" : "2cd8093d-4eaf-45ee-83b4-1c853a9cc38e",
      "cardId" : "101019",
      "name" : "Jake Washington",
      "type" : "NONE"
    },
    "29" : {
      "id" : "29",
      "region" : "2cd8093d-4eaf-45ee-83b4-1c853a9cc38e",
      "cardId" : "101019",
      "name" : "Jake Washington",
      "type" : "NONE"
    },
    "370" : {
      "id" : "370",
      "region" : "bfb2088d-9ad3-4a36-a6f2-26929a7426f0",
      "cardId" : "100249",
      "name" : "Breath of Thanatos",
      "type" : "NONE"
    },
    "371" : {
      "id" : "371",
      "region" : "bfb2088d-9ad3-4a36-a6f2-26929a7426f0",
      "cardId" : "100249",
      "name" : "Breath of Thanatos",
      "type" : "NONE"
    },
    "250" : {
      "id" : "250",
      "region" : "d80797ce-f74b-4481-b3f3-cfe5be6c4091",
      "cardId" : "100401",
      "name" : "Conditioning",
      "type" : "NONE"
    },
    "372" : {
      "id" : "372",
      "region" : "bfb2088d-9ad3-4a36-a6f2-26929a7426f0",
      "cardId" : "100249",
      "name" : "Breath of Thanatos",
      "type" : "NONE"
    },
    "251" : {
      "id" : "251",
      "region" : "d80797ce-f74b-4481-b3f3-cfe5be6c4091",
      "cardId" : "100401",
      "name" : "Conditioning",
      "type" : "NONE"
    },
    "130" : {
      "id" : "130",
      "region" : "776e1747-0f51-4535-985e-4c87ae5b4374",
      "cardId" : "100401",
      "name" : "Conditioning",
      "type" : "NONE"
    },
    "373" : {
      "id" : "373",
      "region" : "bfb2088d-9ad3-4a36-a6f2-26929a7426f0",
      "cardId" : "100249",
      "name" : "Breath of Thanatos",
      "type" : "NONE"
    },
    "252" : {
      "id" : "252",
      "region" : "d80797ce-f74b-4481-b3f3-cfe5be6c4091",
      "cardId" : "101712",
      "name" : "Seduction",
      "type" : "NONE"
    },
    "131" : {
      "id" : "131",
      "region" : "776e1747-0f51-4535-985e-4c87ae5b4374",
      "cardId" : "100401",
      "name" : "Conditioning",
      "type" : "NONE"
    },
    "374" : {
      "id" : "374",
      "region" : "bfb2088d-9ad3-4a36-a6f2-26929a7426f0",
      "cardId" : "100249",
      "name" : "Breath of Thanatos",
      "type" : "NONE"
    },
    "253" : {
      "id" : "253",
      "region" : "d80797ce-f74b-4481-b3f3-cfe5be6c4091",
      "cardId" : "101712",
      "name" : "Seduction",
      "type" : "NONE"
    },
    "132" : {
      "id" : "132",
      "region" : "776e1747-0f51-4535-985e-4c87ae5b4374",
      "cardId" : "100788",
      "name" : "Freak Drive",
      "type" : "NONE"
    },
    "254" : {
      "id" : "254",
      "region" : "d80797ce-f74b-4481-b3f3-cfe5be6c4091",
      "cardId" : "100788",
      "name" : "Freak Drive",
      "type" : "NONE"
    },
    "375" : {
      "id" : "375",
      "region" : "2ed6f62b-2026-49e7-9c11-964025e50fc1",
      "cardId" : "200611",
      "name" : "Huitzilopochtli",
      "type" : "VAMPIRE",
      "clan" : "Baali"
    },
    "133" : {
      "id" : "133",
      "region" : "776e1747-0f51-4535-985e-4c87ae5b4374",
      "cardId" : "100788",
      "name" : "Freak Drive",
      "type" : "NONE"
    },
    "255" : {
      "id" : "255",
      "region" : "d80797ce-f74b-4481-b3f3-cfe5be6c4091",
      "cardId" : "100788",
      "name" : "Freak Drive",
      "type" : "NONE"
    },
    "376" : {
      "id" : "376",
      "region" : "2ed6f62b-2026-49e7-9c11-964025e50fc1",
      "cardId" : "200611",
      "name" : "Huitzilopochtli",
      "type" : "VAMPIRE",
      "clan" : "Baali"
    },
    "134" : {
      "id" : "134",
      "region" : "776e1747-0f51-4535-985e-4c87ae5b4374",
      "cardId" : "100761",
      "name" : "Forced March",
      "type" : "NONE"
    },
    "256" : {
      "id" : "256",
      "region" : "d80797ce-f74b-4481-b3f3-cfe5be6c4091",
      "cardId" : "100788",
      "name" : "Freak Drive",
      "type" : "NONE"
    },
    "377" : {
      "id" : "377",
      "region" : "2ed6f62b-2026-49e7-9c11-964025e50fc1",
      "cardId" : "200611",
      "name" : "Huitzilopochtli",
      "type" : "VAMPIRE",
      "clan" : "Baali"
    },
    "135" : {
      "id" : "135",
      "region" : "776e1747-0f51-4535-985e-4c87ae5b4374",
      "cardId" : "100761",
      "name" : "Forced March",
      "type" : "NONE"
    },
    "257" : {
      "id" : "257",
      "region" : "d80797ce-f74b-4481-b3f3-cfe5be6c4091",
      "cardId" : "100788",
      "name" : "Freak Drive",
      "type" : "NONE"
    },
    "378" : {
      "id" : "378",
      "region" : "2ed6f62b-2026-49e7-9c11-964025e50fc1",
      "cardId" : "200611",
      "name" : "Huitzilopochtli",
      "type" : "VAMPIRE",
      "clan" : "Baali"
    },
    "136" : {
      "id" : "136",
      "region" : "776e1747-0f51-4535-985e-4c87ae5b4374",
      "cardId" : "100761",
      "name" : "Forced March",
      "type" : "NONE"
    },
    "258" : {
      "id" : "258",
      "region" : "d80797ce-f74b-4481-b3f3-cfe5be6c4091",
      "cardId" : "100788",
      "name" : "Freak Drive",
      "type" : "NONE"
    },
    "379" : {
      "id" : "379",
      "region" : "2ed6f62b-2026-49e7-9c11-964025e50fc1",
      "cardId" : "200135",
      "name" : "Arika",
      "type" : "VAMPIRE",
      "votes" : "4",
      "title" : "inner circle",
      "clan" : "Ventrue"
    },
    "137" : {
      "id" : "137",
      "region" : "776e1747-0f51-4535-985e-4c87ae5b4374",
      "cardId" : "102205",
      "name" : "Zephyr",
      "type" : "NONE"
    },
    "259" : {
      "id" : "259",
      "region" : "d80797ce-f74b-4481-b3f3-cfe5be6c4091",
      "cardId" : "100788",
      "name" : "Freak Drive",
      "type" : "NONE"
    },
    "138" : {
      "id" : "138",
      "region" : "776e1747-0f51-4535-985e-4c87ae5b4374",
      "cardId" : "102205",
      "name" : "Zephyr",
      "type" : "NONE"
    },
    "139" : {
      "id" : "139",
      "region" : "776e1747-0f51-4535-985e-4c87ae5b4374",
      "cardId" : "101649",
      "name" : "Rolling with the Punches",
      "type" : "NONE"
    },
    "30" : {
      "id" : "30",
      "region" : "2cd8093d-4eaf-45ee-83b4-1c853a9cc38e",
      "cardId" : "101895",
      "name" : "Sudario Refraction",
      "type" : "NONE"
    },
    "31" : {
      "id" : "31",
      "region" : "2cd8093d-4eaf-45ee-83b4-1c853a9cc38e",
      "cardId" : "101895",
      "name" : "Sudario Refraction",
      "type" : "NONE"
    },
    "32" : {
      "id" : "32",
      "region" : "2cd8093d-4eaf-45ee-83b4-1c853a9cc38e",
      "cardId" : "101895",
      "name" : "Sudario Refraction",
      "type" : "NONE"
    },
    "33" : {
      "id" : "33",
      "region" : "2cd8093d-4eaf-45ee-83b4-1c853a9cc38e",
      "cardId" : "101895",
      "name" : "Sudario Refraction",
      "type" : "NONE"
    },
    "34" : {
      "id" : "34",
      "region" : "2cd8093d-4eaf-45ee-83b4-1c853a9cc38e",
      "cardId" : "101046",
      "name" : "Khazar's Diary (Endless Night)",
      "type" : "NONE"
    },
    "35" : {
      "id" : "35",
      "region" : "2cd8093d-4eaf-45ee-83b4-1c853a9cc38e",
      "cardId" : "101046",
      "name" : "Khazar's Diary (Endless Night)",
      "type" : "NONE"
    },
    "36" : {
      "id" : "36",
      "region" : "2cd8093d-4eaf-45ee-83b4-1c853a9cc38e",
      "cardId" : "101046",
      "name" : "Khazar's Diary (Endless Night)",
      "type" : "NONE"
    },
    "37" : {
      "id" : "37",
      "region" : "2cd8093d-4eaf-45ee-83b4-1c853a9cc38e",
      "cardId" : "101046",
      "name" : "Khazar's Diary (Endless Night)",
      "type" : "NONE"
    },
    "38" : {
      "id" : "38",
      "region" : "2cd8093d-4eaf-45ee-83b4-1c853a9cc38e",
      "cardId" : "101046",
      "name" : "Khazar's Diary (Endless Night)",
      "type" : "NONE"
    },
    "39" : {
      "id" : "39",
      "region" : "2cd8093d-4eaf-45ee-83b4-1c853a9cc38e",
      "cardId" : "101046",
      "name" : "Khazar's Diary (Endless Night)",
      "type" : "NONE"
    },
    "380" : {
      "id" : "380",
      "region" : "2ed6f62b-2026-49e7-9c11-964025e50fc1",
      "cardId" : "200135",
      "name" : "Arika",
      "type" : "VAMPIRE",
      "votes" : "4",
      "title" : "inner circle",
      "clan" : "Ventrue"
    },
    "260" : {
      "id" : "260",
      "region" : "d80797ce-f74b-4481-b3f3-cfe5be6c4091",
      "cardId" : "100788",
      "name" : "Freak Drive",
      "type" : "NONE"
    },
    "381" : {
      "id" : "381",
      "region" : "2ed6f62b-2026-49e7-9c11-964025e50fc1",
      "cardId" : "200135",
      "name" : "Arika",
      "type" : "VAMPIRE",
      "votes" : "4",
      "title" : "inner circle",
      "clan" : "Ventrue"
    },
    "261" : {
      "id" : "261",
      "region" : "d80797ce-f74b-4481-b3f3-cfe5be6c4091",
      "cardId" : "100788",
      "name" : "Freak Drive",
      "type" : "NONE"
    },
    "382" : {
      "id" : "382",
      "region" : "2ed6f62b-2026-49e7-9c11-964025e50fc1",
      "cardId" : "200935",
      "name" : "Maris Streck",
      "type" : "VAMPIRE",
      "votes" : "3",
      "title" : "justicar",
      "clan" : "Malkavian"
    },
    "140" : {
      "id" : "140",
      "region" : "776e1747-0f51-4535-985e-4c87ae5b4374",
      "cardId" : "101649",
      "name" : "Rolling with the Punches",
      "type" : "NONE"
    },
    "262" : {
      "id" : "262",
      "region" : "d80797ce-f74b-4481-b3f3-cfe5be6c4091",
      "cardId" : "100492",
      "name" : "Daring the Dawn",
      "type" : "NONE"
    },
    "383" : {
      "id" : "383",
      "region" : "2ed6f62b-2026-49e7-9c11-964025e50fc1",
      "cardId" : "200935",
      "name" : "Maris Streck",
      "type" : "VAMPIRE",
      "votes" : "3",
      "title" : "justicar",
      "clan" : "Malkavian"
    },
    "141" : {
      "id" : "141",
      "region" : "776e1747-0f51-4535-985e-4c87ae5b4374",
      "cardId" : "100704",
      "name" : "Fast Hands",
      "type" : "NONE"
    },
    "263" : {
      "id" : "263",
      "region" : "d80797ce-f74b-4481-b3f3-cfe5be6c4091",
      "cardId" : "100492",
      "name" : "Daring the Dawn",
      "type" : "NONE"
    },
    "384" : {
      "id" : "384",
      "region" : "2ed6f62b-2026-49e7-9c11-964025e50fc1",
      "cardId" : "200935",
      "name" : "Maris Streck",
      "type" : "VAMPIRE",
      "votes" : "3",
      "title" : "justicar",
      "clan" : "Malkavian"
    },
    "142" : {
      "id" : "142",
      "region" : "776e1747-0f51-4535-985e-4c87ae5b4374",
      "cardId" : "100704",
      "name" : "Fast Hands",
      "type" : "NONE"
    },
    "264" : {
      "id" : "264",
      "region" : "d80797ce-f74b-4481-b3f3-cfe5be6c4091",
      "cardId" : "100492",
      "name" : "Daring the Dawn",
      "type" : "NONE"
    },
    "385" : {
      "id" : "385",
      "region" : "2ed6f62b-2026-49e7-9c11-964025e50fc1",
      "cardId" : "200826",
      "name" : "Leandro",
      "type" : "VAMPIRE",
      "votes" : "4",
      "title" : "inner circle",
      "clan" : "Malkavian"
    },
    "143" : {
      "id" : "143",
      "region" : "776e1747-0f51-4535-985e-4c87ae5b4374",
      "cardId" : "100563",
      "name" : "Diversion",
      "type" : "NONE"
    },
    "265" : {
      "id" : "265",
      "region" : "d80797ce-f74b-4481-b3f3-cfe5be6c4091",
      "cardId" : "100492",
      "name" : "Daring the Dawn",
      "type" : "NONE"
    },
    "386" : {
      "id" : "386",
      "region" : "2ed6f62b-2026-49e7-9c11-964025e50fc1",
      "cardId" : "200440",
      "name" : "Etrius",
      "type" : "VAMPIRE",
      "votes" : "4",
      "title" : "inner circle",
      "clan" : "Tremere"
    },
    "144" : {
      "id" : "144",
      "region" : "776e1747-0f51-4535-985e-4c87ae5b4374",
      "cardId" : "100563",
      "name" : "Diversion",
      "type" : "NONE"
    },
    "266" : {
      "id" : "266",
      "region" : "d80797ce-f74b-4481-b3f3-cfe5be6c4091",
      "cardId" : "100492",
      "name" : "Daring the Dawn",
      "type" : "NONE"
    },
    "387" : {
      "id" : "387",
      "region" : "95719535-9631-4cc9-b6aa-3b89d2cdfbb1",
      "cardId" : "101207",
      "name" : "Metro Underground",
      "type" : "NONE"
    },
    "145" : {
      "id" : "145",
      "region" : "776e1747-0f51-4535-985e-4c87ae5b4374",
      "cardId" : "100563",
      "name" : "Diversion",
      "type" : "NONE"
    },
    "267" : {
      "id" : "267",
      "region" : "d80797ce-f74b-4481-b3f3-cfe5be6c4091",
      "cardId" : "100492",
      "name" : "Daring the Dawn",
      "type" : "NONE"
    },
    "388" : {
      "id" : "388",
      "region" : "95719535-9631-4cc9-b6aa-3b89d2cdfbb1",
      "cardId" : "102121",
      "name" : "Villein",
      "type" : "NONE"
    },
    "146" : {
      "id" : "146",
      "region" : "776e1747-0f51-4535-985e-4c87ae5b4374",
      "cardId" : "100563",
      "name" : "Diversion",
      "type" : "NONE"
    },
    "268" : {
      "id" : "268",
      "region" : "d80797ce-f74b-4481-b3f3-cfe5be6c4091",
      "cardId" : "100492",
      "name" : "Daring the Dawn",
      "type" : "NONE"
    },
    "389" : {
      "id" : "389",
      "region" : "95719535-9631-4cc9-b6aa-3b89d2cdfbb1",
      "cardId" : "102121",
      "name" : "Villein",
      "type" : "NONE"
    },
    "147" : {
      "id" : "147",
      "region" : "776e1747-0f51-4535-985e-4c87ae5b4374",
      "cardId" : "100563",
      "name" : "Diversion",
      "type" : "NONE"
    },
    "269" : {
      "id" : "269",
      "region" : "d80797ce-f74b-4481-b3f3-cfe5be6c4091",
      "cardId" : "100492",
      "name" : "Daring the Dawn",
      "type" : "NONE"
    },
    "148" : {
      "id" : "148",
      "region" : "776e1747-0f51-4535-985e-4c87ae5b4374",
      "cardId" : "100563",
      "name" : "Diversion",
      "type" : "NONE"
    },
    "149" : {
      "id" : "149",
      "region" : "776e1747-0f51-4535-985e-4c87ae5b4374",
      "cardId" : "100563",
      "name" : "Diversion",
      "type" : "NONE"
    },
    "40" : {
      "id" : "40",
      "region" : "2cd8093d-4eaf-45ee-83b4-1c853a9cc38e",
      "cardId" : "101046",
      "name" : "Khazar's Diary (Endless Night)",
      "type" : "NONE"
    },
    "41" : {
      "id" : "41",
      "region" : "2cd8093d-4eaf-45ee-83b4-1c853a9cc38e",
      "cardId" : "101046",
      "name" : "Khazar's Diary (Endless Night)",
      "type" : "NONE"
    },
    "42" : {
      "id" : "42",
      "region" : "2cd8093d-4eaf-45ee-83b4-1c853a9cc38e",
      "cardId" : "101046",
      "name" : "Khazar's Diary (Endless Night)",
      "type" : "NONE"
    },
    "43" : {
      "id" : "43",
      "region" : "2cd8093d-4eaf-45ee-83b4-1c853a9cc38e",
      "cardId" : "100633",
      "name" : "Embrace, The",
      "type" : "NONE"
    },
    "44" : {
      "id" : "44",
      "region" : "2cd8093d-4eaf-45ee-83b4-1c853a9cc38e",
      "cardId" : "100633",
      "name" : "Embrace, The",
      "type" : "NONE"
    },
    "45" : {
      "id" : "45",
      "region" : "2cd8093d-4eaf-45ee-83b4-1c853a9cc38e",
      "cardId" : "100633",
      "name" : "Embrace, The",
      "type" : "NONE"
    },
    "46" : {
      "id" : "46",
      "region" : "2cd8093d-4eaf-45ee-83b4-1c853a9cc38e",
      "cardId" : "100633",
      "name" : "Embrace, The",
      "type" : "NONE"
    },
    "47" : {
      "id" : "47",
      "region" : "2cd8093d-4eaf-45ee-83b4-1c853a9cc38e",
      "cardId" : "100633",
      "name" : "Embrace, The",
      "type" : "NONE"
    },
    "48" : {
      "id" : "48",
      "region" : "2cd8093d-4eaf-45ee-83b4-1c853a9cc38e",
      "cardId" : "100633",
      "name" : "Embrace, The",
      "type" : "NONE"
    },
    "49" : {
      "id" : "49",
      "region" : "2cd8093d-4eaf-45ee-83b4-1c853a9cc38e",
      "cardId" : "100323",
      "name" : "Change of Target",
      "type" : "NONE"
    },
    "390" : {
      "id" : "390",
      "region" : "95719535-9631-4cc9-b6aa-3b89d2cdfbb1",
      "cardId" : "102121",
      "name" : "Villein",
      "type" : "NONE"
    },
    "270" : {
      "id" : "270",
      "region" : "d80797ce-f74b-4481-b3f3-cfe5be6c4091",
      "cardId" : "100065",
      "name" : "Ancilla Empowerment",
      "type" : "NONE"
    },
    "391" : {
      "id" : "391",
      "region" : "95719535-9631-4cc9-b6aa-3b89d2cdfbb1",
      "cardId" : "102121",
      "name" : "Villein",
      "type" : "NONE"
    },
    "271" : {
      "id" : "271",
      "region" : "d80797ce-f74b-4481-b3f3-cfe5be6c4091",
      "cardId" : "101591",
      "name" : "Reins of Power",
      "type" : "NONE"
    },
    "392" : {
      "id" : "392",
      "region" : "95719535-9631-4cc9-b6aa-3b89d2cdfbb1",
      "cardId" : "102121",
      "name" : "Villein",
      "type" : "NONE"
    },
    "150" : {
      "id" : "150",
      "region" : "776e1747-0f51-4535-985e-4c87ae5b4374",
      "cardId" : "100563",
      "name" : "Diversion",
      "type" : "NONE"
    },
    "272" : {
      "id" : "272",
      "region" : "d80797ce-f74b-4481-b3f3-cfe5be6c4091",
      "cardId" : "101417",
      "name" : "Political Stranglehold",
      "type" : "NONE"
    },
    "393" : {
      "id" : "393",
      "region" : "95719535-9631-4cc9-b6aa-3b89d2cdfbb1",
      "cardId" : "102121",
      "name" : "Villein",
      "type" : "NONE"
    },
    "151" : {
      "id" : "151",
      "region" : "776e1747-0f51-4535-985e-4c87ae5b4374",
      "cardId" : "100563",
      "name" : "Diversion",
      "type" : "NONE"
    },
    "273" : {
      "id" : "273",
      "region" : "d80797ce-f74b-4481-b3f3-cfe5be6c4091",
      "cardId" : "100059",
      "name" : "Anarchist Uprising",
      "type" : "NONE"
    },
    "394" : {
      "id" : "394",
      "region" : "95719535-9631-4cc9-b6aa-3b89d2cdfbb1",
      "cardId" : "100824",
      "name" : "Giant's Blood",
      "type" : "NONE"
    },
    "152" : {
      "id" : "152",
      "region" : "776e1747-0f51-4535-985e-4c87ae5b4374",
      "cardId" : "102071",
      "name" : "Unflinching Persistence",
      "type" : "NONE"
    },
    "274" : {
      "id" : "274",
      "region" : "d80797ce-f74b-4481-b3f3-cfe5be6c4091",
      "cardId" : "102270",
      "name" : "Camarilla's Iron Fist",
      "type" : "NONE"
    },
    "395" : {
      "id" : "395",
      "region" : "95719535-9631-4cc9-b6aa-3b89d2cdfbb1",
      "cardId" : "100984",
      "name" : "Information Highway",
      "type" : "NONE"
    },
    "153" : {
      "id" : "153",
      "region" : "776e1747-0f51-4535-985e-4c87ae5b4374",
      "cardId" : "102071",
      "name" : "Unflinching Persistence",
      "type" : "NONE"
    },
    "275" : {
      "id" : "275",
      "region" : "d80797ce-f74b-4481-b3f3-cfe5be6c4091",
      "cardId" : "102270",
      "name" : "Camarilla's Iron Fist",
      "type" : "NONE"
    },
    "396" : {
      "id" : "396",
      "region" : "95719535-9631-4cc9-b6aa-3b89d2cdfbb1",
      "cardId" : "100984",
      "name" : "Information Highway",
      "type" : "NONE"
    },
    "154" : {
      "id" : "154",
      "region" : "776e1747-0f51-4535-985e-4c87ae5b4374",
      "cardId" : "101942",
      "name" : "Target Vitals",
      "type" : "NONE"
    },
    "276" : {
      "id" : "276",
      "region" : "d80797ce-f74b-4481-b3f3-cfe5be6c4091",
      "cardId" : "102270",
      "name" : "Camarilla's Iron Fist",
      "type" : "NONE"
    },
    "397" : {
      "id" : "397",
      "region" : "95719535-9631-4cc9-b6aa-3b89d2cdfbb1",
      "cardId" : "101384",
      "name" : "Pentex(TM) Subversion",
      "type" : "NONE"
    },
    "155" : {
      "id" : "155",
      "region" : "776e1747-0f51-4535-985e-4c87ae5b4374",
      "cardId" : "101942",
      "name" : "Target Vitals",
      "type" : "NONE"
    },
    "277" : {
      "id" : "277",
      "region" : "d80797ce-f74b-4481-b3f3-cfe5be6c4091",
      "cardId" : "102270",
      "name" : "Camarilla's Iron Fist",
      "type" : "NONE"
    },
    "398" : {
      "id" : "398",
      "region" : "95719535-9631-4cc9-b6aa-3b89d2cdfbb1",
      "cardId" : "101355",
      "name" : "Parthenon, The",
      "type" : "NONE"
    },
    "156" : {
      "id" : "156",
      "region" : "776e1747-0f51-4535-985e-4c87ae5b4374",
      "cardId" : "101942",
      "name" : "Target Vitals",
      "type" : "NONE"
    },
    "278" : {
      "id" : "278",
      "region" : "d80797ce-f74b-4481-b3f3-cfe5be6c4091",
      "cardId" : "102270",
      "name" : "Camarilla's Iron Fist",
      "type" : "NONE"
    },
    "399" : {
      "id" : "399",
      "region" : "95719535-9631-4cc9-b6aa-3b89d2cdfbb1",
      "cardId" : "100058",
      "name" : "Anarch Troublemaker",
      "type" : "NONE"
    },
    "157" : {
      "id" : "157",
      "region" : "776e1747-0f51-4535-985e-4c87ae5b4374",
      "cardId" : "101942",
      "name" : "Target Vitals",
      "type" : "NONE"
    },
    "279" : {
      "id" : "279",
      "region" : "d80797ce-f74b-4481-b3f3-cfe5be6c4091",
      "cardId" : "102270",
      "name" : "Camarilla's Iron Fist",
      "type" : "NONE"
    },
    "158" : {
      "id" : "158",
      "region" : "776e1747-0f51-4535-985e-4c87ae5b4374",
      "cardId" : "101942",
      "name" : "Target Vitals",
      "type" : "NONE"
    },
    "159" : {
      "id" : "159",
      "region" : "776e1747-0f51-4535-985e-4c87ae5b4374",
      "cardId" : "101942",
      "name" : "Target Vitals",
      "type" : "NONE"
    },
    "50" : {
      "id" : "50",
      "region" : "2cd8093d-4eaf-45ee-83b4-1c853a9cc38e",
      "cardId" : "100323",
      "name" : "Change of Target",
      "type" : "NONE"
    },
    "51" : {
      "id" : "51",
      "region" : "2cd8093d-4eaf-45ee-83b4-1c853a9cc38e",
      "cardId" : "100279",
      "name" : "Call of the Hungry Dead",
      "type" : "NONE"
    },
    "52" : {
      "id" : "52",
      "region" : "2cd8093d-4eaf-45ee-83b4-1c853a9cc38e",
      "cardId" : "100279",
      "name" : "Call of the Hungry Dead",
      "type" : "NONE"
    },
    "53" : {
      "id" : "53",
      "region" : "2cd8093d-4eaf-45ee-83b4-1c853a9cc38e",
      "cardId" : "100279",
      "name" : "Call of the Hungry Dead",
      "type" : "NONE"
    },
    "54" : {
      "id" : "54",
      "region" : "2cd8093d-4eaf-45ee-83b4-1c853a9cc38e",
      "cardId" : "100279",
      "name" : "Call of the Hungry Dead",
      "type" : "NONE"
    },
    "55" : {
      "id" : "55",
      "region" : "2cd8093d-4eaf-45ee-83b4-1c853a9cc38e",
      "cardId" : "100279",
      "name" : "Call of the Hungry Dead",
      "type" : "NONE"
    },
    "56" : {
      "id" : "56",
      "region" : "2cd8093d-4eaf-45ee-83b4-1c853a9cc38e",
      "cardId" : "100279",
      "name" : "Call of the Hungry Dead",
      "type" : "NONE"
    },
    "57" : {
      "id" : "57",
      "region" : "2cd8093d-4eaf-45ee-83b4-1c853a9cc38e",
      "cardId" : "100832",
      "name" : "Giulia Giovanni Abruzzina",
      "type" : "ALLY"
    },
    "58" : {
      "id" : "58",
      "region" : "2cd8093d-4eaf-45ee-83b4-1c853a9cc38e",
      "cardId" : "100579",
      "name" : "Draeven Softfoot",
      "type" : "ALLY"
    },
    "59" : {
      "id" : "59",
      "region" : "2cd8093d-4eaf-45ee-83b4-1c853a9cc38e",
      "cardId" : "100579",
      "name" : "Draeven Softfoot",
      "type" : "ALLY"
    },
    "280" : {
      "id" : "280",
      "region" : "d80797ce-f74b-4481-b3f3-cfe5be6c4091",
      "cardId" : "101309",
      "name" : "Obedience",
      "type" : "NONE"
    },
    "281" : {
      "id" : "281",
      "region" : "d80797ce-f74b-4481-b3f3-cfe5be6c4091",
      "cardId" : "101309",
      "name" : "Obedience",
      "type" : "NONE"
    },
    "160" : {
      "id" : "160",
      "region" : "776e1747-0f51-4535-985e-4c87ae5b4374",
      "cardId" : "101942",
      "name" : "Target Vitals",
      "type" : "NONE"
    },
    "282" : {
      "id" : "282",
      "region" : "d80797ce-f74b-4481-b3f3-cfe5be6c4091",
      "cardId" : "101309",
      "name" : "Obedience",
      "type" : "NONE"
    },
    "161" : {
      "id" : "161",
      "region" : "776e1747-0f51-4535-985e-4c87ae5b4374",
      "cardId" : "101942",
      "name" : "Target Vitals",
      "type" : "NONE"
    },
    "283" : {
      "id" : "283",
      "region" : "7e278e65-ecf7-48d3-a55c-f99b2dc105bb",
      "cardId" : "200019",
      "name" : "Agaitas, The Scholar of Antiquities",
      "type" : "VAMPIRE",
      "clan" : "Harbinger of Skulls"
    },
    "162" : {
      "id" : "162",
      "region" : "776e1747-0f51-4535-985e-4c87ae5b4374",
      "cardId" : "101942",
      "name" : "Target Vitals",
      "type" : "NONE"
    },
    "284" : {
      "id" : "284",
      "region" : "7e278e65-ecf7-48d3-a55c-f99b2dc105bb",
      "cardId" : "200434",
      "name" : "Erlik",
      "type" : "VAMPIRE",
      "clan" : "Harbinger of Skulls"
    },
    "163" : {
      "id" : "163",
      "region" : "776e1747-0f51-4535-985e-4c87ae5b4374",
      "cardId" : "100918",
      "name" : "Hidden Strength",
      "type" : "NONE"
    },
    "285" : {
      "id" : "285",
      "region" : "7e278e65-ecf7-48d3-a55c-f99b2dc105bb",
      "cardId" : "200434",
      "name" : "Erlik",
      "type" : "VAMPIRE",
      "clan" : "Harbinger of Skulls"
    },
    "164" : {
      "id" : "164",
      "region" : "776e1747-0f51-4535-985e-4c87ae5b4374",
      "cardId" : "100918",
      "name" : "Hidden Strength",
      "type" : "NONE"
    },
    "286" : {
      "id" : "286",
      "region" : "7e278e65-ecf7-48d3-a55c-f99b2dc105bb",
      "cardId" : "200434",
      "name" : "Erlik",
      "type" : "VAMPIRE",
      "clan" : "Harbinger of Skulls"
    },
    "165" : {
      "id" : "165",
      "region" : "776e1747-0f51-4535-985e-4c87ae5b4374",
      "cardId" : "102169",
      "name" : "Weighted Walking Stick",
      "type" : "NONE"
    },
    "287" : {
      "id" : "287",
      "region" : "7e278e65-ecf7-48d3-a55c-f99b2dc105bb",
      "cardId" : "200096",
      "name" : "Anisa Marianna Lopez",
      "type" : "VAMPIRE",
      "clan" : "Harbinger of Skulls"
    },
    "166" : {
      "id" : "166",
      "region" : "776e1747-0f51-4535-985e-4c87ae5b4374",
      "cardId" : "102169",
      "name" : "Weighted Walking Stick",
      "type" : "NONE"
    },
    "288" : {
      "id" : "288",
      "region" : "7e278e65-ecf7-48d3-a55c-f99b2dc105bb",
      "cardId" : "200992",
      "name" : "Mina Grotius",
      "type" : "VAMPIRE",
      "clan" : "Harbinger of Skulls"
    },
    "167" : {
      "id" : "167",
      "region" : "776e1747-0f51-4535-985e-4c87ae5b4374",
      "cardId" : "102169",
      "name" : "Weighted Walking Stick",
      "type" : "NONE"
    },
    "289" : {
      "id" : "289",
      "region" : "7e278e65-ecf7-48d3-a55c-f99b2dc105bb",
      "cardId" : "200405",
      "name" : "Egothha",
      "type" : "VAMPIRE",
      "clan" : "Harbinger of Skulls"
    },
    "168" : {
      "id" : "168",
      "region" : "776e1747-0f51-4535-985e-4c87ae5b4374",
      "cardId" : "102169",
      "name" : "Weighted Walking Stick",
      "type" : "NONE"
    },
    "169" : {
      "id" : "169",
      "region" : "776e1747-0f51-4535-985e-4c87ae5b4374",
      "cardId" : "102169",
      "name" : "Weighted Walking Stick",
      "type" : "NONE"
    },
    "60" : {
      "id" : "60",
      "region" : "2cd8093d-4eaf-45ee-83b4-1c853a9cc38e",
      "cardId" : "100579",
      "name" : "Draeven Softfoot",
      "type" : "ALLY"
    },
    "61" : {
      "id" : "61",
      "region" : "2cd8093d-4eaf-45ee-83b4-1c853a9cc38e",
      "cardId" : "100579",
      "name" : "Draeven Softfoot",
      "type" : "ALLY"
    },
    "62" : {
      "id" : "62",
      "region" : "2cd8093d-4eaf-45ee-83b4-1c853a9cc38e",
      "cardId" : "100579",
      "name" : "Draeven Softfoot",
      "type" : "ALLY"
    },
    "63" : {
      "id" : "63",
      "region" : "2cd8093d-4eaf-45ee-83b4-1c853a9cc38e",
      "cardId" : "100579",
      "name" : "Draeven Softfoot",
      "type" : "ALLY"
    },
    "64" : {
      "id" : "64",
      "region" : "2cd8093d-4eaf-45ee-83b4-1c853a9cc38e",
      "cardId" : "100579",
      "name" : "Draeven Softfoot",
      "type" : "ALLY"
    },
    "65" : {
      "id" : "65",
      "region" : "2cd8093d-4eaf-45ee-83b4-1c853a9cc38e",
      "cardId" : "100823",
      "name" : "Gianna di Canneto",
      "type" : "ALLY"
    },
    "66" : {
      "id" : "66",
      "region" : "2cd8093d-4eaf-45ee-83b4-1c853a9cc38e",
      "cardId" : "100475",
      "name" : "Cry Wolf",
      "type" : "ALLY"
    },
    "67" : {
      "id" : "67",
      "region" : "2cd8093d-4eaf-45ee-83b4-1c853a9cc38e",
      "cardId" : "100475",
      "name" : "Cry Wolf",
      "type" : "ALLY"
    },
    "68" : {
      "id" : "68",
      "region" : "2cd8093d-4eaf-45ee-83b4-1c853a9cc38e",
      "cardId" : "100475",
      "name" : "Cry Wolf",
      "type" : "ALLY"
    },
    "69" : {
      "id" : "69",
      "region" : "2cd8093d-4eaf-45ee-83b4-1c853a9cc38e",
      "cardId" : "100475",
      "name" : "Cry Wolf",
      "type" : "ALLY"
    },
    "290" : {
      "id" : "290",
      "region" : "7e278e65-ecf7-48d3-a55c-f99b2dc105bb",
      "cardId" : "200405",
      "name" : "Egothha",
      "type" : "VAMPIRE",
      "clan" : "Harbinger of Skulls"
    },
    "291" : {
      "id" : "291",
      "region" : "7e278e65-ecf7-48d3-a55c-f99b2dc105bb",
      "cardId" : "201412",
      "name" : "Unre, Keeper of Golgotha",
      "type" : "VAMPIRE",
      "votes" : "1",
      "title" : "bishop",
      "clan" : "Harbinger of Skulls"
    },
    "170" : {
      "id" : "170",
      "region" : "776e1747-0f51-4535-985e-4c87ae5b4374",
      "cardId" : "102169",
      "name" : "Weighted Walking Stick",
      "type" : "NONE"
    },
    "292" : {
      "id" : "292",
      "region" : "7e278e65-ecf7-48d3-a55c-f99b2dc105bb",
      "cardId" : "200522",
      "name" : "Gisela Harden, The Winnower",
      "type" : "VAMPIRE",
      "votes" : "P",
      "title" : "priscus",
      "clan" : "Harbinger of Skulls"
    },
    "171" : {
      "id" : "171",
      "region" : "776e1747-0f51-4535-985e-4c87ae5b4374",
      "cardId" : "102169",
      "name" : "Weighted Walking Stick",
      "type" : "NONE"
    },
    "293" : {
      "id" : "293",
      "region" : "7e278e65-ecf7-48d3-a55c-f99b2dc105bb",
      "cardId" : "200428",
      "name" : "Erebus",
      "type" : "VAMPIRE",
      "clan" : "Harbinger of Skulls"
    },
    "172" : {
      "id" : "172",
      "region" : "776e1747-0f51-4535-985e-4c87ae5b4374",
      "cardId" : "102169",
      "name" : "Weighted Walking Stick",
      "type" : "NONE"
    },
    "294" : {
      "id" : "294",
      "region" : "7e278e65-ecf7-48d3-a55c-f99b2dc105bb",
      "cardId" : "200428",
      "name" : "Erebus",
      "type" : "VAMPIRE",
      "clan" : "Harbinger of Skulls"
    },
    "173" : {
      "id" : "173",
      "region" : "776e1747-0f51-4535-985e-4c87ae5b4374",
      "cardId" : "102169",
      "name" : "Weighted Walking Stick",
      "type" : "NONE"
    },
    "295" : {
      "id" : "295",
      "region" : "bfb2088d-9ad3-4a36-a6f2-26929a7426f0",
      "cardId" : "102113",
      "name" : "Vessel",
      "type" : "NONE"
    },
    "174" : {
      "id" : "174",
      "region" : "776e1747-0f51-4535-985e-4c87ae5b4374",
      "cardId" : "101817",
      "name" : "Soak",
      "type" : "NONE"
    },
    "296" : {
      "id" : "296",
      "region" : "bfb2088d-9ad3-4a36-a6f2-26929a7426f0",
      "cardId" : "101536",
      "name" : "Rack, The",
      "type" : "NONE"
    },
    "175" : {
      "id" : "175",
      "region" : "776e1747-0f51-4535-985e-4c87ae5b4374",
      "cardId" : "101817",
      "name" : "Soak",
      "type" : "NONE"
    },
    "297" : {
      "id" : "297",
      "region" : "bfb2088d-9ad3-4a36-a6f2-26929a7426f0",
      "cardId" : "102121",
      "name" : "Villein",
      "type" : "NONE"
    },
    "176" : {
      "id" : "176",
      "region" : "776e1747-0f51-4535-985e-4c87ae5b4374",
      "cardId" : "100868",
      "name" : "Guardian Vigil",
      "type" : "NONE"
    },
    "298" : {
      "id" : "298",
      "region" : "bfb2088d-9ad3-4a36-a6f2-26929a7426f0",
      "cardId" : "102121",
      "name" : "Villein",
      "type" : "NONE"
    },
    "177" : {
      "id" : "177",
      "region" : "776e1747-0f51-4535-985e-4c87ae5b4374",
      "cardId" : "100868",
      "name" : "Guardian Vigil",
      "type" : "NONE"
    },
    "299" : {
      "id" : "299",
      "region" : "bfb2088d-9ad3-4a36-a6f2-26929a7426f0",
      "cardId" : "102121",
      "name" : "Villein",
      "type" : "NONE"
    },
    "178" : {
      "id" : "178",
      "region" : "776e1747-0f51-4535-985e-4c87ae5b4374",
      "cardId" : "100868",
      "name" : "Guardian Vigil",
      "type" : "NONE"
    },
    "179" : {
      "id" : "179",
      "region" : "776e1747-0f51-4535-985e-4c87ae5b4374",
      "cardId" : "100868",
      "name" : "Guardian Vigil",
      "type" : "NONE"
    },
    "70" : {
      "id" : "70",
      "region" : "2cd8093d-4eaf-45ee-83b4-1c853a9cc38e",
      "cardId" : "100475",
      "name" : "Cry Wolf",
      "type" : "ALLY"
    },
    "71" : {
      "id" : "71",
      "region" : "2cd8093d-4eaf-45ee-83b4-1c853a9cc38e",
      "cardId" : "100475",
      "name" : "Cry Wolf",
      "type" : "ALLY"
    },
    "72" : {
      "id" : "72",
      "region" : "2cd8093d-4eaf-45ee-83b4-1c853a9cc38e",
      "cardId" : "100475",
      "name" : "Cry Wolf",
      "type" : "ALLY"
    },
    "73" : {
      "id" : "73",
      "region" : "2cd8093d-4eaf-45ee-83b4-1c853a9cc38e",
      "cardId" : "100298",
      "name" : "Carlton Van Wyk",
      "type" : "ALLY"
    },
    "74" : {
      "id" : "74",
      "region" : "2cd8093d-4eaf-45ee-83b4-1c853a9cc38e",
      "cardId" : "100709",
      "name" : "FBI Special Affairs Division",
      "type" : "EVENT"
    },
    "75" : {
      "id" : "75",
      "region" : "2cd8093d-4eaf-45ee-83b4-1c853a9cc38e",
      "cardId" : "102079",
      "name" : "Unmasking, The",
      "type" : "EVENT"
    },
    "76" : {
      "id" : "76",
      "region" : "2cd8093d-4eaf-45ee-83b4-1c853a9cc38e",
      "cardId" : "102079",
      "name" : "Unmasking, The",
      "type" : "EVENT"
    },
    "77" : {
      "id" : "77",
      "region" : "2cd8093d-4eaf-45ee-83b4-1c853a9cc38e",
      "cardId" : "100519",
      "name" : "Delaying Tactics",
      "type" : "NONE"
    },
    "78" : {
      "id" : "78",
      "region" : "2cd8093d-4eaf-45ee-83b4-1c853a9cc38e",
      "cardId" : "100519",
      "name" : "Delaying Tactics",
      "type" : "NONE"
    },
    "79" : {
      "id" : "79",
      "region" : "2cd8093d-4eaf-45ee-83b4-1c853a9cc38e",
      "cardId" : "100518",
      "name" : "Deflection",
      "type" : "NONE"
    },
    "180" : {
      "id" : "180",
      "region" : "776e1747-0f51-4535-985e-4c87ae5b4374",
      "cardId" : "100868",
      "name" : "Guardian Vigil",
      "type" : "NONE"
    },
    "181" : {
      "id" : "181",
      "region" : "776e1747-0f51-4535-985e-4c87ae5b4374",
      "cardId" : "100868",
      "name" : "Guardian Vigil",
      "type" : "NONE"
    },
    "182" : {
      "id" : "182",
      "region" : "776e1747-0f51-4535-985e-4c87ae5b4374",
      "cardId" : "100868",
      "name" : "Guardian Vigil",
      "type" : "NONE"
    },
    "183" : {
      "id" : "183",
      "region" : "776e1747-0f51-4535-985e-4c87ae5b4374",
      "cardId" : "100868",
      "name" : "Guardian Vigil",
      "type" : "NONE"
    },
    "184" : {
      "id" : "184",
      "region" : "776e1747-0f51-4535-985e-4c87ae5b4374",
      "cardId" : "100868",
      "name" : "Guardian Vigil",
      "type" : "NONE"
    },
    "185" : {
      "id" : "185",
      "region" : "776e1747-0f51-4535-985e-4c87ae5b4374",
      "cardId" : "100868",
      "name" : "Guardian Vigil",
      "type" : "NONE"
    },
    "186" : {
      "id" : "186",
      "region" : "776e1747-0f51-4535-985e-4c87ae5b4374",
      "cardId" : "102230",
      "name" : "Organized Resistance",
      "type" : "NONE"
    },
    "187" : {
      "id" : "187",
      "region" : "776e1747-0f51-4535-985e-4c87ae5b4374",
      "cardId" : "102230",
      "name" : "Organized Resistance",
      "type" : "NONE"
    },
    "188" : {
      "id" : "188",
      "region" : "776e1747-0f51-4535-985e-4c87ae5b4374",
      "cardId" : "102230",
      "name" : "Organized Resistance",
      "type" : "NONE"
    },
    "189" : {
      "id" : "189",
      "region" : "776e1747-0f51-4535-985e-4c87ae5b4374",
      "cardId" : "101501",
      "name" : "Protection Racket",
      "type" : "NONE"
    },
    "80" : {
      "id" : "80",
      "region" : "2cd8093d-4eaf-45ee-83b4-1c853a9cc38e",
      "cardId" : "100518",
      "name" : "Deflection",
      "type" : "NONE"
    },
    "81" : {
      "id" : "81",
      "region" : "2cd8093d-4eaf-45ee-83b4-1c853a9cc38e",
      "cardId" : "100518",
      "name" : "Deflection",
      "type" : "NONE"
    },
    "82" : {
      "id" : "82",
      "region" : "2cd8093d-4eaf-45ee-83b4-1c853a9cc38e",
      "cardId" : "100518",
      "name" : "Deflection",
      "type" : "NONE"
    },
    "83" : {
      "id" : "83",
      "region" : "2cd8093d-4eaf-45ee-83b4-1c853a9cc38e",
      "cardId" : "100518",
      "name" : "Deflection",
      "type" : "NONE"
    },
    "84" : {
      "id" : "84",
      "region" : "2cd8093d-4eaf-45ee-83b4-1c853a9cc38e",
      "cardId" : "100518",
      "name" : "Deflection",
      "type" : "NONE"
    },
    "85" : {
      "id" : "85",
      "region" : "2cd8093d-4eaf-45ee-83b4-1c853a9cc38e",
      "cardId" : "101321",
      "name" : "On the Qui Vive",
      "type" : "NONE"
    },
    "86" : {
      "id" : "86",
      "region" : "2cd8093d-4eaf-45ee-83b4-1c853a9cc38e",
      "cardId" : "101321",
      "name" : "On the Qui Vive",
      "type" : "NONE"
    },
    "87" : {
      "id" : "87",
      "region" : "2cd8093d-4eaf-45ee-83b4-1c853a9cc38e",
      "cardId" : "101321",
      "name" : "On the Qui Vive",
      "type" : "NONE"
    },
    "88" : {
      "id" : "88",
      "region" : "2cd8093d-4eaf-45ee-83b4-1c853a9cc38e",
      "cardId" : "100249",
      "name" : "Breath of Thanatos",
      "type" : "NONE"
    },
    "89" : {
      "id" : "89",
      "region" : "2cd8093d-4eaf-45ee-83b4-1c853a9cc38e",
      "cardId" : "100249",
      "name" : "Breath of Thanatos",
      "type" : "NONE"
    },
    "190" : {
      "id" : "190",
      "region" : "776e1747-0f51-4535-985e-4c87ae5b4374",
      "cardId" : "101501",
      "name" : "Protection Racket",
      "type" : "NONE"
    },
    "191" : {
      "id" : "191",
      "region" : "776e1747-0f51-4535-985e-4c87ae5b4374",
      "cardId" : "101501",
      "name" : "Protection Racket",
      "type" : "NONE"
    },
    "192" : {
      "id" : "192",
      "region" : "e11d7a59-4434-423e-a2da-cb8175768fa5",
      "cardId" : "200450",
      "name" : "Ezmerelda",
      "type" : "VAMPIRE",
      "votes" : "2",
      "title" : "2 votes",
      "clan" : "Ravnos"
    },
    "193" : {
      "id" : "193",
      "region" : "e11d7a59-4434-423e-a2da-cb8175768fa5",
      "cardId" : "201312",
      "name" : "Stanislava",
      "type" : "VAMPIRE",
      "votes" : "4",
      "title" : "inner circle",
      "clan" : "Gangrel"
    },
    "194" : {
      "id" : "194",
      "region" : "e11d7a59-4434-423e-a2da-cb8175768fa5",
      "cardId" : "201312",
      "name" : "Stanislava",
      "type" : "VAMPIRE",
      "votes" : "4",
      "title" : "inner circle",
      "clan" : "Gangrel"
    },
    "195" : {
      "id" : "195",
      "region" : "e11d7a59-4434-423e-a2da-cb8175768fa5",
      "cardId" : "201312",
      "name" : "Stanislava",
      "type" : "VAMPIRE",
      "votes" : "4",
      "title" : "inner circle",
      "clan" : "Gangrel"
    },
    "196" : {
      "id" : "196",
      "region" : "e11d7a59-4434-423e-a2da-cb8175768fa5",
      "cardId" : "200135",
      "name" : "Arika",
      "type" : "VAMPIRE",
      "votes" : "4",
      "title" : "inner circle",
      "clan" : "Ventrue"
    },
    "197" : {
      "id" : "197",
      "region" : "e11d7a59-4434-423e-a2da-cb8175768fa5",
      "cardId" : "200135",
      "name" : "Arika",
      "type" : "VAMPIRE",
      "votes" : "4",
      "title" : "inner circle",
      "clan" : "Ventrue"
    },
    "198" : {
      "id" : "198",
      "region" : "e11d7a59-4434-423e-a2da-cb8175768fa5",
      "cardId" : "200635",
      "name" : "Ingrid Russo",
      "type" : "VAMPIRE",
      "clan" : "Ventrue antitribu"
    },
    "199" : {
      "id" : "199",
      "region" : "e11d7a59-4434-423e-a2da-cb8175768fa5",
      "cardId" : "201001",
      "name" : "Mithras",
      "type" : "VAMPIRE",
      "clan" : "Ventrue"
    },
    "90" : {
      "id" : "90",
      "region" : "befacb5a-7f3c-46db-a107-9f63666d7d66",
      "cardId" : "200724",
      "name" : "Joseph O'Grady",
      "type" : "VAMPIRE",
      "clan" : "Ventrue antitribu"
    },
    "91" : {
      "id" : "91",
      "region" : "befacb5a-7f3c-46db-a107-9f63666d7d66",
      "cardId" : "200724",
      "name" : "Joseph O'Grady",
      "type" : "VAMPIRE",
      "clan" : "Ventrue antitribu"
    },
    "92" : {
      "id" : "92",
      "region" : "befacb5a-7f3c-46db-a107-9f63666d7d66",
      "cardId" : "200395",
      "name" : "Dylan",
      "type" : "VAMPIRE",
      "advanced" : true,
      "clan" : "Ventrue antitribu"
    },
    "93" : {
      "id" : "93",
      "region" : "befacb5a-7f3c-46db-a107-9f63666d7d66",
      "cardId" : "200394",
      "name" : "Dylan",
      "type" : "VAMPIRE",
      "clan" : "Ventrue antitribu"
    },
    "94" : {
      "id" : "94",
      "region" : "befacb5a-7f3c-46db-a107-9f63666d7d66",
      "cardId" : "200394",
      "name" : "Dylan",
      "type" : "VAMPIRE",
      "clan" : "Ventrue antitribu"
    },
    "95" : {
      "id" : "95",
      "region" : "befacb5a-7f3c-46db-a107-9f63666d7d66",
      "cardId" : "200394",
      "name" : "Dylan",
      "type" : "VAMPIRE",
      "clan" : "Ventrue antitribu"
    },
    "96" : {
      "id" : "96",
      "region" : "befacb5a-7f3c-46db-a107-9f63666d7d66",
      "cardId" : "201439",
      "name" : "Victor Gerard",
      "type" : "VAMPIRE",
      "clan" : "Toreador"
    },
    "97" : {
      "id" : "97",
      "region" : "befacb5a-7f3c-46db-a107-9f63666d7d66",
      "cardId" : "201439",
      "name" : "Victor Gerard",
      "type" : "VAMPIRE",
      "clan" : "Toreador"
    },
    "98" : {
      "id" : "98",
      "region" : "befacb5a-7f3c-46db-a107-9f63666d7d66",
      "cardId" : "200798",
      "name" : "Kyoko Shinsegawa",
      "type" : "VAMPIRE",
      "clan" : "Tremere"
    },
    "99" : {
      "id" : "99",
      "region" : "befacb5a-7f3c-46db-a107-9f63666d7d66",
      "cardId" : "200076",
      "name" : "Anarch Convert",
      "type" : "VAMPIRE",
      "clan" : "Caitiff"
    }
  },
  "currentPlayer" : "Kal-El",
  "nextPlayer" : null,
  "edge" : null,
  "orderOfPlayReversed" : false,
  "turn" : "1-1",
  "phase" : "Unlock",
  "notes" : null
}