{
  "id" : "01JG945K502V22HWBF7M6WQJ1B",
  "name" : null,
  "playerOrder" : [ "Kal-El", "Ankha", "acbishop", "chriss", "Ghost" ],
  "players" : {
    "Ankha" : {
      "name" : "Ankha",
      "pool" : 7,
      "victoryPoints" : 0.0,
      "regions" : {
        "ASH_HEAP" : {
          "id" : "4923a772-d1e6-4d83-b2fd-360c2e69de7b",
          "cards" : [ "254", "280", "282", "241", "257", "206" ],
          "player" : "Ankha",
          "type" : "ASH_HEAP"
        },
        "CRYPT" : {
          "id" : "cabc2968-411e-44dd-a51e-1017832be600",
          "cards" : [ "203", "192", "202", "193", "199", "200", "194", "196" ],
          "player" : "Ankha",
          "type" : "CRYPT"
        },
        "LIBRARY" : {
          "id" : "d9ba0e88-e3b8-41d8-8024-673e10606fa9",
          "cards" : [ "229", "246", "244", "247", "205", "279", "236", "242", "213", "234", "239", "217", "224", "218", "278", "263", "216", "264", "274", "221", "255", "250", "220", "252", "211", "271", "258", "243", "249", "231", "277", "232", "225", "259", "267", "207", "238", "214", "262", "227", "245", "270", "210", "281", "226", "268", "235", "251", "233", "253", "222", "237", "260", "215", "269", "261", "273", "212", "240", "230", "272", "248", "219", "228", "256" ],
          "player" : "Ankha",
          "type" : "LIBRARY"
        },
        "TORPOR" : {
          "id" : "d9e34c04-630b-44ba-b709-072aad7e2135",
          "player" : "Ankha",
          "type" : "TORPOR"
        },
        "HAND" : {
          "id" : "9e9be076-62c3-4000-88b0-11d4b5f72ebc",
          "cards" : [ "275", "265", "209", "266", "204", "208", "276" ],
          "player" : "Ankha",
          "type" : "HAND"
        },
        "RESEARCH" : {
          "id" : "c417ce22-6f92-40ac-877f-489cbbec8f1c",
          "player" : "Ankha",
          "type" : "RESEARCH"
        },
        "READY" : {
          "id" : "fc348240-1ad5-4eff-8ec3-4d0d5e8f29f8",
          "cards" : [ "223", "195", "201" ],
          "player" : "Ankha",
          "type" : "READY"
        },
        "UNCONTROLLED" : {
          "id" : "a46b31a4-7484-4c02-a3a2-c809f908b970",
          "cards" : [ "198", "197" ],
          "player" : "Ankha",
          "type" : "UNCONTROLLED"
        },
        "REMOVED_FROM_GAME" : {
          "id" : "79147cb1-435b-4a4e-bb0a-ef78590476c5",
          "player" : "Ankha",
          "type" : "REMOVED_FROM_GAME"
        }
      },
      "ousted" : false
    },
    "chriss" : {
      "name" : "chriss",
      "pool" : 13,
      "victoryPoints" : 0.0,
      "regions" : {
        "ASH_HEAP" : {
          "id" : "4f73046f-3e17-4f4a-88da-1772a99bee7d",
          "cards" : [ "116", "178", "190", "104", "159", "140" ],
          "player" : "chriss",
          "type" : "ASH_HEAP"
        },
        "CRYPT" : {
          "id" : "b8999c63-d079-4d60-adea-19f1737ebc5f",
          "cards" : [ "92", "90", "95", "96", "101", "97", "91" ],
          "player" : "chriss",
          "type" : "CRYPT"
        },
        "LIBRARY" : {
          "id" : "d4700dcf-c892-4bf5-b277-068067da54c8",
          "cards" : [ "188", "128", "132", "164", "115", "179", "166", "112", "126", "185", "154", "123", "183", "160", "167", "108", "177", "129", "158", "139", "137", "142", "162", "180", "117", "120", "150", "191", "168", "127", "125", "138", "174", "187", "135", "153", "136", "119", "155", "134", "184", "172", "163", "149", "189", "157", "107", "145", "141", "147", "130", "105", "109", "103", "176", "182", "186", "169", "113", "161", "133", "111", "171", "121", "110", "106", "102", "181", "118", "143", "148", "144", "165", "124", "114", "151" ],
          "player" : "chriss",
          "type" : "LIBRARY"
        },
        "TORPOR" : {
          "id" : "fb532ccb-1e38-4954-b079-df725f193f3c",
          "player" : "chriss",
          "type" : "TORPOR"
        },
        "HAND" : {
          "id" : "cdfaafc8-fc00-4da0-8c40-05522f98b894",
          "cards" : [ "173", "156", "146", "152", "131", "175", "122" ],
          "player" : "chriss",
          "type" : "HAND"
        },
        "RESEARCH" : {
          "id" : "2796fd9a-e4cf-4b8a-94bc-9ca689d16707",
          "player" : "chriss",
          "type" : "RESEARCH"
        },
        "READY" : {
          "id" : "0b1ddee1-8a24-431a-b8ba-2cbf081b39c9",
          "cards" : [ "93", "98" ],
          "player" : "chriss",
          "type" : "READY"
        },
        "UNCONTROLLED" : {
          "id" : "68cbc5cd-55a1-4b3d-b4c3-abfb73594511",
          "cards" : [ "94", "100" ],
          "player" : "chriss",
          "type" : "UNCONTROLLED"
        },
        "REMOVED_FROM_GAME" : {
          "id" : "2be0c07a-5452-476a-906a-856bc4c25ed7",
          "cards" : [ "99" ],
          "player" : "chriss",
          "type" : "REMOVED_FROM_GAME"
        }
      },
      "ousted" : false,
      "notes" : "unlock\nEdge\n\nmaster\n\nminion\n\ninf\n\ndiscard"
    },
    "Ghost" : {
      "name" : "Ghost",
      "pool" : 22,
      "victoryPoints" : 0.0,
      "regions" : {
        "ASH_HEAP" : {
          "id" : "ac17855f-7e34-4f70-a658-4bacc96cc893",
          "cards" : [ "25", "30", "81", "63", "65", "35", "46", "53", "79", "54", "83", "39", "55", "59" ],
          "player" : "Ghost",
          "type" : "ASH_HEAP"
        },
        "CRYPT" : {
          "id" : "f09619f2-2da2-4941-a2bd-5d704e37ded9",
          "cards" : [ "12", "3", "4", "9", "1", "11", "10" ],
          "player" : "Ghost",
          "type" : "CRYPT"
        },
        "LIBRARY" : {
          "id" : "51fe8258-6a04-4a0b-bbe8-dfa4e2e92cd1",
          "cards" : [ "43", "58", "15", "72", "44", "28", "34", "67", "26", "61", "40", "76", "19", "62", "32", "23", "86", "66", "17", "77", "75", "85", "87", "37", "73", "88", "51", "70", "14", "64", "68", "33", "48", "89", "82", "78", "47", "69", "13", "80", "21", "27", "38", "60", "84", "29", "20", "31", "71", "24", "45", "16", "22" ],
          "player" : "Ghost",
          "type" : "LIBRARY"
        },
        "TORPOR" : {
          "id" : "2270a430-5196-4e55-83e8-37d3e69c14c8",
          "player" : "Ghost",
          "type" : "TORPOR"
        },
        "HAND" : {
          "id" : "1f86c973-156b-4aec-a0d2-ba9348bf5eff",
          "cards" : [ "50", "42", "49", "56", "52", "18", "36" ],
          "player" : "Ghost",
          "type" : "HAND"
        },
        "RESEARCH" : {
          "id" : "89bf3eda-e6c7-4271-b958-73c163784a5a",
          "player" : "Ghost",
          "type" : "RESEARCH"
        },
        "READY" : {
          "id" : "701de604-4a79-470e-a0fa-72521a85305c",
          "cards" : [ "5", "41", "7", "74", "57", "2" ],
          "player" : "Ghost",
          "type" : "READY"
        },
        "UNCONTROLLED" : {
          "id" : "4b16f960-504e-4a50-9da3-1ca95615601e",
          "cards" : [ "6" ],
          "player" : "Ghost",
          "type" : "UNCONTROLLED"
        },
        "REMOVED_FROM_GAME" : {
          "id" : "1ca194d9-5265-4701-9613-d964d7f88bab",
          "cards" : [ "8" ],
          "player" : "Ghost",
          "type" : "REMOVED_FROM_GAME"
        }
      },
      "ousted" : false
    },
    "Kal-El" : {
      "name" : "Kal-El",
      "pool" : 15,
      "victoryPoints" : 0.0,
      "regions" : {
        "ASH_HEAP" : {
          "id" : "ab5d871c-a6cb-472a-ac9e-2bc9334b1810",
          "cards" : [ "339", "334" ],
          "player" : "Kal-El",
          "type" : "ASH_HEAP"
        },
        "CRYPT" : {
          "id" : "4cd0f771-a52f-42cc-97cf-ed0cd3957791",
          "cards" : [ "287", "294", "289", "288", "292", "293", "286", "283" ],
          "player" : "Kal-El",
          "type" : "CRYPT"
        },
        "LIBRARY" : {
          "id" : "7650000f-069f-4e4d-a815-c35f4f9dd28b",
          "cards" : [ "320", "315", "319", "372", "347", "367", "374", "356", "337", "304", "305", "322", "298", "316", "343", "361", "363", "341", "349", "323", "313", "301", "352", "317", "310", "300", "342", "358", "314", "329", "307", "355", "295", "354", "369", "297", "311", "302", "371", "326", "309", "321", "362", "312", "366", "328", "365", "340", "346", "345", "336", "360", "353", "331", "325", "327", "370", "330", "338", "344", "318", "333", "332", "308", "335", "303", "324", "359", "350", "364", "357" ],
          "player" : "Kal-El",
          "type" : "LIBRARY"
        },
        "TORPOR" : {
          "id" : "89c93fce-9e2f-4f4d-9f8c-81129eec4bb1",
          "player" : "Kal-El",
          "type" : "TORPOR"
        },
        "HAND" : {
          "id" : "628d5378-3023-483a-a750-a837ff227629",
          "cards" : [ "296", "373", "351", "348", "299", "368", "306" ],
          "player" : "Kal-El",
          "type" : "HAND"
        },
        "RESEARCH" : {
          "id" : "dd66c64d-621e-458f-8e32-72dd4c4a2760",
          "player" : "Kal-El",
          "type" : "RESEARCH"
        },
        "READY" : {
          "id" : "85305fc9-8506-43e3-b20e-c5e64019bf33",
          "cards" : [ "284", "290" ],
          "player" : "Kal-El",
          "type" : "READY"
        },
        "UNCONTROLLED" : {
          "id" : "75808e02-56e6-4a86-86de-0d80e89210c5",
          "cards" : [ "291", "285" ],
          "player" : "Kal-El",
          "type" : "UNCONTROLLED"
        },
        "REMOVED_FROM_GAME" : {
          "id" : "2d687191-ddc8-4930-b804-5a1a41d6d034",
          "player" : "Kal-El",
          "type" : "REMOVED_FROM_GAME"
        }
      },
      "ousted" : false
    },
    "acbishop" : {
      "name" : "acbishop",
      "pool" : 15,
      "victoryPoints" : 0.0,
      "regions" : {
        "ASH_HEAP" : {
          "id" : "ac627ef0-5289-4fb8-b637-f411698d20d9",
          "cards" : [ "412", "444", "436", "445", "424", "435", "456", "419", "418", "447" ],
          "player" : "acbishop",
          "type" : "ASH_HEAP"
        },
        "CRYPT" : {
          "id" : "18cc0cac-64b5-4315-906b-9467974b589a",
          "cards" : [ "383", "381", "384", "379", "386", "382", "385", "377" ],
          "player" : "acbishop",
          "type" : "CRYPT"
        },
        "LIBRARY" : {
          "id" : "366078ff-e5b6-44d8-821e-e4aed93e490f",
          "cards" : [ "396", "391", "390", "443", "428", "423", "388", "410", "393", "405", "399", "429", "434", "433", "422", "420", "450", "392", "401", "400", "407", "438", "431", "417", "408", "414", "409", "452", "426", "389", "442", "397", "411", "448", "449", "406", "457", "440", "454", "441", "402", "453", "427", "398", "451", "439", "437", "416", "446", "421", "415", "395", "404", "403" ],
          "player" : "acbishop",
          "type" : "LIBRARY"
        },
        "TORPOR" : {
          "id" : "2f36ee37-eefe-4885-9244-98b3baa1298a",
          "player" : "acbishop",
          "type" : "TORPOR"
        },
        "HAND" : {
          "id" : "235bd13b-d3b4-4cd3-b79f-4836429bf572",
          "cards" : [ "430", "455", "432", "425", "413", "387", "394" ],
          "player" : "acbishop",
          "type" : "HAND"
        },
        "RESEARCH" : {
          "id" : "edb07a94-06bb-4b4b-bbc6-80e8f722adb5",
          "player" : "acbishop",
          "type" : "RESEARCH"
        },
        "READY" : {
          "id" : "d57b8184-10cd-4d8c-b312-bdb48b515d49",
          "cards" : [ "380" ],
          "player" : "acbishop",
          "type" : "READY"
        },
        "UNCONTROLLED" : {
          "id" : "b695c8db-7fc2-494f-aa3e-0356b3c786e0",
          "cards" : [ "378", "375", "376" ],
          "player" : "acbishop",
          "type" : "UNCONTROLLED"
        },
        "REMOVED_FROM_GAME" : {
          "id" : "67fe26ea-74b7-4877-b27a-f8b006bdd81c",
          "player" : "acbishop",
          "type" : "REMOVED_FROM_GAME"
        }
      },
      "ousted" : false
    }
  },
  "cards" : {
    "1" : {
      "id" : "1",
      "region" : "f09619f2-2da2-4941-a2bd-5d704e37ded9",
      "cardId" : "200643",
      "name" : "Isabel Giovanni",
      "type" : "VAMPIRE",
      "clan" : "Giovanni"
    },
    "2" : {
      "id" : "2",
      "region" : "701de604-4a79-470e-a0fa-72521a85305c",
      "cardId" : "200834",
      "name" : "Lia Milliner",
      "type" : "VAMPIRE",
      "capacity" : 3,
      "counters" : 3,
      "clan" : "Giovanni",
      "disciplines" : [ "dom", "nec" ]
    },
    "3" : {
      "id" : "3",
      "region" : "f09619f2-2da2-4941-a2bd-5d704e37ded9",
      "cardId" : "200913",
      "name" : "Marciana Giovanni, Investigator",
      "type" : "VAMPIRE",
      "clan" : "Giovanni"
    },
    "4" : {
      "id" : "4",
      "region" : "f09619f2-2da2-4941-a2bd-5d704e37ded9",
      "cardId" : "200474",
      "name" : "Francesca Giovanni",
      "type" : "VAMPIRE",
      "clan" : "Giovanni"
    },
    "5" : {
      "id" : "5",
      "region" : "701de604-4a79-470e-a0fa-72521a85305c",
      "cardId" : "201209",
      "name" : "Rudolfo Giovanni",
      "locked" : true,
      "type" : "VAMPIRE",
      "capacity" : 3,
      "counters" : 1,
      "notes" : "Anarch",
      "clan" : "Giovanni",
      "disciplines" : [ "NEC" ]
    },
    "6" : {
      "id" : "6",
      "region" : "4b16f960-504e-4a50-9da3-1ca95615601e",
      "cardId" : "201101",
      "name" : "Paul DiCarlo, The Alpha",
      "type" : "VAMPIRE",
      "clan" : "Giovanni"
    },
    "7" : {
      "id" : "7",
      "region" : "701de604-4a79-470e-a0fa-72521a85305c",
      "cardId" : "200525",
      "name" : "Gloria Giovanni",
      "locked" : true,
      "type" : "VAMPIRE",
      "capacity" : 4,
      "counters" : 3,
      "clan" : "Giovanni",
      "disciplines" : [ "DOM", "nec" ]
    },
    "8" : {
      "id" : "8",
      "region" : "1ca194d9-5265-4701-9613-d964d7f88bab",
      "cardId" : "200076",
      "name" : "Anarch Convert",
      "type" : "VAMPIRE",
      "capacity" : 1,
      "counters" : 1,
      "clan" : "Caitiff",
      "disciplines" : [ "" ]
    },
    "9" : {
      "id" : "9",
      "region" : "f09619f2-2da2-4941-a2bd-5d704e37ded9",
      "cardId" : "200076",
      "name" : "Anarch Convert",
      "type" : "VAMPIRE",
      "clan" : "Caitiff"
    },
    "400" : {
      "id" : "400",
      "region" : "366078ff-e5b6-44d8-821e-e4aed93e490f",
      "cardId" : "100106",
      "name" : "Ashur Tablets",
      "type" : "NONE"
    },
    "401" : {
      "id" : "401",
      "region" : "366078ff-e5b6-44d8-821e-e4aed93e490f",
      "cardId" : "100106",
      "name" : "Ashur Tablets",
      "type" : "NONE"
    },
    "402" : {
      "id" : "402",
      "region" : "366078ff-e5b6-44d8-821e-e4aed93e490f",
      "cardId" : "100106",
      "name" : "Ashur Tablets",
      "type" : "NONE"
    },
    "403" : {
      "id" : "403",
      "region" : "366078ff-e5b6-44d8-821e-e4aed93e490f",
      "cardId" : "100106",
      "name" : "Ashur Tablets",
      "type" : "NONE"
    },
    "404" : {
      "id" : "404",
      "region" : "366078ff-e5b6-44d8-821e-e4aed93e490f",
      "cardId" : "100106",
      "name" : "Ashur Tablets",
      "type" : "NONE"
    },
    "405" : {
      "id" : "405",
      "region" : "366078ff-e5b6-44d8-821e-e4aed93e490f",
      "cardId" : "100106",
      "name" : "Ashur Tablets",
      "type" : "NONE"
    },
    "406" : {
      "id" : "406",
      "region" : "366078ff-e5b6-44d8-821e-e4aed93e490f",
      "cardId" : "100106",
      "name" : "Ashur Tablets",
      "type" : "NONE"
    },
    "407" : {
      "id" : "407",
      "region" : "366078ff-e5b6-44d8-821e-e4aed93e490f",
      "cardId" : "100106",
      "name" : "Ashur Tablets",
      "type" : "NONE"
    },
    "408" : {
      "id" : "408",
      "region" : "366078ff-e5b6-44d8-821e-e4aed93e490f",
      "cardId" : "100106",
      "name" : "Ashur Tablets",
      "type" : "NONE"
    },
    "409" : {
      "id" : "409",
      "region" : "366078ff-e5b6-44d8-821e-e4aed93e490f",
      "cardId" : "100842",
      "name" : "Golconda: Inner Peace",
      "type" : "NONE"
    },
    "410" : {
      "id" : "410",
      "region" : "366078ff-e5b6-44d8-821e-e4aed93e490f",
      "cardId" : "100188",
      "name" : "Blind Spot",
      "type" : "NONE"
    },
    "411" : {
      "id" : "411",
      "region" : "366078ff-e5b6-44d8-821e-e4aed93e490f",
      "cardId" : "100588",
      "name" : "Dreams of the Sphinx",
      "type" : "NONE"
    },
    "412" : {
      "id" : "412",
      "region" : "ac627ef0-5289-4fb8-b637-f411698d20d9",
      "cardId" : "102207",
      "name" : "Zillah's Valley",
      "type" : "NONE"
    },
    "413" : {
      "id" : "413",
      "region" : "235bd13b-d3b4-4cd3-b79f-4836429bf572",
      "cardId" : "102207",
      "name" : "Zillah's Valley",
      "type" : "NONE"
    },
    "414" : {
      "id" : "414",
      "region" : "366078ff-e5b6-44d8-821e-e4aed93e490f",
      "cardId" : "102207",
      "name" : "Zillah's Valley",
      "type" : "NONE"
    },
    "415" : {
      "id" : "415",
      "region" : "366078ff-e5b6-44d8-821e-e4aed93e490f",
      "cardId" : "102207",
      "name" : "Zillah's Valley",
      "type" : "NONE"
    },
    "416" : {
      "id" : "416",
      "region" : "366078ff-e5b6-44d8-821e-e4aed93e490f",
      "cardId" : "100652",
      "name" : "Entrancement",
      "type" : "NONE"
    },
    "417" : {
      "id" : "417",
      "region" : "366078ff-e5b6-44d8-821e-e4aed93e490f",
      "cardId" : "100652",
      "name" : "Entrancement",
      "type" : "NONE"
    },
    "418" : {
      "id" : "418",
      "region" : "ac627ef0-5289-4fb8-b637-f411698d20d9",
      "cardId" : "102076",
      "name" : "Unleash Hell's Fury",
      "type" : "NONE"
    },
    "419" : {
      "id" : "419",
      "region" : "ac627ef0-5289-4fb8-b637-f411698d20d9",
      "cardId" : "102076",
      "name" : "Unleash Hell's Fury",
      "type" : "NONE"
    },
    "420" : {
      "id" : "420",
      "region" : "366078ff-e5b6-44d8-821e-e4aed93e490f",
      "cardId" : "100909",
      "name" : "Helicopter",
      "type" : "EQUIPMENT"
    },
    "300" : {
      "id" : "300",
      "region" : "7650000f-069f-4e4d-a815-c35f4f9dd28b",
      "cardId" : "102121",
      "name" : "Villein",
      "type" : "NONE"
    },
    "421" : {
      "id" : "421",
      "region" : "366078ff-e5b6-44d8-821e-e4aed93e490f",
      "cardId" : "100401",
      "name" : "Conditioning",
      "type" : "NONE"
    },
    "301" : {
      "id" : "301",
      "region" : "7650000f-069f-4e4d-a815-c35f4f9dd28b",
      "cardId" : "102121",
      "name" : "Villein",
      "type" : "NONE"
    },
    "422" : {
      "id" : "422",
      "region" : "366078ff-e5b6-44d8-821e-e4aed93e490f",
      "cardId" : "102131",
      "name" : "Voter Captivation",
      "type" : "NONE"
    },
    "302" : {
      "id" : "302",
      "region" : "7650000f-069f-4e4d-a815-c35f4f9dd28b",
      "cardId" : "100984",
      "name" : "Information Highway",
      "type" : "NONE"
    },
    "423" : {
      "id" : "423",
      "region" : "366078ff-e5b6-44d8-821e-e4aed93e490f",
      "cardId" : "101125",
      "name" : "Lost in Crowds",
      "type" : "NONE"
    },
    "303" : {
      "id" : "303",
      "region" : "7650000f-069f-4e4d-a815-c35f4f9dd28b",
      "cardId" : "100984",
      "name" : "Information Highway",
      "type" : "NONE"
    },
    "424" : {
      "id" : "424",
      "region" : "ac627ef0-5289-4fb8-b637-f411698d20d9",
      "cardId" : "101125",
      "name" : "Lost in Crowds",
      "type" : "NONE"
    },
    "304" : {
      "id" : "304",
      "region" : "7650000f-069f-4e4d-a815-c35f4f9dd28b",
      "cardId" : "101896",
      "name" : "Sudden Reversal",
      "type" : "NONE"
    },
    "425" : {
      "id" : "425",
      "region" : "235bd13b-d3b4-4cd3-b79f-4836429bf572",
      "cardId" : "101125",
      "name" : "Lost in Crowds",
      "type" : "NONE"
    },
    "305" : {
      "id" : "305",
      "region" : "7650000f-069f-4e4d-a815-c35f4f9dd28b",
      "cardId" : "101384",
      "name" : "Pentex(TM) Subversion",
      "type" : "NONE"
    },
    "426" : {
      "id" : "426",
      "region" : "366078ff-e5b6-44d8-821e-e4aed93e490f",
      "cardId" : "101125",
      "name" : "Lost in Crowds",
      "type" : "NONE"
    },
    "306" : {
      "id" : "306",
      "region" : "628d5378-3023-483a-a750-a837ff227629",
      "cardId" : "101388",
      "name" : "Perfectionist",
      "type" : "NONE"
    },
    "427" : {
      "id" : "427",
      "region" : "366078ff-e5b6-44d8-821e-e4aed93e490f",
      "cardId" : "101125",
      "name" : "Lost in Crowds",
      "type" : "NONE"
    },
    "307" : {
      "id" : "307",
      "region" : "7650000f-069f-4e4d-a815-c35f4f9dd28b",
      "cardId" : "101388",
      "name" : "Perfectionist",
      "type" : "NONE"
    },
    "428" : {
      "id" : "428",
      "region" : "366078ff-e5b6-44d8-821e-e4aed93e490f",
      "cardId" : "101125",
      "name" : "Lost in Crowds",
      "type" : "NONE"
    },
    "308" : {
      "id" : "308",
      "region" : "7650000f-069f-4e4d-a815-c35f4f9dd28b",
      "cardId" : "101388",
      "name" : "Perfectionist",
      "type" : "NONE"
    },
    "429" : {
      "id" : "429",
      "region" : "366078ff-e5b6-44d8-821e-e4aed93e490f",
      "cardId" : "101125",
      "name" : "Lost in Crowds",
      "type" : "NONE"
    },
    "309" : {
      "id" : "309",
      "region" : "7650000f-069f-4e4d-a815-c35f4f9dd28b",
      "cardId" : "100588",
      "name" : "Dreams of the Sphinx",
      "type" : "NONE"
    },
    "430" : {
      "id" : "430",
      "region" : "235bd13b-d3b4-4cd3-b79f-4836429bf572",
      "cardId" : "100617",
      "name" : "Elder Impersonation",
      "type" : "NONE"
    },
    "310" : {
      "id" : "310",
      "region" : "7650000f-069f-4e4d-a815-c35f4f9dd28b",
      "cardId" : "101439",
      "name" : "Powerbase: Montreal",
      "type" : "NONE"
    },
    "431" : {
      "id" : "431",
      "region" : "366078ff-e5b6-44d8-821e-e4aed93e490f",
      "cardId" : "100617",
      "name" : "Elder Impersonation",
      "type" : "NONE"
    },
    "311" : {
      "id" : "311",
      "region" : "7650000f-069f-4e4d-a815-c35f4f9dd28b",
      "cardId" : "102107",
      "name" : "Vengeful Spirit",
      "type" : "RETAINER"
    },
    "432" : {
      "id" : "432",
      "region" : "235bd13b-d3b4-4cd3-b79f-4836429bf572",
      "cardId" : "100157",
      "name" : "Bewitching Oration",
      "type" : "NONE"
    },
    "312" : {
      "id" : "312",
      "region" : "7650000f-069f-4e4d-a815-c35f4f9dd28b",
      "cardId" : "102107",
      "name" : "Vengeful Spirit",
      "type" : "RETAINER"
    },
    "433" : {
      "id" : "433",
      "region" : "366078ff-e5b6-44d8-821e-e4aed93e490f",
      "cardId" : "100687",
      "name" : "Faceless Night",
      "type" : "NONE"
    },
    "313" : {
      "id" : "313",
      "region" : "7650000f-069f-4e4d-a815-c35f4f9dd28b",
      "cardId" : "102107",
      "name" : "Vengeful Spirit",
      "type" : "RETAINER"
    },
    "434" : {
      "id" : "434",
      "region" : "366078ff-e5b6-44d8-821e-e4aed93e490f",
      "cardId" : "100687",
      "name" : "Faceless Night",
      "type" : "NONE"
    },
    "314" : {
      "id" : "314",
      "region" : "7650000f-069f-4e4d-a815-c35f4f9dd28b",
      "cardId" : "102107",
      "name" : "Vengeful Spirit",
      "type" : "RETAINER"
    },
    "435" : {
      "id" : "435",
      "region" : "ac627ef0-5289-4fb8-b637-f411698d20d9",
      "cardId" : "100687",
      "name" : "Faceless Night",
      "type" : "NONE"
    },
    "315" : {
      "id" : "315",
      "region" : "7650000f-069f-4e4d-a815-c35f4f9dd28b",
      "cardId" : "102107",
      "name" : "Vengeful Spirit",
      "type" : "RETAINER"
    },
    "436" : {
      "id" : "436",
      "region" : "ac627ef0-5289-4fb8-b637-f411698d20d9",
      "cardId" : "100078",
      "name" : "Approximation of Loyalty",
      "type" : "NONE"
    },
    "316" : {
      "id" : "316",
      "region" : "7650000f-069f-4e4d-a815-c35f4f9dd28b",
      "cardId" : "102107",
      "name" : "Vengeful Spirit",
      "type" : "RETAINER"
    },
    "437" : {
      "id" : "437",
      "region" : "366078ff-e5b6-44d8-821e-e4aed93e490f",
      "cardId" : "100065",
      "name" : "Ancilla Empowerment",
      "type" : "NONE"
    },
    "317" : {
      "id" : "317",
      "region" : "7650000f-069f-4e4d-a815-c35f4f9dd28b",
      "cardId" : "102107",
      "name" : "Vengeful Spirit",
      "type" : "RETAINER"
    },
    "438" : {
      "id" : "438",
      "region" : "366078ff-e5b6-44d8-821e-e4aed93e490f",
      "cardId" : "100064",
      "name" : "Ancient Influence",
      "type" : "NONE"
    },
    "318" : {
      "id" : "318",
      "region" : "7650000f-069f-4e4d-a815-c35f4f9dd28b",
      "cardId" : "102107",
      "name" : "Vengeful Spirit",
      "type" : "RETAINER"
    },
    "439" : {
      "id" : "439",
      "region" : "366078ff-e5b6-44d8-821e-e4aed93e490f",
      "cardId" : "100131",
      "name" : "Banishment",
      "type" : "NONE"
    },
    "319" : {
      "id" : "319",
      "region" : "7650000f-069f-4e4d-a815-c35f4f9dd28b",
      "cardId" : "101843",
      "name" : "Spectral Divination",
      "type" : "NONE"
    },
    "440" : {
      "id" : "440",
      "region" : "366078ff-e5b6-44d8-821e-e4aed93e490f",
      "cardId" : "100131",
      "name" : "Banishment",
      "type" : "NONE"
    },
    "320" : {
      "id" : "320",
      "region" : "7650000f-069f-4e4d-a815-c35f4f9dd28b",
      "cardId" : "101843",
      "name" : "Spectral Divination",
      "type" : "NONE"
    },
    "441" : {
      "id" : "441",
      "region" : "366078ff-e5b6-44d8-821e-e4aed93e490f",
      "cardId" : "101591",
      "name" : "Reins of Power",
      "type" : "NONE"
    },
    "321" : {
      "id" : "321",
      "region" : "7650000f-069f-4e4d-a815-c35f4f9dd28b",
      "cardId" : "100016",
      "name" : "Acheron Vortex",
      "type" : "NONE"
    },
    "200" : {
      "id" : "200",
      "region" : "cabc2968-411e-44dd-a51e-1017832be600",
      "cardId" : "201006",
      "name" : "Montano",
      "type" : "VAMPIRE",
      "votes" : "2",
      "title" : "2 votes",
      "clan" : "Lasombra"
    },
    "442" : {
      "id" : "442",
      "region" : "366078ff-e5b6-44d8-821e-e4aed93e490f",
      "cardId" : "100038",
      "name" : "Alastor",
      "type" : "NONE"
    },
    "322" : {
      "id" : "322",
      "region" : "7650000f-069f-4e4d-a815-c35f4f9dd28b",
      "cardId" : "100788",
      "name" : "Freak Drive",
      "type" : "NONE"
    },
    "201" : {
      "id" : "201",
      "region" : "fc348240-1ad5-4eff-8ec3-4d0d5e8f29f8",
      "cardId" : "201006",
      "name" : "Montano",
      "type" : "VAMPIRE",
      "capacity" : 11,
      "counters" : 11,
      "votes" : "2",
      "title" : "2 votes",
      "clan" : "Lasombra",
      "disciplines" : [ "OBT", "DOM", "POT", "FOR", "ANI" ]
    },
    "443" : {
      "id" : "443",
      "region" : "366078ff-e5b6-44d8-821e-e4aed93e490f",
      "cardId" : "101417",
      "name" : "Political Stranglehold",
      "type" : "NONE"
    },
    "323" : {
      "id" : "323",
      "region" : "7650000f-069f-4e4d-a815-c35f4f9dd28b",
      "cardId" : "100788",
      "name" : "Freak Drive",
      "type" : "NONE"
    },
    "202" : {
      "id" : "202",
      "region" : "cabc2968-411e-44dd-a51e-1017832be600",
      "cardId" : "201052",
      "name" : "New Blood",
      "type" : "VAMPIRE",
      "clan" : "Blood Brother"
    },
    "444" : {
      "id" : "444",
      "region" : "ac627ef0-5289-4fb8-b637-f411698d20d9",
      "cardId" : "100059",
      "name" : "Anarchist Uprising",
      "type" : "NONE"
    },
    "324" : {
      "id" : "324",
      "region" : "7650000f-069f-4e4d-a815-c35f4f9dd28b",
      "cardId" : "100788",
      "name" : "Freak Drive",
      "type" : "NONE"
    },
    "203" : {
      "id" : "203",
      "region" : "cabc2968-411e-44dd-a51e-1017832be600",
      "cardId" : "200396",
      "name" : "Earl",
      "type" : "VAMPIRE",
      "clan" : "Ventrue"
    },
    "445" : {
      "id" : "445",
      "region" : "ac627ef0-5289-4fb8-b637-f411698d20d9",
      "cardId" : "102270",
      "name" : "Camarilla's Iron Fist",
      "type" : "NONE"
    },
    "325" : {
      "id" : "325",
      "region" : "7650000f-069f-4e4d-a815-c35f4f9dd28b",
      "cardId" : "100788",
      "name" : "Freak Drive",
      "type" : "NONE"
    },
    "204" : {
      "id" : "204",
      "region" : "9e9be076-62c3-4000-88b0-11d4b5f72ebc",
      "cardId" : "101890",
      "name" : "Subdued by the Blood",
      "type" : "NONE"
    },
    "446" : {
      "id" : "446",
      "region" : "366078ff-e5b6-44d8-821e-e4aed93e490f",
      "cardId" : "102270",
      "name" : "Camarilla's Iron Fist",
      "type" : "NONE"
    },
    "326" : {
      "id" : "326",
      "region" : "7650000f-069f-4e4d-a815-c35f4f9dd28b",
      "cardId" : "100279",
      "name" : "Call of the Hungry Dead",
      "type" : "NONE"
    },
    "205" : {
      "id" : "205",
      "region" : "d9ba0e88-e3b8-41d8-8024-673e10606fa9",
      "cardId" : "101890",
      "name" : "Subdued by the Blood",
      "type" : "NONE"
    },
    "447" : {
      "id" : "447",
      "region" : "ac627ef0-5289-4fb8-b637-f411698d20d9",
      "cardId" : "100518",
      "name" : "Deflection",
      "type" : "NONE"
    },
    "327" : {
      "id" : "327",
      "region" : "7650000f-069f-4e4d-a815-c35f4f9dd28b",
      "cardId" : "100279",
      "name" : "Call of the Hungry Dead",
      "type" : "NONE"
    },
    "206" : {
      "id" : "206",
      "region" : "4923a772-d1e6-4d83-b2fd-360c2e69de7b",
      "cardId" : "101890",
      "name" : "Subdued by the Blood",
      "type" : "NONE"
    },
    "448" : {
      "id" : "448",
      "region" : "366078ff-e5b6-44d8-821e-e4aed93e490f",
      "cardId" : "100518",
      "name" : "Deflection",
      "type" : "NONE"
    },
    "328" : {
      "id" : "328",
      "region" : "7650000f-069f-4e4d-a815-c35f4f9dd28b",
      "cardId" : "100279",
      "name" : "Call of the Hungry Dead",
      "type" : "NONE"
    },
    "207" : {
      "id" : "207",
      "region" : "d9ba0e88-e3b8-41d8-8024-673e10606fa9",
      "cardId" : "101890",
      "name" : "Subdued by the Blood",
      "type" : "NONE"
    },
    "449" : {
      "id" : "449",
      "region" : "366078ff-e5b6-44d8-821e-e4aed93e490f",
      "cardId" : "100518",
      "name" : "Deflection",
      "type" : "NONE"
    },
    "329" : {
      "id" : "329",
      "region" : "7650000f-069f-4e4d-a815-c35f4f9dd28b",
      "cardId" : "100279",
      "name" : "Call of the Hungry Dead",
      "type" : "NONE"
    },
    "208" : {
      "id" : "208",
      "region" : "9e9be076-62c3-4000-88b0-11d4b5f72ebc",
      "cardId" : "101890",
      "name" : "Subdued by the Blood",
      "type" : "NONE"
    },
    "209" : {
      "id" : "209",
      "region" : "9e9be076-62c3-4000-88b0-11d4b5f72ebc",
      "cardId" : "101890",
      "name" : "Subdued by the Blood",
      "type" : "NONE"
    },
    "450" : {
      "id" : "450",
      "region" : "366078ff-e5b6-44d8-821e-e4aed93e490f",
      "cardId" : "100518",
      "name" : "Deflection",
      "type" : "NONE"
    },
    "330" : {
      "id" : "330",
      "region" : "7650000f-069f-4e4d-a815-c35f4f9dd28b",
      "cardId" : "100974",
      "name" : "Inevitability of the Void",
      "type" : "NONE"
    },
    "451" : {
      "id" : "451",
      "region" : "366078ff-e5b6-44d8-821e-e4aed93e490f",
      "cardId" : "101309",
      "name" : "Obedience",
      "type" : "NONE"
    },
    "331" : {
      "id" : "331",
      "region" : "7650000f-069f-4e4d-a815-c35f4f9dd28b",
      "cardId" : "100974",
      "name" : "Inevitability of the Void",
      "type" : "NONE"
    },
    "210" : {
      "id" : "210",
      "region" : "d9ba0e88-e3b8-41d8-8024-673e10606fa9",
      "cardId" : "101890",
      "name" : "Subdued by the Blood",
      "type" : "NONE"
    },
    "452" : {
      "id" : "452",
      "region" : "366078ff-e5b6-44d8-821e-e4aed93e490f",
      "cardId" : "101309",
      "name" : "Obedience",
      "type" : "NONE"
    },
    "332" : {
      "id" : "332",
      "region" : "7650000f-069f-4e4d-a815-c35f4f9dd28b",
      "cardId" : "100974",
      "name" : "Inevitability of the Void",
      "type" : "NONE"
    },
    "211" : {
      "id" : "211",
      "region" : "d9ba0e88-e3b8-41d8-8024-673e10606fa9",
      "cardId" : "101890",
      "name" : "Subdued by the Blood",
      "type" : "NONE"
    },
    "453" : {
      "id" : "453",
      "region" : "366078ff-e5b6-44d8-821e-e4aed93e490f",
      "cardId" : "101309",
      "name" : "Obedience",
      "type" : "NONE"
    },
    "333" : {
      "id" : "333",
      "region" : "7650000f-069f-4e4d-a815-c35f4f9dd28b",
      "cardId" : "100974",
      "name" : "Inevitability of the Void",
      "type" : "NONE"
    },
    "212" : {
      "id" : "212",
      "region" : "d9ba0e88-e3b8-41d8-8024-673e10606fa9",
      "cardId" : "101207",
      "name" : "Metro Underground",
      "type" : "NONE"
    },
    "454" : {
      "id" : "454",
      "region" : "366078ff-e5b6-44d8-821e-e4aed93e490f",
      "cardId" : "101309",
      "name" : "Obedience",
      "type" : "NONE"
    },
    "334" : {
      "id" : "334",
      "region" : "ab5d871c-a6cb-472a-ac9e-2bc9334b1810",
      "cardId" : "100974",
      "name" : "Inevitability of the Void",
      "type" : "NONE"
    },
    "213" : {
      "id" : "213",
      "region" : "d9ba0e88-e3b8-41d8-8024-673e10606fa9",
      "cardId" : "101238",
      "name" : "Monastery of Shadows",
      "type" : "NONE"
    },
    "455" : {
      "id" : "455",
      "region" : "235bd13b-d3b4-4cd3-b79f-4836429bf572",
      "cardId" : "101309",
      "name" : "Obedience",
      "type" : "NONE"
    },
    "335" : {
      "id" : "335",
      "region" : "7650000f-069f-4e4d-a815-c35f4f9dd28b",
      "cardId" : "100974",
      "name" : "Inevitability of the Void",
      "type" : "NONE"
    },
    "214" : {
      "id" : "214",
      "region" : "d9ba0e88-e3b8-41d8-8024-673e10606fa9",
      "cardId" : "102121",
      "name" : "Villein",
      "type" : "NONE"
    },
    "456" : {
      "id" : "456",
      "region" : "ac627ef0-5289-4fb8-b637-f411698d20d9",
      "cardId" : "101913",
      "name" : "Swallowed by the Night",
      "type" : "NONE"
    },
    "336" : {
      "id" : "336",
      "region" : "7650000f-069f-4e4d-a815-c35f4f9dd28b",
      "cardId" : "101649",
      "name" : "Rolling with the Punches",
      "type" : "NONE"
    },
    "215" : {
      "id" : "215",
      "region" : "d9ba0e88-e3b8-41d8-8024-673e10606fa9",
      "cardId" : "102121",
      "name" : "Villein",
      "type" : "NONE"
    },
    "457" : {
      "id" : "457",
      "region" : "366078ff-e5b6-44d8-821e-e4aed93e490f",
      "cardId" : "101913",
      "name" : "Swallowed by the Night",
      "type" : "NONE"
    },
    "337" : {
      "id" : "337",
      "region" : "7650000f-069f-4e4d-a815-c35f4f9dd28b",
      "cardId" : "101649",
      "name" : "Rolling with the Punches",
      "type" : "NONE"
    },
    "216" : {
      "id" : "216",
      "region" : "d9ba0e88-e3b8-41d8-8024-673e10606fa9",
      "cardId" : "102121",
      "name" : "Villein",
      "type" : "NONE"
    },
    "338" : {
      "id" : "338",
      "region" : "7650000f-069f-4e4d-a815-c35f4f9dd28b",
      "cardId" : "101649",
      "name" : "Rolling with the Punches",
      "type" : "NONE"
    },
    "217" : {
      "id" : "217",
      "region" : "d9ba0e88-e3b8-41d8-8024-673e10606fa9",
      "cardId" : "102121",
      "name" : "Villein",
      "type" : "NONE"
    },
    "339" : {
      "id" : "339",
      "region" : "ab5d871c-a6cb-472a-ac9e-2bc9334b1810",
      "cardId" : "101649",
      "name" : "Rolling with the Punches",
      "type" : "NONE"
    },
    "218" : {
      "id" : "218",
      "region" : "d9ba0e88-e3b8-41d8-8024-673e10606fa9",
      "cardId" : "102121",
      "name" : "Villein",
      "type" : "NONE"
    },
    "219" : {
      "id" : "219",
      "region" : "d9ba0e88-e3b8-41d8-8024-673e10606fa9",
      "cardId" : "102121",
      "name" : "Villein",
      "type" : "NONE"
    },
    "340" : {
      "id" : "340",
      "region" : "7650000f-069f-4e4d-a815-c35f4f9dd28b",
      "cardId" : "101649",
      "name" : "Rolling with the Punches",
      "type" : "NONE"
    },
    "341" : {
      "id" : "341",
      "region" : "7650000f-069f-4e4d-a815-c35f4f9dd28b",
      "cardId" : "101649",
      "name" : "Rolling with the Punches",
      "type" : "NONE"
    },
    "220" : {
      "id" : "220",
      "region" : "d9ba0e88-e3b8-41d8-8024-673e10606fa9",
      "cardId" : "102121",
      "name" : "Villein",
      "type" : "NONE"
    },
    "342" : {
      "id" : "342",
      "region" : "7650000f-069f-4e4d-a815-c35f4f9dd28b",
      "cardId" : "101791",
      "name" : "Skin of Rock",
      "type" : "NONE"
    },
    "221" : {
      "id" : "221",
      "region" : "d9ba0e88-e3b8-41d8-8024-673e10606fa9",
      "cardId" : "102121",
      "name" : "Villein",
      "type" : "NONE"
    },
    "100" : {
      "id" : "100",
      "region" : "68cbc5cd-55a1-4b3d-b4c3-abfb73594511",
      "cardId" : "200076",
      "name" : "Anarch Convert",
      "type" : "VAMPIRE",
      "clan" : "Caitiff"
    },
    "343" : {
      "id" : "343",
      "region" : "7650000f-069f-4e4d-a815-c35f4f9dd28b",
      "cardId" : "101791",
      "name" : "Skin of Rock",
      "type" : "NONE"
    },
    "222" : {
      "id" : "222",
      "region" : "d9ba0e88-e3b8-41d8-8024-673e10606fa9",
      "cardId" : "100984",
      "name" : "Information Highway",
      "type" : "NONE"
    },
    "101" : {
      "id" : "101",
      "region" : "b8999c63-d079-4d60-adea-19f1737ebc5f",
      "cardId" : "200076",
      "name" : "Anarch Convert",
      "type" : "VAMPIRE",
      "clan" : "Caitiff"
    },
    "344" : {
      "id" : "344",
      "region" : "7650000f-069f-4e4d-a815-c35f4f9dd28b",
      "cardId" : "101791",
      "name" : "Skin of Rock",
      "type" : "NONE"
    },
    "223" : {
      "id" : "223",
      "region" : "fc348240-1ad5-4eff-8ec3-4d0d5e8f29f8",
      "cardId" : "100984",
      "name" : "Information Highway",
      "type" : "NONE"
    },
    "102" : {
      "id" : "102",
      "region" : "d4700dcf-c892-4bf5-b277-068067da54c8",
      "cardId" : "102049",
      "name" : "Twilight Camp",
      "type" : "NONE"
    },
    "345" : {
      "id" : "345",
      "region" : "7650000f-069f-4e4d-a815-c35f4f9dd28b",
      "cardId" : "101791",
      "name" : "Skin of Rock",
      "type" : "NONE"
    },
    "224" : {
      "id" : "224",
      "region" : "d9ba0e88-e3b8-41d8-8024-673e10606fa9",
      "cardId" : "100984",
      "name" : "Information Highway",
      "type" : "NONE"
    },
    "103" : {
      "id" : "103",
      "region" : "d4700dcf-c892-4bf5-b277-068067da54c8",
      "cardId" : "100545",
      "name" : "Direct Intervention",
      "type" : "NONE"
    },
    "346" : {
      "id" : "346",
      "region" : "7650000f-069f-4e4d-a815-c35f4f9dd28b",
      "cardId" : "100634",
      "name" : "Emerald Legionnaire",
      "type" : "ALLY"
    },
    "225" : {
      "id" : "225",
      "region" : "d9ba0e88-e3b8-41d8-8024-673e10606fa9",
      "cardId" : "100984",
      "name" : "Information Highway",
      "type" : "NONE"
    },
    "104" : {
      "id" : "104",
      "region" : "4f73046f-3e17-4f4a-88da-1772a99bee7d",
      "cardId" : "100545",
      "name" : "Direct Intervention",
      "type" : "NONE"
    },
    "347" : {
      "id" : "347",
      "region" : "7650000f-069f-4e4d-a815-c35f4f9dd28b",
      "cardId" : "100634",
      "name" : "Emerald Legionnaire",
      "type" : "ALLY"
    },
    "226" : {
      "id" : "226",
      "region" : "d9ba0e88-e3b8-41d8-8024-673e10606fa9",
      "cardId" : "100842",
      "name" : "Golconda: Inner Peace",
      "type" : "NONE"
    },
    "105" : {
      "id" : "105",
      "region" : "d4700dcf-c892-4bf5-b277-068067da54c8",
      "cardId" : "101811",
      "name" : "Smiling Jack, The Anarch",
      "type" : "NONE"
    },
    "348" : {
      "id" : "348",
      "region" : "628d5378-3023-483a-a750-a837ff227629",
      "cardId" : "100634",
      "name" : "Emerald Legionnaire",
      "type" : "ALLY"
    },
    "227" : {
      "id" : "227",
      "region" : "d9ba0e88-e3b8-41d8-8024-673e10606fa9",
      "cardId" : "100842",
      "name" : "Golconda: Inner Peace",
      "type" : "NONE"
    },
    "106" : {
      "id" : "106",
      "region" : "d4700dcf-c892-4bf5-b277-068067da54c8",
      "cardId" : "101877",
      "name" : "Storage Annex",
      "type" : "NONE"
    },
    "349" : {
      "id" : "349",
      "region" : "7650000f-069f-4e4d-a815-c35f4f9dd28b",
      "cardId" : "100634",
      "name" : "Emerald Legionnaire",
      "type" : "ALLY"
    },
    "228" : {
      "id" : "228",
      "region" : "d9ba0e88-e3b8-41d8-8024-673e10606fa9",
      "cardId" : "102207",
      "name" : "Zillah's Valley",
      "type" : "NONE"
    },
    "107" : {
      "id" : "107",
      "region" : "d4700dcf-c892-4bf5-b277-068067da54c8",
      "cardId" : "101877",
      "name" : "Storage Annex",
      "type" : "NONE"
    },
    "229" : {
      "id" : "229",
      "region" : "d9ba0e88-e3b8-41d8-8024-673e10606fa9",
      "cardId" : "102207",
      "name" : "Zillah's Valley",
      "type" : "NONE"
    },
    "108" : {
      "id" : "108",
      "region" : "d4700dcf-c892-4bf5-b277-068067da54c8",
      "cardId" : "100052",
      "name" : "Anarch Free Press, The",
      "type" : "NONE"
    },
    "109" : {
      "id" : "109",
      "region" : "d4700dcf-c892-4bf5-b277-068067da54c8",
      "cardId" : "100199",
      "name" : "Blood Doll",
      "type" : "NONE"
    },
    "350" : {
      "id" : "350",
      "region" : "7650000f-069f-4e4d-a815-c35f4f9dd28b",
      "cardId" : "100634",
      "name" : "Emerald Legionnaire",
      "type" : "ALLY"
    },
    "351" : {
      "id" : "351",
      "region" : "628d5378-3023-483a-a750-a837ff227629",
      "cardId" : "100634",
      "name" : "Emerald Legionnaire",
      "type" : "ALLY"
    },
    "230" : {
      "id" : "230",
      "region" : "d9ba0e88-e3b8-41d8-8024-673e10606fa9",
      "cardId" : "102207",
      "name" : "Zillah's Valley",
      "type" : "NONE"
    },
    "352" : {
      "id" : "352",
      "region" : "7650000f-069f-4e4d-a815-c35f4f9dd28b",
      "cardId" : "100634",
      "name" : "Emerald Legionnaire",
      "type" : "ALLY"
    },
    "231" : {
      "id" : "231",
      "region" : "d9ba0e88-e3b8-41d8-8024-673e10606fa9",
      "cardId" : "102207",
      "name" : "Zillah's Valley",
      "type" : "NONE"
    },
    "110" : {
      "id" : "110",
      "region" : "d4700dcf-c892-4bf5-b277-068067da54c8",
      "cardId" : "100199",
      "name" : "Blood Doll",
      "type" : "NONE"
    },
    "353" : {
      "id" : "353",
      "region" : "7650000f-069f-4e4d-a815-c35f4f9dd28b",
      "cardId" : "100634",
      "name" : "Emerald Legionnaire",
      "type" : "ALLY"
    },
    "232" : {
      "id" : "232",
      "region" : "d9ba0e88-e3b8-41d8-8024-673e10606fa9",
      "cardId" : "102207",
      "name" : "Zillah's Valley",
      "type" : "NONE"
    },
    "111" : {
      "id" : "111",
      "region" : "d4700dcf-c892-4bf5-b277-068067da54c8",
      "cardId" : "100199",
      "name" : "Blood Doll",
      "type" : "NONE"
    },
    "354" : {
      "id" : "354",
      "region" : "7650000f-069f-4e4d-a815-c35f4f9dd28b",
      "cardId" : "101475",
      "name" : "Precognition",
      "type" : "NONE"
    },
    "233" : {
      "id" : "233",
      "region" : "d9ba0e88-e3b8-41d8-8024-673e10606fa9",
      "cardId" : "102207",
      "name" : "Zillah's Valley",
      "type" : "NONE"
    },
    "112" : {
      "id" : "112",
      "region" : "d4700dcf-c892-4bf5-b277-068067da54c8",
      "cardId" : "100055",
      "name" : "Anarch Revolt",
      "type" : "NONE"
    },
    "355" : {
      "id" : "355",
      "region" : "7650000f-069f-4e4d-a815-c35f4f9dd28b",
      "cardId" : "101475",
      "name" : "Precognition",
      "type" : "NONE"
    },
    "234" : {
      "id" : "234",
      "region" : "d9ba0e88-e3b8-41d8-8024-673e10606fa9",
      "cardId" : "101543",
      "name" : "Rapid Healing",
      "type" : "NONE"
    },
    "113" : {
      "id" : "113",
      "region" : "d4700dcf-c892-4bf5-b277-068067da54c8",
      "cardId" : "100054",
      "name" : "Anarch Railroad",
      "type" : "NONE"
    },
    "356" : {
      "id" : "356",
      "region" : "7650000f-069f-4e4d-a815-c35f4f9dd28b",
      "cardId" : "100644",
      "name" : "Enhanced Senses",
      "type" : "NONE"
    },
    "235" : {
      "id" : "235",
      "region" : "d9ba0e88-e3b8-41d8-8024-673e10606fa9",
      "cardId" : "101543",
      "name" : "Rapid Healing",
      "type" : "NONE"
    },
    "114" : {
      "id" : "114",
      "region" : "d4700dcf-c892-4bf5-b277-068067da54c8",
      "cardId" : "100297",
      "name" : "Carfax Abbey",
      "type" : "NONE"
    },
    "357" : {
      "id" : "357",
      "region" : "7650000f-069f-4e4d-a815-c35f4f9dd28b",
      "cardId" : "100598",
      "name" : "Eagle's Sight",
      "type" : "NONE"
    },
    "236" : {
      "id" : "236",
      "region" : "d9ba0e88-e3b8-41d8-8024-673e10606fa9",
      "cardId" : "101543",
      "name" : "Rapid Healing",
      "type" : "NONE"
    },
    "115" : {
      "id" : "115",
      "region" : "d4700dcf-c892-4bf5-b277-068067da54c8",
      "cardId" : "101704",
      "name" : "Seattle Committee",
      "type" : "NONE"
    },
    "358" : {
      "id" : "358",
      "region" : "7650000f-069f-4e4d-a815-c35f4f9dd28b",
      "cardId" : "100598",
      "name" : "Eagle's Sight",
      "type" : "NONE"
    },
    "237" : {
      "id" : "237",
      "region" : "d9ba0e88-e3b8-41d8-8024-673e10606fa9",
      "cardId" : "101543",
      "name" : "Rapid Healing",
      "type" : "NONE"
    },
    "116" : {
      "id" : "116",
      "region" : "4f73046f-3e17-4f4a-88da-1772a99bee7d",
      "cardId" : "100798",
      "name" : "Galaric's Legacy",
      "type" : "NONE"
    },
    "359" : {
      "id" : "359",
      "region" : "7650000f-069f-4e4d-a815-c35f4f9dd28b",
      "cardId" : "101321",
      "name" : "On the Qui Vive",
      "type" : "NONE"
    },
    "238" : {
      "id" : "238",
      "region" : "d9ba0e88-e3b8-41d8-8024-673e10606fa9",
      "cardId" : "100845",
      "name" : "Govern the Unaligned",
      "type" : "NONE"
    },
    "117" : {
      "id" : "117",
      "region" : "d4700dcf-c892-4bf5-b277-068067da54c8",
      "cardId" : "100798",
      "name" : "Galaric's Legacy",
      "type" : "NONE"
    },
    "239" : {
      "id" : "239",
      "region" : "d9ba0e88-e3b8-41d8-8024-673e10606fa9",
      "cardId" : "100845",
      "name" : "Govern the Unaligned",
      "type" : "NONE"
    },
    "118" : {
      "id" : "118",
      "region" : "d4700dcf-c892-4bf5-b277-068067da54c8",
      "cardId" : "100366",
      "name" : "Club Illusion",
      "type" : "NONE"
    },
    "119" : {
      "id" : "119",
      "region" : "d4700dcf-c892-4bf5-b277-068067da54c8",
      "cardId" : "100416",
      "name" : "Constant Revolution",
      "type" : "NONE"
    },
    "10" : {
      "id" : "10",
      "region" : "f09619f2-2da2-4941-a2bd-5d704e37ded9",
      "cardId" : "200076",
      "name" : "Anarch Convert",
      "type" : "VAMPIRE",
      "clan" : "Caitiff"
    },
    "11" : {
      "id" : "11",
      "region" : "f09619f2-2da2-4941-a2bd-5d704e37ded9",
      "cardId" : "200076",
      "name" : "Anarch Convert",
      "type" : "VAMPIRE",
      "clan" : "Caitiff"
    },
    "12" : {
      "id" : "12",
      "region" : "f09619f2-2da2-4941-a2bd-5d704e37ded9",
      "cardId" : "200076",
      "name" : "Anarch Convert",
      "type" : "VAMPIRE",
      "clan" : "Caitiff"
    },
    "13" : {
      "id" : "13",
      "region" : "51fe8258-6a04-4a0b-bbe8-dfa4e2e92cd1",
      "cardId" : "102113",
      "name" : "Vessel",
      "type" : "NONE"
    },
    "14" : {
      "id" : "14",
      "region" : "51fe8258-6a04-4a0b-bbe8-dfa4e2e92cd1",
      "cardId" : "102113",
      "name" : "Vessel",
      "type" : "NONE"
    },
    "15" : {
      "id" : "15",
      "region" : "51fe8258-6a04-4a0b-bbe8-dfa4e2e92cd1",
      "cardId" : "102113",
      "name" : "Vessel",
      "type" : "NONE"
    },
    "16" : {
      "id" : "16",
      "region" : "51fe8258-6a04-4a0b-bbe8-dfa4e2e92cd1",
      "cardId" : "100019",
      "name" : "Acquired Ventrue Assets",
      "type" : "NONE"
    },
    "17" : {
      "id" : "17",
      "region" : "51fe8258-6a04-4a0b-bbe8-dfa4e2e92cd1",
      "cardId" : "100019",
      "name" : "Acquired Ventrue Assets",
      "type" : "NONE"
    },
    "18" : {
      "id" : "18",
      "region" : "1f86c973-156b-4aec-a0d2-ba9348bf5eff",
      "cardId" : "100019",
      "name" : "Acquired Ventrue Assets",
      "type" : "NONE"
    },
    "19" : {
      "id" : "19",
      "region" : "51fe8258-6a04-4a0b-bbe8-dfa4e2e92cd1",
      "cardId" : "100548",
      "name" : "Dis Pater",
      "type" : "NONE"
    },
    "360" : {
      "id" : "360",
      "region" : "7650000f-069f-4e4d-a815-c35f4f9dd28b",
      "cardId" : "101321",
      "name" : "On the Qui Vive",
      "type" : "NONE"
    },
    "361" : {
      "id" : "361",
      "region" : "7650000f-069f-4e4d-a815-c35f4f9dd28b",
      "cardId" : "101321",
      "name" : "On the Qui Vive",
      "type" : "NONE"
    },
    "240" : {
      "id" : "240",
      "region" : "d9ba0e88-e3b8-41d8-8024-673e10606fa9",
      "cardId" : "100845",
      "name" : "Govern the Unaligned",
      "type" : "NONE"
    },
    "362" : {
      "id" : "362",
      "region" : "7650000f-069f-4e4d-a815-c35f4f9dd28b",
      "cardId" : "100680",
      "name" : "Eyes of Argus",
      "type" : "NONE"
    },
    "241" : {
      "id" : "241",
      "region" : "4923a772-d1e6-4d83-b2fd-360c2e69de7b",
      "cardId" : "100845",
      "name" : "Govern the Unaligned",
      "type" : "NONE"
    },
    "120" : {
      "id" : "120",
      "region" : "d4700dcf-c892-4bf5-b277-068067da54c8",
      "cardId" : "100416",
      "name" : "Constant Revolution",
      "type" : "NONE"
    },
    "363" : {
      "id" : "363",
      "region" : "7650000f-069f-4e4d-a815-c35f4f9dd28b",
      "cardId" : "100680",
      "name" : "Eyes of Argus",
      "type" : "NONE"
    },
    "242" : {
      "id" : "242",
      "region" : "d9ba0e88-e3b8-41d8-8024-673e10606fa9",
      "cardId" : "100845",
      "name" : "Govern the Unaligned",
      "type" : "NONE"
    },
    "121" : {
      "id" : "121",
      "region" : "d4700dcf-c892-4bf5-b277-068067da54c8",
      "cardId" : "100952",
      "name" : "Illegalism",
      "type" : "NONE"
    },
    "364" : {
      "id" : "364",
      "region" : "7650000f-069f-4e4d-a815-c35f4f9dd28b",
      "cardId" : "100680",
      "name" : "Eyes of Argus",
      "type" : "NONE"
    },
    "243" : {
      "id" : "243",
      "region" : "d9ba0e88-e3b8-41d8-8024-673e10606fa9",
      "cardId" : "100845",
      "name" : "Govern the Unaligned",
      "type" : "NONE"
    },
    "122" : {
      "id" : "122",
      "region" : "cdfaafc8-fc00-4da0-8c40-05522f98b894",
      "cardId" : "100952",
      "name" : "Illegalism",
      "type" : "NONE"
    },
    "365" : {
      "id" : "365",
      "region" : "7650000f-069f-4e4d-a815-c35f4f9dd28b",
      "cardId" : "101850",
      "name" : "Spirit's Touch",
      "type" : "NONE"
    },
    "244" : {
      "id" : "244",
      "region" : "d9ba0e88-e3b8-41d8-8024-673e10606fa9",
      "cardId" : "101256",
      "name" : "Murmur of the False Will",
      "type" : "NONE"
    },
    "123" : {
      "id" : "123",
      "region" : "d4700dcf-c892-4bf5-b277-068067da54c8",
      "cardId" : "100952",
      "name" : "Illegalism",
      "type" : "NONE"
    },
    "366" : {
      "id" : "366",
      "region" : "7650000f-069f-4e4d-a815-c35f4f9dd28b",
      "cardId" : "101949",
      "name" : "Telepathic Misdirection",
      "type" : "NONE"
    },
    "245" : {
      "id" : "245",
      "region" : "d9ba0e88-e3b8-41d8-8024-673e10606fa9",
      "cardId" : "101256",
      "name" : "Murmur of the False Will",
      "type" : "NONE"
    },
    "124" : {
      "id" : "124",
      "region" : "d4700dcf-c892-4bf5-b277-068067da54c8",
      "cardId" : "100952",
      "name" : "Illegalism",
      "type" : "NONE"
    },
    "367" : {
      "id" : "367",
      "region" : "7650000f-069f-4e4d-a815-c35f4f9dd28b",
      "cardId" : "101949",
      "name" : "Telepathic Misdirection",
      "type" : "NONE"
    },
    "246" : {
      "id" : "246",
      "region" : "d9ba0e88-e3b8-41d8-8024-673e10606fa9",
      "cardId" : "101256",
      "name" : "Murmur of the False Will",
      "type" : "NONE"
    },
    "125" : {
      "id" : "125",
      "region" : "d4700dcf-c892-4bf5-b277-068067da54c8",
      "cardId" : "100952",
      "name" : "Illegalism",
      "type" : "NONE"
    },
    "368" : {
      "id" : "368",
      "region" : "628d5378-3023-483a-a750-a837ff227629",
      "cardId" : "101949",
      "name" : "Telepathic Misdirection",
      "type" : "NONE"
    },
    "247" : {
      "id" : "247",
      "region" : "d9ba0e88-e3b8-41d8-8024-673e10606fa9",
      "cardId" : "100401",
      "name" : "Conditioning",
      "type" : "NONE"
    },
    "126" : {
      "id" : "126",
      "region" : "d4700dcf-c892-4bf5-b277-068067da54c8",
      "cardId" : "100952",
      "name" : "Illegalism",
      "type" : "NONE"
    },
    "369" : {
      "id" : "369",
      "region" : "7650000f-069f-4e4d-a815-c35f4f9dd28b",
      "cardId" : "101949",
      "name" : "Telepathic Misdirection",
      "type" : "NONE"
    },
    "248" : {
      "id" : "248",
      "region" : "d9ba0e88-e3b8-41d8-8024-673e10606fa9",
      "cardId" : "100401",
      "name" : "Conditioning",
      "type" : "NONE"
    },
    "127" : {
      "id" : "127",
      "region" : "d4700dcf-c892-4bf5-b277-068067da54c8",
      "cardId" : "101085",
      "name" : "Legacy",
      "type" : "NONE"
    },
    "249" : {
      "id" : "249",
      "region" : "d9ba0e88-e3b8-41d8-8024-673e10606fa9",
      "cardId" : "100401",
      "name" : "Conditioning",
      "type" : "NONE"
    },
    "128" : {
      "id" : "128",
      "region" : "d4700dcf-c892-4bf5-b277-068067da54c8",
      "cardId" : "101085",
      "name" : "Legacy",
      "type" : "NONE"
    },
    "129" : {
      "id" : "129",
      "region" : "d4700dcf-c892-4bf5-b277-068067da54c8",
      "cardId" : "101085",
      "name" : "Legacy",
      "type" : "NONE"
    },
    "20" : {
      "id" : "20",
      "region" : "51fe8258-6a04-4a0b-bbe8-dfa4e2e92cd1",
      "cardId" : "101433",
      "name" : "Powerbase: Cape Verde",
      "type" : "NONE"
    },
    "21" : {
      "id" : "21",
      "region" : "51fe8258-6a04-4a0b-bbe8-dfa4e2e92cd1",
      "cardId" : "101401",
      "name" : "Piper",
      "type" : "NONE"
    },
    "22" : {
      "id" : "22",
      "region" : "51fe8258-6a04-4a0b-bbe8-dfa4e2e92cd1",
      "cardId" : "101401",
      "name" : "Piper",
      "type" : "NONE"
    },
    "23" : {
      "id" : "23",
      "region" : "51fe8258-6a04-4a0b-bbe8-dfa4e2e92cd1",
      "cardId" : "101401",
      "name" : "Piper",
      "type" : "NONE"
    },
    "24" : {
      "id" : "24",
      "region" : "51fe8258-6a04-4a0b-bbe8-dfa4e2e92cd1",
      "cardId" : "101112",
      "name" : "Liquidation",
      "type" : "NONE"
    },
    "25" : {
      "id" : "25",
      "region" : "ac17855f-7e34-4f70-a658-4bacc96cc893",
      "cardId" : "101112",
      "name" : "Liquidation",
      "type" : "NONE"
    },
    "26" : {
      "id" : "26",
      "region" : "51fe8258-6a04-4a0b-bbe8-dfa4e2e92cd1",
      "cardId" : "101112",
      "name" : "Liquidation",
      "type" : "NONE"
    },
    "27" : {
      "id" : "27",
      "region" : "51fe8258-6a04-4a0b-bbe8-dfa4e2e92cd1",
      "cardId" : "101019",
      "name" : "Jake Washington",
      "type" : "NONE"
    },
    "28" : {
      "id" : "28",
      "region" : "51fe8258-6a04-4a0b-bbe8-dfa4e2e92cd1",
      "cardId" : "101019",
      "name" : "Jake Washington",
      "type" : "NONE"
    },
    "29" : {
      "id" : "29",
      "region" : "51fe8258-6a04-4a0b-bbe8-dfa4e2e92cd1",
      "cardId" : "101019",
      "name" : "Jake Washington",
      "type" : "NONE"
    },
    "370" : {
      "id" : "370",
      "region" : "7650000f-069f-4e4d-a815-c35f4f9dd28b",
      "cardId" : "100249",
      "name" : "Breath of Thanatos",
      "type" : "NONE"
    },
    "371" : {
      "id" : "371",
      "region" : "7650000f-069f-4e4d-a815-c35f4f9dd28b",
      "cardId" : "100249",
      "name" : "Breath of Thanatos",
      "type" : "NONE"
    },
    "250" : {
      "id" : "250",
      "region" : "d9ba0e88-e3b8-41d8-8024-673e10606fa9",
      "cardId" : "100401",
      "name" : "Conditioning",
      "type" : "NONE"
    },
    "372" : {
      "id" : "372",
      "region" : "7650000f-069f-4e4d-a815-c35f4f9dd28b",
      "cardId" : "100249",
      "name" : "Breath of Thanatos",
      "type" : "NONE"
    },
    "251" : {
      "id" : "251",
      "region" : "d9ba0e88-e3b8-41d8-8024-673e10606fa9",
      "cardId" : "100401",
      "name" : "Conditioning",
      "type" : "NONE"
    },
    "130" : {
      "id" : "130",
      "region" : "d4700dcf-c892-4bf5-b277-068067da54c8",
      "cardId" : "100401",
      "name" : "Conditioning",
      "type" : "NONE"
    },
    "373" : {
      "id" : "373",
      "region" : "628d5378-3023-483a-a750-a837ff227629",
      "cardId" : "100249",
      "name" : "Breath of Thanatos",
      "type" : "NONE"
    },
    "252" : {
      "id" : "252",
      "region" : "d9ba0e88-e3b8-41d8-8024-673e10606fa9",
      "cardId" : "101712",
      "name" : "Seduction",
      "type" : "NONE"
    },
    "131" : {
      "id" : "131",
      "region" : "cdfaafc8-fc00-4da0-8c40-05522f98b894",
      "cardId" : "100401",
      "name" : "Conditioning",
      "type" : "NONE"
    },
    "374" : {
      "id" : "374",
      "region" : "7650000f-069f-4e4d-a815-c35f4f9dd28b",
      "cardId" : "100249",
      "name" : "Breath of Thanatos",
      "type" : "NONE"
    },
    "253" : {
      "id" : "253",
      "region" : "d9ba0e88-e3b8-41d8-8024-673e10606fa9",
      "cardId" : "101712",
      "name" : "Seduction",
      "type" : "NONE"
    },
    "132" : {
      "id" : "132",
      "region" : "d4700dcf-c892-4bf5-b277-068067da54c8",
      "cardId" : "100788",
      "name" : "Freak Drive",
      "type" : "NONE"
    },
    "254" : {
      "id" : "254",
      "region" : "4923a772-d1e6-4d83-b2fd-360c2e69de7b",
      "cardId" : "100788",
      "name" : "Freak Drive",
      "type" : "NONE"
    },
    "375" : {
      "id" : "375",
      "region" : "b695c8db-7fc2-494f-aa3e-0356b3c786e0",
      "cardId" : "200611",
      "name" : "Huitzilopochtli",
      "type" : "VAMPIRE",
      "clan" : "Baali"
    },
    "133" : {
      "id" : "133",
      "region" : "d4700dcf-c892-4bf5-b277-068067da54c8",
      "cardId" : "100788",
      "name" : "Freak Drive",
      "type" : "NONE"
    },
    "255" : {
      "id" : "255",
      "region" : "d9ba0e88-e3b8-41d8-8024-673e10606fa9",
      "cardId" : "100788",
      "name" : "Freak Drive",
      "type" : "NONE"
    },
    "376" : {
      "id" : "376",
      "region" : "b695c8db-7fc2-494f-aa3e-0356b3c786e0",
      "cardId" : "200611",
      "name" : "Huitzilopochtli",
      "type" : "VAMPIRE",
      "clan" : "Baali"
    },
    "134" : {
      "id" : "134",
      "region" : "d4700dcf-c892-4bf5-b277-068067da54c8",
      "cardId" : "100761",
      "name" : "Forced March",
      "type" : "NONE"
    },
    "256" : {
      "id" : "256",
      "region" : "d9ba0e88-e3b8-41d8-8024-673e10606fa9",
      "cardId" : "100788",
      "name" : "Freak Drive",
      "type" : "NONE"
    },
    "377" : {
      "id" : "377",
      "region" : "18cc0cac-64b5-4315-906b-9467974b589a",
      "cardId" : "200611",
      "name" : "Huitzilopochtli",
      "type" : "VAMPIRE",
      "clan" : "Baali"
    },
    "135" : {
      "id" : "135",
      "region" : "d4700dcf-c892-4bf5-b277-068067da54c8",
      "cardId" : "100761",
      "name" : "Forced March",
      "type" : "NONE"
    },
    "257" : {
      "id" : "257",
      "region" : "4923a772-d1e6-4d83-b2fd-360c2e69de7b",
      "cardId" : "100788",
      "name" : "Freak Drive",
      "type" : "NONE"
    },
    "378" : {
      "id" : "378",
      "region" : "b695c8db-7fc2-494f-aa3e-0356b3c786e0",
      "cardId" : "200611",
      "name" : "Huitzilopochtli",
      "type" : "VAMPIRE",
      "counters" : 4,
      "clan" : "Baali"
    },
    "136" : {
      "id" : "136",
      "region" : "d4700dcf-c892-4bf5-b277-068067da54c8",
      "cardId" : "100761",
      "name" : "Forced March",
      "type" : "NONE"
    },
    "258" : {
      "id" : "258",
      "region" : "d9ba0e88-e3b8-41d8-8024-673e10606fa9",
      "cardId" : "100788",
      "name" : "Freak Drive",
      "type" : "NONE"
    },
    "379" : {
      "id" : "379",
      "region" : "18cc0cac-64b5-4315-906b-9467974b589a",
      "cardId" : "200135",
      "name" : "Arika",
      "type" : "VAMPIRE",
      "votes" : "4",
      "title" : "inner circle",
      "clan" : "Ventrue"
    },
    "137" : {
      "id" : "137",
      "region" : "d4700dcf-c892-4bf5-b277-068067da54c8",
      "cardId" : "102205",
      "name" : "Zephyr",
      "type" : "NONE"
    },
    "259" : {
      "id" : "259",
      "region" : "d9ba0e88-e3b8-41d8-8024-673e10606fa9",
      "cardId" : "100788",
      "name" : "Freak Drive",
      "type" : "NONE"
    },
    "138" : {
      "id" : "138",
      "region" : "d4700dcf-c892-4bf5-b277-068067da54c8",
      "cardId" : "102205",
      "name" : "Zephyr",
      "type" : "NONE"
    },
    "139" : {
      "id" : "139",
      "region" : "d4700dcf-c892-4bf5-b277-068067da54c8",
      "cardId" : "101649",
      "name" : "Rolling with the Punches",
      "type" : "NONE"
    },
    "30" : {
      "id" : "30",
      "region" : "ac17855f-7e34-4f70-a658-4bacc96cc893",
      "cardId" : "101895",
      "name" : "Sudario Refraction",
      "type" : "NONE"
    },
    "31" : {
      "id" : "31",
      "region" : "51fe8258-6a04-4a0b-bbe8-dfa4e2e92cd1",
      "cardId" : "101895",
      "name" : "Sudario Refraction",
      "type" : "NONE"
    },
    "32" : {
      "id" : "32",
      "region" : "51fe8258-6a04-4a0b-bbe8-dfa4e2e92cd1",
      "cardId" : "101895",
      "name" : "Sudario Refraction",
      "type" : "NONE"
    },
    "33" : {
      "id" : "33",
      "region" : "51fe8258-6a04-4a0b-bbe8-dfa4e2e92cd1",
      "cardId" : "101895",
      "name" : "Sudario Refraction",
      "type" : "NONE"
    },
    "34" : {
      "id" : "34",
      "region" : "51fe8258-6a04-4a0b-bbe8-dfa4e2e92cd1",
      "cardId" : "101046",
      "name" : "Khazar's Diary (Endless Night)",
      "type" : "NONE"
    },
    "35" : {
      "id" : "35",
      "region" : "ac17855f-7e34-4f70-a658-4bacc96cc893",
      "cardId" : "101046",
      "name" : "Khazar's Diary (Endless Night)",
      "type" : "NONE"
    },
    "36" : {
      "id" : "36",
      "region" : "1f86c973-156b-4aec-a0d2-ba9348bf5eff",
      "cardId" : "101046",
      "name" : "Khazar's Diary (Endless Night)",
      "type" : "NONE"
    },
    "37" : {
      "id" : "37",
      "region" : "51fe8258-6a04-4a0b-bbe8-dfa4e2e92cd1",
      "cardId" : "101046",
      "name" : "Khazar's Diary (Endless Night)",
      "type" : "NONE"
    },
    "38" : {
      "id" : "38",
      "region" : "51fe8258-6a04-4a0b-bbe8-dfa4e2e92cd1",
      "cardId" : "101046",
      "name" : "Khazar's Diary (Endless Night)",
      "type" : "NONE"
    },
    "39" : {
      "id" : "39",
      "region" : "ac17855f-7e34-4f70-a658-4bacc96cc893",
      "cardId" : "101046",
      "name" : "Khazar's Diary (Endless Night)",
      "type" : "NONE"
    },
    "380" : {
      "id" : "380",
      "region" : "d57b8184-10cd-4d8c-b312-bdb48b515d49",
      "cardId" : "200135",
      "name" : "Arika",
      "locked" : true,
      "type" : "VAMPIRE",
      "capacity" : 11,
      "counters" : 9,
      "votes" : "4",
      "title" : "inner circle",
      "clan" : "Ventrue",
      "disciplines" : [ "OBF", "PRE", "DOM", "FOR", "cel", "aus" ]
    },
    "260" : {
      "id" : "260",
      "region" : "d9ba0e88-e3b8-41d8-8024-673e10606fa9",
      "cardId" : "100788",
      "name" : "Freak Drive",
      "type" : "NONE"
    },
    "381" : {
      "id" : "381",
      "region" : "18cc0cac-64b5-4315-906b-9467974b589a",
      "cardId" : "200135",
      "name" : "Arika",
      "type" : "VAMPIRE",
      "votes" : "4",
      "title" : "inner circle",
      "clan" : "Ventrue"
    },
    "261" : {
      "id" : "261",
      "region" : "d9ba0e88-e3b8-41d8-8024-673e10606fa9",
      "cardId" : "100788",
      "name" : "Freak Drive",
      "type" : "NONE"
    },
    "382" : {
      "id" : "382",
      "region" : "18cc0cac-64b5-4315-906b-9467974b589a",
      "cardId" : "200935",
      "name" : "Maris Streck",
      "type" : "VAMPIRE",
      "votes" : "3",
      "title" : "justicar",
      "clan" : "Malkavian"
    },
    "140" : {
      "id" : "140",
      "region" : "4f73046f-3e17-4f4a-88da-1772a99bee7d",
      "cardId" : "101649",
      "name" : "Rolling with the Punches",
      "type" : "NONE"
    },
    "262" : {
      "id" : "262",
      "region" : "d9ba0e88-e3b8-41d8-8024-673e10606fa9",
      "cardId" : "100492",
      "name" : "Daring the Dawn",
      "type" : "NONE"
    },
    "383" : {
      "id" : "383",
      "region" : "18cc0cac-64b5-4315-906b-9467974b589a",
      "cardId" : "200935",
      "name" : "Maris Streck",
      "type" : "VAMPIRE",
      "votes" : "3",
      "title" : "justicar",
      "clan" : "Malkavian"
    },
    "141" : {
      "id" : "141",
      "region" : "d4700dcf-c892-4bf5-b277-068067da54c8",
      "cardId" : "100704",
      "name" : "Fast Hands",
      "type" : "NONE"
    },
    "263" : {
      "id" : "263",
      "region" : "d9ba0e88-e3b8-41d8-8024-673e10606fa9",
      "cardId" : "100492",
      "name" : "Daring the Dawn",
      "type" : "NONE"
    },
    "384" : {
      "id" : "384",
      "region" : "18cc0cac-64b5-4315-906b-9467974b589a",
      "cardId" : "200935",
      "name" : "Maris Streck",
      "type" : "VAMPIRE",
      "votes" : "3",
      "title" : "justicar",
      "clan" : "Malkavian"
    },
    "142" : {
      "id" : "142",
      "region" : "d4700dcf-c892-4bf5-b277-068067da54c8",
      "cardId" : "100704",
      "name" : "Fast Hands",
      "type" : "NONE"
    },
    "264" : {
      "id" : "264",
      "region" : "d9ba0e88-e3b8-41d8-8024-673e10606fa9",
      "cardId" : "100492",
      "name" : "Daring the Dawn",
      "type" : "NONE"
    },
    "385" : {
      "id" : "385",
      "region" : "18cc0cac-64b5-4315-906b-9467974b589a",
      "cardId" : "200826",
      "name" : "Leandro",
      "type" : "VAMPIRE",
      "votes" : "4",
      "title" : "inner circle",
      "clan" : "Malkavian"
    },
    "143" : {
      "id" : "143",
      "region" : "d4700dcf-c892-4bf5-b277-068067da54c8",
      "cardId" : "100563",
      "name" : "Diversion",
      "type" : "NONE"
    },
    "265" : {
      "id" : "265",
      "region" : "9e9be076-62c3-4000-88b0-11d4b5f72ebc",
      "cardId" : "100492",
      "name" : "Daring the Dawn",
      "type" : "NONE"
    },
    "386" : {
      "id" : "386",
      "region" : "18cc0cac-64b5-4315-906b-9467974b589a",
      "cardId" : "200440",
      "name" : "Etrius",
      "type" : "VAMPIRE",
      "votes" : "4",
      "title" : "inner circle",
      "clan" : "Tremere"
    },
    "144" : {
      "id" : "144",
      "region" : "d4700dcf-c892-4bf5-b277-068067da54c8",
      "cardId" : "100563",
      "name" : "Diversion",
      "type" : "NONE"
    },
    "266" : {
      "id" : "266",
      "region" : "9e9be076-62c3-4000-88b0-11d4b5f72ebc",
      "cardId" : "100492",
      "name" : "Daring the Dawn",
      "type" : "NONE"
    },
    "387" : {
      "id" : "387",
      "region" : "235bd13b-d3b4-4cd3-b79f-4836429bf572",
      "cardId" : "101207",
      "name" : "Metro Underground",
      "type" : "NONE"
    },
    "145" : {
      "id" : "145",
      "region" : "d4700dcf-c892-4bf5-b277-068067da54c8",
      "cardId" : "100563",
      "name" : "Diversion",
      "type" : "NONE"
    },
    "267" : {
      "id" : "267",
      "region" : "d9ba0e88-e3b8-41d8-8024-673e10606fa9",
      "cardId" : "100492",
      "name" : "Daring the Dawn",
      "type" : "NONE"
    },
    "388" : {
      "id" : "388",
      "region" : "366078ff-e5b6-44d8-821e-e4aed93e490f",
      "cardId" : "102121",
      "name" : "Villein",
      "type" : "NONE"
    },
    "146" : {
      "id" : "146",
      "region" : "cdfaafc8-fc00-4da0-8c40-05522f98b894",
      "cardId" : "100563",
      "name" : "Diversion",
      "type" : "NONE"
    },
    "268" : {
      "id" : "268",
      "region" : "d9ba0e88-e3b8-41d8-8024-673e10606fa9",
      "cardId" : "100492",
      "name" : "Daring the Dawn",
      "type" : "NONE"
    },
    "389" : {
      "id" : "389",
      "region" : "366078ff-e5b6-44d8-821e-e4aed93e490f",
      "cardId" : "102121",
      "name" : "Villein",
      "type" : "NONE"
    },
    "147" : {
      "id" : "147",
      "region" : "d4700dcf-c892-4bf5-b277-068067da54c8",
      "cardId" : "100563",
      "name" : "Diversion",
      "type" : "NONE"
    },
    "269" : {
      "id" : "269",
      "region" : "d9ba0e88-e3b8-41d8-8024-673e10606fa9",
      "cardId" : "100492",
      "name" : "Daring the Dawn",
      "type" : "NONE"
    },
    "148" : {
      "id" : "148",
      "region" : "d4700dcf-c892-4bf5-b277-068067da54c8",
      "cardId" : "100563",
      "name" : "Diversion",
      "type" : "NONE"
    },
    "149" : {
      "id" : "149",
      "region" : "d4700dcf-c892-4bf5-b277-068067da54c8",
      "cardId" : "100563",
      "name" : "Diversion",
      "type" : "NONE"
    },
    "40" : {
      "id" : "40",
      "region" : "51fe8258-6a04-4a0b-bbe8-dfa4e2e92cd1",
      "cardId" : "101046",
      "name" : "Khazar's Diary (Endless Night)",
      "type" : "NONE"
    },
    "41" : {
      "id" : "41",
      "region" : "701de604-4a79-470e-a0fa-72521a85305c",
      "cardId" : "101046",
      "name" : "Khazar's Diary (Endless Night)",
      "type" : "NONE",
      "counters" : 1
    },
    "42" : {
      "id" : "42",
      "region" : "1f86c973-156b-4aec-a0d2-ba9348bf5eff",
      "cardId" : "101046",
      "name" : "Khazar's Diary (Endless Night)",
      "type" : "NONE"
    },
    "43" : {
      "id" : "43",
      "region" : "51fe8258-6a04-4a0b-bbe8-dfa4e2e92cd1",
      "cardId" : "100633",
      "name" : "Embrace, The",
      "type" : "NONE"
    },
    "44" : {
      "id" : "44",
      "region" : "51fe8258-6a04-4a0b-bbe8-dfa4e2e92cd1",
      "cardId" : "100633",
      "name" : "Embrace, The",
      "type" : "NONE"
    },
    "45" : {
      "id" : "45",
      "region" : "51fe8258-6a04-4a0b-bbe8-dfa4e2e92cd1",
      "cardId" : "100633",
      "name" : "Embrace, The",
      "type" : "NONE"
    },
    "46" : {
      "id" : "46",
      "region" : "ac17855f-7e34-4f70-a658-4bacc96cc893",
      "cardId" : "100633",
      "name" : "Embrace, The",
      "type" : "NONE"
    },
    "47" : {
      "id" : "47",
      "region" : "51fe8258-6a04-4a0b-bbe8-dfa4e2e92cd1",
      "cardId" : "100633",
      "name" : "Embrace, The",
      "type" : "NONE"
    },
    "48" : {
      "id" : "48",
      "region" : "51fe8258-6a04-4a0b-bbe8-dfa4e2e92cd1",
      "cardId" : "100633",
      "name" : "Embrace, The",
      "type" : "NONE"
    },
    "49" : {
      "id" : "49",
      "region" : "1f86c973-156b-4aec-a0d2-ba9348bf5eff",
      "cardId" : "100323",
      "name" : "Change of Target",
      "type" : "NONE"
    },
    "390" : {
      "id" : "390",
      "region" : "366078ff-e5b6-44d8-821e-e4aed93e490f",
      "cardId" : "102121",
      "name" : "Villein",
      "type" : "NONE"
    },
    "270" : {
      "id" : "270",
      "region" : "d9ba0e88-e3b8-41d8-8024-673e10606fa9",
      "cardId" : "100065",
      "name" : "Ancilla Empowerment",
      "type" : "NONE"
    },
    "391" : {
      "id" : "391",
      "region" : "366078ff-e5b6-44d8-821e-e4aed93e490f",
      "cardId" : "102121",
      "name" : "Villein",
      "type" : "NONE"
    },
    "271" : {
      "id" : "271",
      "region" : "d9ba0e88-e3b8-41d8-8024-673e10606fa9",
      "cardId" : "101591",
      "name" : "Reins of Power",
      "type" : "NONE"
    },
    "392" : {
      "id" : "392",
      "region" : "366078ff-e5b6-44d8-821e-e4aed93e490f",
      "cardId" : "102121",
      "name" : "Villein",
      "type" : "NONE"
    },
    "150" : {
      "id" : "150",
      "region" : "d4700dcf-c892-4bf5-b277-068067da54c8",
      "cardId" : "100563",
      "name" : "Diversion",
      "type" : "NONE"
    },
    "272" : {
      "id" : "272",
      "region" : "d9ba0e88-e3b8-41d8-8024-673e10606fa9",
      "cardId" : "101417",
      "name" : "Political Stranglehold",
      "type" : "NONE"
    },
    "393" : {
      "id" : "393",
      "region" : "366078ff-e5b6-44d8-821e-e4aed93e490f",
      "cardId" : "102121",
      "name" : "Villein",
      "type" : "NONE"
    },
    "151" : {
      "id" : "151",
      "region" : "d4700dcf-c892-4bf5-b277-068067da54c8",
      "cardId" : "100563",
      "name" : "Diversion",
      "type" : "NONE"
    },
    "273" : {
      "id" : "273",
      "region" : "d9ba0e88-e3b8-41d8-8024-673e10606fa9",
      "cardId" : "100059",
      "name" : "Anarchist Uprising",
      "type" : "NONE"
    },
    "394" : {
      "id" : "394",
      "region" : "235bd13b-d3b4-4cd3-b79f-4836429bf572",
      "cardId" : "100824",
      "name" : "Giant's Blood",
      "type" : "NONE"
    },
    "152" : {
      "id" : "152",
      "region" : "cdfaafc8-fc00-4da0-8c40-05522f98b894",
      "cardId" : "102071",
      "name" : "Unflinching Persistence",
      "type" : "NONE"
    },
    "274" : {
      "id" : "274",
      "region" : "d9ba0e88-e3b8-41d8-8024-673e10606fa9",
      "cardId" : "102270",
      "name" : "Camarilla's Iron Fist",
      "type" : "NONE"
    },
    "395" : {
      "id" : "395",
      "region" : "366078ff-e5b6-44d8-821e-e4aed93e490f",
      "cardId" : "100984",
      "name" : "Information Highway",
      "type" : "NONE"
    },
    "153" : {
      "id" : "153",
      "region" : "d4700dcf-c892-4bf5-b277-068067da54c8",
      "cardId" : "102071",
      "name" : "Unflinching Persistence",
      "type" : "NONE"
    },
    "275" : {
      "id" : "275",
      "region" : "9e9be076-62c3-4000-88b0-11d4b5f72ebc",
      "cardId" : "102270",
      "name" : "Camarilla's Iron Fist",
      "type" : "NONE"
    },
    "396" : {
      "id" : "396",
      "region" : "366078ff-e5b6-44d8-821e-e4aed93e490f",
      "cardId" : "100984",
      "name" : "Information Highway",
      "type" : "NONE"
    },
    "154" : {
      "id" : "154",
      "region" : "d4700dcf-c892-4bf5-b277-068067da54c8",
      "cardId" : "101942",
      "name" : "Target Vitals",
      "type" : "NONE"
    },
    "276" : {
      "id" : "276",
      "region" : "9e9be076-62c3-4000-88b0-11d4b5f72ebc",
      "cardId" : "102270",
      "name" : "Camarilla's Iron Fist",
      "type" : "NONE"
    },
    "397" : {
      "id" : "397",
      "region" : "366078ff-e5b6-44d8-821e-e4aed93e490f",
      "cardId" : "101384",
      "name" : "Pentex(TM) Subversion",
      "type" : "NONE"
    },
    "155" : {
      "id" : "155",
      "region" : "d4700dcf-c892-4bf5-b277-068067da54c8",
      "cardId" : "101942",
      "name" : "Target Vitals",
      "type" : "NONE"
    },
    "277" : {
      "id" : "277",
      "region" : "d9ba0e88-e3b8-41d8-8024-673e10606fa9",
      "cardId" : "102270",
      "name" : "Camarilla's Iron Fist",
      "type" : "NONE"
    },
    "398" : {
      "id" : "398",
      "region" : "366078ff-e5b6-44d8-821e-e4aed93e490f",
      "cardId" : "101355",
      "name" : "Parthenon, The",
      "type" : "NONE"
    },
    "156" : {
      "id" : "156",
      "region" : "cdfaafc8-fc00-4da0-8c40-05522f98b894",
      "cardId" : "101942",
      "name" : "Target Vitals",
      "type" : "NONE"
    },
    "278" : {
      "id" : "278",
      "region" : "d9ba0e88-e3b8-41d8-8024-673e10606fa9",
      "cardId" : "102270",
      "name" : "Camarilla's Iron Fist",
      "type" : "NONE"
    },
    "399" : {
      "id" : "399",
      "region" : "366078ff-e5b6-44d8-821e-e4aed93e490f",
      "cardId" : "100058",
      "name" : "Anarch Troublemaker",
      "type" : "NONE"
    },
    "157" : {
      "id" : "157",
      "region" : "d4700dcf-c892-4bf5-b277-068067da54c8",
      "cardId" : "101942",
      "name" : "Target Vitals",
      "type" : "NONE"
    },
    "279" : {
      "id" : "279",
      "region" : "d9ba0e88-e3b8-41d8-8024-673e10606fa9",
      "cardId" : "102270",
      "name" : "Camarilla's Iron Fist",
      "type" : "NONE"
    },
    "158" : {
      "id" : "158",
      "region" : "d4700dcf-c892-4bf5-b277-068067da54c8",
      "cardId" : "101942",
      "name" : "Target Vitals",
      "type" : "NONE"
    },
    "159" : {
      "id" : "159",
      "region" : "4f73046f-3e17-4f4a-88da-1772a99bee7d",
      "cardId" : "101942",
      "name" : "Target Vitals",
      "type" : "NONE"
    },
    "50" : {
      "id" : "50",
      "region" : "1f86c973-156b-4aec-a0d2-ba9348bf5eff",
      "cardId" : "100323",
      "name" : "Change of Target",
      "type" : "NONE"
    },
    "51" : {
      "id" : "51",
      "region" : "51fe8258-6a04-4a0b-bbe8-dfa4e2e92cd1",
      "cardId" : "100279",
      "name" : "Call of the Hungry Dead",
      "type" : "NONE"
    },
    "52" : {
      "id" : "52",
      "region" : "1f86c973-156b-4aec-a0d2-ba9348bf5eff",
      "cardId" : "100279",
      "name" : "Call of the Hungry Dead",
      "type" : "NONE"
    },
    "53" : {
      "id" : "53",
      "region" : "ac17855f-7e34-4f70-a658-4bacc96cc893",
      "cardId" : "100279",
      "name" : "Call of the Hungry Dead",
      "type" : "NONE"
    },
    "54" : {
      "id" : "54",
      "region" : "ac17855f-7e34-4f70-a658-4bacc96cc893",
      "cardId" : "100279",
      "name" : "Call of the Hungry Dead",
      "type" : "NONE"
    },
    "55" : {
      "id" : "55",
      "region" : "ac17855f-7e34-4f70-a658-4bacc96cc893",
      "cardId" : "100279",
      "name" : "Call of the Hungry Dead",
      "type" : "NONE"
    },
    "56" : {
      "id" : "56",
      "region" : "1f86c973-156b-4aec-a0d2-ba9348bf5eff",
      "cardId" : "100279",
      "name" : "Call of the Hungry Dead",
      "type" : "NONE"
    },
    "57" : {
      "id" : "57",
      "region" : "701de604-4a79-470e-a0fa-72521a85305c",
      "cardId" : "100832",
      "name" : "Giulia Giovanni Abruzzina",
      "type" : "ALLY",
      "counters" : 1
    },
    "58" : {
      "id" : "58",
      "region" : "51fe8258-6a04-4a0b-bbe8-dfa4e2e92cd1",
      "cardId" : "100579",
      "name" : "Draeven Softfoot",
      "type" : "ALLY"
    },
    "59" : {
      "id" : "59",
      "region" : "ac17855f-7e34-4f70-a658-4bacc96cc893",
      "cardId" : "100579",
      "name" : "Draeven Softfoot",
      "type" : "ALLY"
    },
    "280" : {
      "id" : "280",
      "region" : "4923a772-d1e6-4d83-b2fd-360c2e69de7b",
      "cardId" : "101309",
      "name" : "Obedience",
      "type" : "NONE"
    },
    "281" : {
      "id" : "281",
      "region" : "d9ba0e88-e3b8-41d8-8024-673e10606fa9",
      "cardId" : "101309",
      "name" : "Obedience",
      "type" : "NONE"
    },
    "160" : {
      "id" : "160",
      "region" : "d4700dcf-c892-4bf5-b277-068067da54c8",
      "cardId" : "101942",
      "name" : "Target Vitals",
      "type" : "NONE"
    },
    "282" : {
      "id" : "282",
      "region" : "4923a772-d1e6-4d83-b2fd-360c2e69de7b",
      "cardId" : "101309",
      "name" : "Obedience",
      "type" : "NONE"
    },
    "161" : {
      "id" : "161",
      "region" : "d4700dcf-c892-4bf5-b277-068067da54c8",
      "cardId" : "101942",
      "name" : "Target Vitals",
      "type" : "NONE"
    },
    "283" : {
      "id" : "283",
      "region" : "4cd0f771-a52f-42cc-97cf-ed0cd3957791",
      "cardId" : "200019",
      "name" : "Agaitas, The Scholar of Antiquities",
      "type" : "VAMPIRE",
      "clan" : "Harbinger of Skulls"
    },
    "162" : {
      "id" : "162",
      "region" : "d4700dcf-c892-4bf5-b277-068067da54c8",
      "cardId" : "101942",
      "name" : "Target Vitals",
      "type" : "NONE"
    },
    "284" : {
      "id" : "284",
      "region" : "85305fc9-8506-43e3-b20e-c5e64019bf33",
      "cardId" : "200434",
      "name" : "Erlik",
      "type" : "VAMPIRE",
      "capacity" : 10,
      "counters" : 6,
      "clan" : "Harbinger of Skulls",
      "disciplines" : [ "FOR", "CEL", "THN", "NEC", "AUS" ]
    },
    "163" : {
      "id" : "163",
      "region" : "d4700dcf-c892-4bf5-b277-068067da54c8",
      "cardId" : "100918",
      "name" : "Hidden Strength",
      "type" : "NONE"
    },
    "285" : {
      "id" : "285",
      "region" : "75808e02-56e6-4a86-86de-0d80e89210c5",
      "cardId" : "200434",
      "name" : "Erlik",
      "type" : "VAMPIRE",
      "clan" : "Harbinger of Skulls"
    },
    "164" : {
      "id" : "164",
      "region" : "d4700dcf-c892-4bf5-b277-068067da54c8",
      "cardId" : "100918",
      "name" : "Hidden Strength",
      "type" : "NONE"
    },
    "286" : {
      "id" : "286",
      "region" : "4cd0f771-a52f-42cc-97cf-ed0cd3957791",
      "cardId" : "200434",
      "name" : "Erlik",
      "type" : "VAMPIRE",
      "clan" : "Harbinger of Skulls"
    },
    "165" : {
      "id" : "165",
      "region" : "d4700dcf-c892-4bf5-b277-068067da54c8",
      "cardId" : "102169",
      "name" : "Weighted Walking Stick",
      "type" : "NONE"
    },
    "287" : {
      "id" : "287",
      "region" : "4cd0f771-a52f-42cc-97cf-ed0cd3957791",
      "cardId" : "200096",
      "name" : "Anisa Marianna Lopez",
      "type" : "VAMPIRE",
      "clan" : "Harbinger of Skulls"
    },
    "166" : {
      "id" : "166",
      "region" : "d4700dcf-c892-4bf5-b277-068067da54c8",
      "cardId" : "102169",
      "name" : "Weighted Walking Stick",
      "type" : "NONE"
    },
    "288" : {
      "id" : "288",
      "region" : "4cd0f771-a52f-42cc-97cf-ed0cd3957791",
      "cardId" : "200992",
      "name" : "Mina Grotius",
      "type" : "VAMPIRE",
      "clan" : "Harbinger of Skulls"
    },
    "167" : {
      "id" : "167",
      "region" : "d4700dcf-c892-4bf5-b277-068067da54c8",
      "cardId" : "102169",
      "name" : "Weighted Walking Stick",
      "type" : "NONE"
    },
    "289" : {
      "id" : "289",
      "region" : "4cd0f771-a52f-42cc-97cf-ed0cd3957791",
      "cardId" : "200405",
      "name" : "Egothha",
      "type" : "VAMPIRE",
      "clan" : "Harbinger of Skulls"
    },
    "168" : {
      "id" : "168",
      "region" : "d4700dcf-c892-4bf5-b277-068067da54c8",
      "cardId" : "102169",
      "name" : "Weighted Walking Stick",
      "type" : "NONE"
    },
    "169" : {
      "id" : "169",
      "region" : "d4700dcf-c892-4bf5-b277-068067da54c8",
      "cardId" : "102169",
      "name" : "Weighted Walking Stick",
      "type" : "NONE"
    },
    "60" : {
      "id" : "60",
      "region" : "51fe8258-6a04-4a0b-bbe8-dfa4e2e92cd1",
      "cardId" : "100579",
      "name" : "Draeven Softfoot",
      "type" : "ALLY"
    },
    "61" : {
      "id" : "61",
      "region" : "51fe8258-6a04-4a0b-bbe8-dfa4e2e92cd1",
      "cardId" : "100579",
      "name" : "Draeven Softfoot",
      "type" : "ALLY"
    },
    "62" : {
      "id" : "62",
      "region" : "51fe8258-6a04-4a0b-bbe8-dfa4e2e92cd1",
      "cardId" : "100579",
      "name" : "Draeven Softfoot",
      "type" : "ALLY"
    },
    "63" : {
      "id" : "63",
      "region" : "ac17855f-7e34-4f70-a658-4bacc96cc893",
      "cardId" : "100579",
      "name" : "Draeven Softfoot",
      "type" : "ALLY"
    },
    "64" : {
      "id" : "64",
      "region" : "51fe8258-6a04-4a0b-bbe8-dfa4e2e92cd1",
      "cardId" : "100579",
      "name" : "Draeven Softfoot",
      "type" : "ALLY"
    },
    "65" : {
      "id" : "65",
      "region" : "ac17855f-7e34-4f70-a658-4bacc96cc893",
      "cardId" : "100823",
      "name" : "Gianna di Canneto",
      "type" : "ALLY"
    },
    "66" : {
      "id" : "66",
      "region" : "51fe8258-6a04-4a0b-bbe8-dfa4e2e92cd1",
      "cardId" : "100475",
      "name" : "Cry Wolf",
      "type" : "ALLY"
    },
    "67" : {
      "id" : "67",
      "region" : "51fe8258-6a04-4a0b-bbe8-dfa4e2e92cd1",
      "cardId" : "100475",
      "name" : "Cry Wolf",
      "type" : "ALLY"
    },
    "68" : {
      "id" : "68",
      "region" : "51fe8258-6a04-4a0b-bbe8-dfa4e2e92cd1",
      "cardId" : "100475",
      "name" : "Cry Wolf",
      "type" : "ALLY"
    },
    "69" : {
      "id" : "69",
      "region" : "51fe8258-6a04-4a0b-bbe8-dfa4e2e92cd1",
      "cardId" : "100475",
      "name" : "Cry Wolf",
      "type" : "ALLY"
    },
    "290" : {
      "id" : "290",
      "region" : "85305fc9-8506-43e3-b20e-c5e64019bf33",
      "cardId" : "200405",
      "name" : "Egothha",
      "type" : "VAMPIRE",
      "capacity" : 7,
      "counters" : 7,
      "clan" : "Harbinger of Skulls",
      "disciplines" : [ "obf", "FOR", "NEC", "AUS" ]
    },
    "291" : {
      "id" : "291",
      "region" : "75808e02-56e6-4a86-86de-0d80e89210c5",
      "cardId" : "201412",
      "name" : "Unre, Keeper of Golgotha",
      "type" : "VAMPIRE",
      "votes" : "1",
      "title" : "bishop",
      "clan" : "Harbinger of Skulls"
    },
    "170" : {
      "id" : "170",
      "parent" : "98",
      "region" : "0b1ddee1-8a24-431a-b8ba-2cbf081b39c9",
      "cardId" : "102169",
      "name" : "Weighted Walking Stick",
      "type" : "NONE",
      "counters" : 5
    },
    "292" : {
      "id" : "292",
      "region" : "4cd0f771-a52f-42cc-97cf-ed0cd3957791",
      "cardId" : "200522",
      "name" : "Gisela Harden, The Winnower",
      "type" : "VAMPIRE",
      "votes" : "P",
      "title" : "priscus",
      "clan" : "Harbinger of Skulls"
    },
    "171" : {
      "id" : "171",
      "region" : "d4700dcf-c892-4bf5-b277-068067da54c8",
      "cardId" : "102169",
      "name" : "Weighted Walking Stick",
      "type" : "NONE"
    },
    "293" : {
      "id" : "293",
      "region" : "4cd0f771-a52f-42cc-97cf-ed0cd3957791",
      "cardId" : "200428",
      "name" : "Erebus",
      "type" : "VAMPIRE",
      "clan" : "Harbinger of Skulls"
    },
    "172" : {
      "id" : "172",
      "region" : "d4700dcf-c892-4bf5-b277-068067da54c8",
      "cardId" : "102169",
      "name" : "Weighted Walking Stick",
      "type" : "NONE"
    },
    "294" : {
      "id" : "294",
      "region" : "4cd0f771-a52f-42cc-97cf-ed0cd3957791",
      "cardId" : "200428",
      "name" : "Erebus",
      "type" : "VAMPIRE",
      "clan" : "Harbinger of Skulls"
    },
    "173" : {
      "id" : "173",
      "region" : "cdfaafc8-fc00-4da0-8c40-05522f98b894",
      "cardId" : "102169",
      "name" : "Weighted Walking Stick",
      "type" : "NONE"
    },
    "295" : {
      "id" : "295",
      "region" : "7650000f-069f-4e4d-a815-c35f4f9dd28b",
      "cardId" : "102113",
      "name" : "Vessel",
      "type" : "NONE"
    },
    "174" : {
      "id" : "174",
      "region" : "d4700dcf-c892-4bf5-b277-068067da54c8",
      "cardId" : "101817",
      "name" : "Soak",
      "type" : "NONE"
    },
    "296" : {
      "id" : "296",
      "region" : "628d5378-3023-483a-a750-a837ff227629",
      "cardId" : "101536",
      "name" : "Rack, The",
      "type" : "NONE"
    },
    "175" : {
      "id" : "175",
      "region" : "cdfaafc8-fc00-4da0-8c40-05522f98b894",
      "cardId" : "101817",
      "name" : "Soak",
      "type" : "NONE"
    },
    "297" : {
      "id" : "297",
      "region" : "7650000f-069f-4e4d-a815-c35f4f9dd28b",
      "cardId" : "102121",
      "name" : "Villein",
      "type" : "NONE"
    },
    "176" : {
      "id" : "176",
      "region" : "d4700dcf-c892-4bf5-b277-068067da54c8",
      "cardId" : "100868",
      "name" : "Guardian Vigil",
      "type" : "NONE"
    },
    "298" : {
      "id" : "298",
      "region" : "7650000f-069f-4e4d-a815-c35f4f9dd28b",
      "cardId" : "102121",
      "name" : "Villein",
      "type" : "NONE"
    },
    "177" : {
      "id" : "177",
      "region" : "d4700dcf-c892-4bf5-b277-068067da54c8",
      "cardId" : "100868",
      "name" : "Guardian Vigil",
      "type" : "NONE"
    },
    "299" : {
      "id" : "299",
      "region" : "628d5378-3023-483a-a750-a837ff227629",
      "cardId" : "102121",
      "name" : "Villein",
      "type" : "NONE"
    },
    "178" : {
      "id" : "178",
      "region" : "4f73046f-3e17-4f4a-88da-1772a99bee7d",
      "cardId" : "100868",
      "name" : "Guardian Vigil",
      "type" : "NONE"
    },
    "179" : {
      "id" : "179",
      "region" : "d4700dcf-c892-4bf5-b277-068067da54c8",
      "cardId" : "100868",
      "name" : "Guardian Vigil",
      "type" : "NONE"
    },
    "70" : {
      "id" : "70",
      "region" : "51fe8258-6a04-4a0b-bbe8-dfa4e2e92cd1",
      "cardId" : "100475",
      "name" : "Cry Wolf",
      "type" : "ALLY"
    },
    "71" : {
      "id" : "71",
      "region" : "51fe8258-6a04-4a0b-bbe8-dfa4e2e92cd1",
      "cardId" : "100475",
      "name" : "Cry Wolf",
      "type" : "ALLY"
    },
    "72" : {
      "id" : "72",
      "region" : "51fe8258-6a04-4a0b-bbe8-dfa4e2e92cd1",
      "cardId" : "100475",
      "name" : "Cry Wolf",
      "type" : "ALLY"
    },
    "73" : {
      "id" : "73",
      "region" : "51fe8258-6a04-4a0b-bbe8-dfa4e2e92cd1",
      "cardId" : "100298",
      "name" : "Carlton Van Wyk",
      "type" : "ALLY"
    },
    "74" : {
      "id" : "74",
      "region" : "701de604-4a79-470e-a0fa-72521a85305c",
      "cardId" : "100709",
      "name" : "FBI Special Affairs Division",
      "type" : "EVENT"
    },
    "75" : {
      "id" : "75",
      "region" : "51fe8258-6a04-4a0b-bbe8-dfa4e2e92cd1",
      "cardId" : "102079",
      "name" : "Unmasking, The",
      "type" : "EVENT"
    },
    "76" : {
      "id" : "76",
      "region" : "51fe8258-6a04-4a0b-bbe8-dfa4e2e92cd1",
      "cardId" : "102079",
      "name" : "Unmasking, The",
      "type" : "EVENT"
    },
    "77" : {
      "id" : "77",
      "region" : "51fe8258-6a04-4a0b-bbe8-dfa4e2e92cd1",
      "cardId" : "100519",
      "name" : "Delaying Tactics",
      "type" : "NONE"
    },
    "78" : {
      "id" : "78",
      "region" : "51fe8258-6a04-4a0b-bbe8-dfa4e2e92cd1",
      "cardId" : "100519",
      "name" : "Delaying Tactics",
      "type" : "NONE"
    },
    "79" : {
      "id" : "79",
      "region" : "ac17855f-7e34-4f70-a658-4bacc96cc893",
      "cardId" : "100518",
      "name" : "Deflection",
      "type" : "NONE"
    },
    "180" : {
      "id" : "180",
      "region" : "d4700dcf-c892-4bf5-b277-068067da54c8",
      "cardId" : "100868",
      "name" : "Guardian Vigil",
      "type" : "NONE"
    },
    "181" : {
      "id" : "181",
      "region" : "d4700dcf-c892-4bf5-b277-068067da54c8",
      "cardId" : "100868",
      "name" : "Guardian Vigil",
      "type" : "NONE"
    },
    "182" : {
      "id" : "182",
      "region" : "d4700dcf-c892-4bf5-b277-068067da54c8",
      "cardId" : "100868",
      "name" : "Guardian Vigil",
      "type" : "NONE"
    },
    "183" : {
      "id" : "183",
      "region" : "d4700dcf-c892-4bf5-b277-068067da54c8",
      "cardId" : "100868",
      "name" : "Guardian Vigil",
      "type" : "NONE"
    },
    "184" : {
      "id" : "184",
      "region" : "d4700dcf-c892-4bf5-b277-068067da54c8",
      "cardId" : "100868",
      "name" : "Guardian Vigil",
      "type" : "NONE"
    },
    "185" : {
      "id" : "185",
      "region" : "d4700dcf-c892-4bf5-b277-068067da54c8",
      "cardId" : "100868",
      "name" : "Guardian Vigil",
      "type" : "NONE"
    },
    "186" : {
      "id" : "186",
      "region" : "d4700dcf-c892-4bf5-b277-068067da54c8",
      "cardId" : "102230",
      "name" : "Organized Resistance",
      "type" : "NONE"
    },
    "187" : {
      "id" : "187",
      "region" : "d4700dcf-c892-4bf5-b277-068067da54c8",
      "cardId" : "102230",
      "name" : "Organized Resistance",
      "type" : "NONE"
    },
    "188" : {
      "id" : "188",
      "region" : "d4700dcf-c892-4bf5-b277-068067da54c8",
      "cardId" : "102230",
      "name" : "Organized Resistance",
      "type" : "NONE"
    },
    "189" : {
      "id" : "189",
      "region" : "d4700dcf-c892-4bf5-b277-068067da54c8",
      "cardId" : "101501",
      "name" : "Protection Racket",
      "type" : "NONE"
    },
    "80" : {
      "id" : "80",
      "region" : "51fe8258-6a04-4a0b-bbe8-dfa4e2e92cd1",
      "cardId" : "100518",
      "name" : "Deflection",
      "type" : "NONE"
    },
    "81" : {
      "id" : "81",
      "region" : "ac17855f-7e34-4f70-a658-4bacc96cc893",
      "cardId" : "100518",
      "name" : "Deflection",
      "type" : "NONE"
    },
    "82" : {
      "id" : "82",
      "region" : "51fe8258-6a04-4a0b-bbe8-dfa4e2e92cd1",
      "cardId" : "100518",
      "name" : "Deflection",
      "type" : "NONE"
    },
    "83" : {
      "id" : "83",
      "region" : "ac17855f-7e34-4f70-a658-4bacc96cc893",
      "cardId" : "100518",
      "name" : "Deflection",
      "type" : "NONE"
    },
    "84" : {
      "id" : "84",
      "region" : "51fe8258-6a04-4a0b-bbe8-dfa4e2e92cd1",
      "cardId" : "100518",
      "name" : "Deflection",
      "type" : "NONE"
    },
    "85" : {
      "id" : "85",
      "region" : "51fe8258-6a04-4a0b-bbe8-dfa4e2e92cd1",
      "cardId" : "101321",
      "name" : "On the Qui Vive",
      "type" : "NONE"
    },
    "86" : {
      "id" : "86",
      "region" : "51fe8258-6a04-4a0b-bbe8-dfa4e2e92cd1",
      "cardId" : "101321",
      "name" : "On the Qui Vive",
      "type" : "NONE"
    },
    "87" : {
      "id" : "87",
      "region" : "51fe8258-6a04-4a0b-bbe8-dfa4e2e92cd1",
      "cardId" : "101321",
      "name" : "On the Qui Vive",
      "type" : "NONE"
    },
    "88" : {
      "id" : "88",
      "region" : "51fe8258-6a04-4a0b-bbe8-dfa4e2e92cd1",
      "cardId" : "100249",
      "name" : "Breath of Thanatos",
      "type" : "NONE"
    },
    "89" : {
      "id" : "89",
      "region" : "51fe8258-6a04-4a0b-bbe8-dfa4e2e92cd1",
      "cardId" : "100249",
      "name" : "Breath of Thanatos",
      "type" : "NONE"
    },
    "190" : {
      "id" : "190",
      "region" : "4f73046f-3e17-4f4a-88da-1772a99bee7d",
      "cardId" : "101501",
      "name" : "Protection Racket",
      "type" : "NONE"
    },
    "191" : {
      "id" : "191",
      "region" : "d4700dcf-c892-4bf5-b277-068067da54c8",
      "cardId" : "101501",
      "name" : "Protection Racket",
      "type" : "NONE"
    },
    "192" : {
      "id" : "192",
      "region" : "cabc2968-411e-44dd-a51e-1017832be600",
      "cardId" : "200450",
      "name" : "Ezmerelda",
      "type" : "VAMPIRE",
      "votes" : "2",
      "title" : "2 votes",
      "clan" : "Ravnos"
    },
    "193" : {
      "id" : "193",
      "region" : "cabc2968-411e-44dd-a51e-1017832be600",
      "cardId" : "201312",
      "name" : "Stanislava",
      "type" : "VAMPIRE",
      "votes" : "4",
      "title" : "inner circle",
      "clan" : "Gangrel"
    },
    "194" : {
      "id" : "194",
      "region" : "cabc2968-411e-44dd-a51e-1017832be600",
      "cardId" : "201312",
      "name" : "Stanislava",
      "type" : "VAMPIRE",
      "votes" : "4",
      "title" : "inner circle",
      "clan" : "Gangrel"
    },
    "195" : {
      "id" : "195",
      "region" : "fc348240-1ad5-4eff-8ec3-4d0d5e8f29f8",
      "cardId" : "201312",
      "name" : "Stanislava",
      "locked" : true,
      "type" : "VAMPIRE",
      "capacity" : 11,
      "counters" : 9,
      "votes" : "4",
      "title" : "inner circle",
      "clan" : "Gangrel",
      "disciplines" : [ "DOM", "FOR", "CEL", "ANI", "PRO" ]
    },
    "196" : {
      "id" : "196",
      "region" : "cabc2968-411e-44dd-a51e-1017832be600",
      "cardId" : "200135",
      "name" : "Arika",
      "type" : "VAMPIRE",
      "votes" : "4",
      "title" : "inner circle",
      "clan" : "Ventrue"
    },
    "197" : {
      "id" : "197",
      "region" : "a46b31a4-7484-4c02-a3a2-c809f908b970",
      "cardId" : "200135",
      "name" : "Arika",
      "type" : "VAMPIRE",
      "votes" : "4",
      "title" : "inner circle",
      "clan" : "Ventrue"
    },
    "198" : {
      "id" : "198",
      "region" : "a46b31a4-7484-4c02-a3a2-c809f908b970",
      "cardId" : "200635",
      "name" : "Ingrid Russo",
      "type" : "VAMPIRE",
      "counters" : 3,
      "clan" : "Ventrue antitribu"
    },
    "199" : {
      "id" : "199",
      "region" : "cabc2968-411e-44dd-a51e-1017832be600",
      "cardId" : "201001",
      "name" : "Mithras",
      "type" : "VAMPIRE",
      "clan" : "Ventrue"
    },
    "90" : {
      "id" : "90",
      "region" : "b8999c63-d079-4d60-adea-19f1737ebc5f",
      "cardId" : "200724",
      "name" : "Joseph O'Grady",
      "type" : "VAMPIRE",
      "clan" : "Ventrue antitribu"
    },
    "91" : {
      "id" : "91",
      "region" : "b8999c63-d079-4d60-adea-19f1737ebc5f",
      "cardId" : "200724",
      "name" : "Joseph O'Grady",
      "type" : "VAMPIRE",
      "clan" : "Ventrue antitribu"
    },
    "92" : {
      "id" : "92",
      "region" : "b8999c63-d079-4d60-adea-19f1737ebc5f",
      "cardId" : "200395",
      "name" : "Dylan",
      "type" : "VAMPIRE",
      "advanced" : true,
      "clan" : "Ventrue antitribu"
    },
    "93" : {
      "id" : "93",
      "region" : "0b1ddee1-8a24-431a-b8ba-2cbf081b39c9",
      "cardId" : "200394",
      "name" : "Dylan",
      "locked" : true,
      "type" : "VAMPIRE",
      "capacity" : 6,
      "counters" : 6,
      "notes" : "ANARCH",
      "clan" : "Ventrue antitribu",
      "disciplines" : [ "dom", "for", "cel", "pro", "aus" ]
    },
    "94" : {
      "id" : "94",
      "region" : "68cbc5cd-55a1-4b3d-b4c3-abfb73594511",
      "cardId" : "200394",
      "name" : "Dylan",
      "type" : "VAMPIRE",
      "clan" : "Ventrue antitribu"
    },
    "95" : {
      "id" : "95",
      "region" : "b8999c63-d079-4d60-adea-19f1737ebc5f",
      "cardId" : "200394",
      "name" : "Dylan",
      "type" : "VAMPIRE",
      "clan" : "Ventrue antitribu"
    },
    "96" : {
      "id" : "96",
      "region" : "b8999c63-d079-4d60-adea-19f1737ebc5f",
      "cardId" : "201439",
      "name" : "Victor Gerard",
      "type" : "VAMPIRE",
      "clan" : "Toreador"
    },
    "97" : {
      "id" : "97",
      "region" : "b8999c63-d079-4d60-adea-19f1737ebc5f",
      "cardId" : "201439",
      "name" : "Victor Gerard",
      "type" : "VAMPIRE",
      "clan" : "Toreador"
    },
    "98" : {
      "id" : "98",
      "cards" : [ "170" ],
      "region" : "0b1ddee1-8a24-431a-b8ba-2cbf081b39c9",
      "cardId" : "200798",
      "name" : "Kyoko Shinsegawa",
      "type" : "VAMPIRE",
      "capacity" : 5,
      "counters" : 5,
      "clan" : "Tremere",
      "disciplines" : [ "dom", "for", "cel", "aus" ]
    },
    "99" : {
      "id" : "99",
      "region" : "2be0c07a-5452-476a-906a-856bc4c25ed7",
      "cardId" : "200076",
      "name" : "Anarch Convert",
      "type" : "VAMPIRE",
      "capacity" : 1,
      "counters" : 1,
      "clan" : "Caitiff",
      "disciplines" : [ "" ]
    }
  },
  "currentPlayer" : "acbishop",
  "nextPlayer" : null,
  "edge" : "chriss",
  "orderOfPlayReversed" : false,
  "turn" : "4-3",
  "phase" : "Unlock",
  "notes" : "Ankha, acbishop, chriss: NWS\n\n\n"
}